ISO-10303-21;
HEADER;
FILE_DESCRIPTION(('Open CASCADE Model'),'2;1');
FILE_NAME('Open CASCADE Shape Model','2026-09-24T22:17:58',('Author'),(
    'Open CASCADE'),'Open CASCADE STEP processor 8.0','build123d',
  'Unknown');
FILE_SCHEMA(('AUTOMOTIVE_DESIGN { 1 0 10303 214 1 1 1 1 }'));
ENDSEC;
DATA;
#1 = APPLICATION_PROTOCOL_DEFINITION('international standard',
  'automotive_design',2000,#2);
#2 = APPLICATION_CONTEXT(
  'core data for automotive mechanical design processes');
#3 = SHAPE_DEFINITION_REPRESENTATION(#4,#10);
#4 = PRODUCT_DEFINITION_SHAPE('','',#5);
#5 = PRODUCT_DEFINITION('design','',#6,#9);
#6 = PRODUCT_DEFINITION_FORMATION('','',#7);
#7 = PRODUCT('COMPOUND','COMPOUND','',(#8));
#8 = PRODUCT_CONTEXT('',#2,'mechanical');
#9 = PRODUCT_DEFINITION_CONTEXT('part definition',#2,'design');
#10 = ADVANCED_BREP_SHAPE_REPRESENTATION('',(#11,#15),#2497);
#11 = AXIS2_PLACEMENT_3D('',#12,#13,#14);
#12 = CARTESIAN_POINT('',(0.,0.,0.));
#13 = DIRECTION('',(0.,0.,1.));
#14 = DIRECTION('',(1.,0.,-0.));
#15 = MANIFOLD_SOLID_BREP('',#16);
#16 = CLOSED_SHELL('',(#17,#147,#223,#301,#379,#455,#541,#627,#703,#781,
    #859,#945,#1031,#1107,#1183,#1264,#1313,#1423,#1509,#1587,#1663,
    #1749,#1827,#1903,#1989,#2067,#2143,#2221,#2297,#2378,#2427,#2462));
#17 = ADVANCED_FACE('',(#18),#32,.T.);
#18 = FACE_BOUND('',#19,.T.);
#19 = EDGE_LOOP('',(#20,#55,#88,#116));
#20 = ORIENTED_EDGE('',*,*,#21,.T.);
#21 = EDGE_CURVE('',#22,#24,#26,.T.);
#22 = VERTEX_POINT('',#23);
#23 = CARTESIAN_POINT('',(-4.080003998818,61.830423422017,0.));
#24 = VERTEX_POINT('',#25);
#25 = CARTESIAN_POINT('',(-4.080003998818,61.830423422017,6.));
#26 = SURFACE_CURVE('',#27,(#31,#43),.PCURVE_S1.);
#27 = LINE('',#28,#29);
#28 = CARTESIAN_POINT('',(-4.080003998818,61.830423422017,0.));
#29 = VECTOR('',#30,1.);
#30 = DIRECTION('',(0.,0.,1.));
#31 = PCURVE('',#32,#37);
#32 = CYLINDRICAL_SURFACE('',#33,0.75);
#33 = AXIS2_PLACEMENT_3D('',#34,#35,#36);
#34 = CARTESIAN_POINT('',(-3.649907240546,61.215999481628,0.));
#35 = DIRECTION('',(-0.,0.,-1.));
#36 = DIRECTION('',(-0.819231920519,-0.573462344363,0.));
#37 = DEFINITIONAL_REPRESENTATION('',(#38),#42);
#38 = LINE('',#39,#40);
#39 = CARTESIAN_POINT('',(1.570796326795,0.));
#40 = VECTOR('',#41,1.);
#41 = DIRECTION('',(0.,-1.));
#42 = ( GEOMETRIC_REPRESENTATION_CONTEXT(2) 
PARAMETRIC_REPRESENTATION_CONTEXT() REPRESENTATION_CONTEXT('2D SPACE',''
  ) );
#43 = PCURVE('',#44,#49);
#44 = PLANE('',#45);
#45 = AXIS2_PLACEMENT_3D('',#46,#47,#48);
#46 = CARTESIAN_POINT('',(-4.080003998818,61.830423422017,0.));
#47 = DIRECTION('',(0.573462344363,-0.819231920519,0.));
#48 = DIRECTION('',(-0.819231920519,-0.573462344363,0.));
#49 = DEFINITIONAL_REPRESENTATION('',(#50),#54);
#50 = LINE('',#51,#52);
#51 = CARTESIAN_POINT('',(0.,0.));
#52 = VECTOR('',#53,1.);
#53 = DIRECTION('',(0.,-1.));
#54 = ( GEOMETRIC_REPRESENTATION_CONTEXT(2) 
PARAMETRIC_REPRESENTATION_CONTEXT() REPRESENTATION_CONTEXT('2D SPACE',''
  ) );
#55 = ORIENTED_EDGE('',*,*,#56,.T.);
#56 = EDGE_CURVE('',#24,#57,#59,.T.);
#57 = VERTEX_POINT('',#58);
#58 = CARTESIAN_POINT('',(-4.07990180704,61.830494943601,6.));
#59 = SURFACE_CURVE('',#60,(#65,#72),.PCURVE_S1.);
#60 = CIRCLE('',#61,0.75);
#61 = AXIS2_PLACEMENT_3D('',#62,#63,#64);
#62 = CARTESIAN_POINT('',(-3.649907240546,61.215999481628,6.));
#63 = DIRECTION('',(-0.,0.,-1.));
#64 = DIRECTION('',(-0.819231920519,-0.573462344363,0.));
#65 = PCURVE('',#32,#66);
#66 = DEFINITIONAL_REPRESENTATION('',(#67),#71);
#67 = LINE('',#68,#69);
#68 = CARTESIAN_POINT('',(0.,-6.));
#69 = VECTOR('',#70,1.);
#70 = DIRECTION('',(1.,0.));
#71 = ( GEOMETRIC_REPRESENTATION_CONTEXT(2) 
PARAMETRIC_REPRESENTATION_CONTEXT() REPRESENTATION_CONTEXT('2D SPACE',''
  ) );
#72 = PCURVE('',#73,#78);
#73 = PLANE('',#74);
#74 = AXIS2_PLACEMENT_3D('',#75,#76,#77);
#75 = CARTESIAN_POINT('',(4.526366278827E-02,5.343293638859,6.));
#76 = DIRECTION('',(0.,0.,1.));
#77 = DIRECTION('',(1.,0.,-0.));
#78 = DEFINITIONAL_REPRESENTATION('',(#79),#87);
#79 = ( BOUNDED_CURVE() B_SPLINE_CURVE(2,(#80,#81,#82,#83,#84,#85,#86),
.UNSPECIFIED.,.T.,.F.) B_SPLINE_CURVE_WITH_KNOTS((1,2,2,2,2,1),(
    -2.094395102393,0.,2.094395102393,4.188790204786,6.28318530718,
8.377580409573),.UNSPECIFIED.) CURVE() GEOMETRIC_REPRESENTATION_ITEM() 
RATIONAL_B_SPLINE_CURVE((1.,0.5,1.,0.5,1.,0.5,1.)) REPRESENTATION_ITEM(
  '') );
#80 = CARTESIAN_POINT('',(-4.309594843724,55.442609084497));
#81 = CARTESIAN_POINT('',(-5.054544281222,56.506822566638));
#82 = CARTESIAN_POINT('',(-3.760433651889,56.619860962976));
#83 = CARTESIAN_POINT('',(-2.466323022556,56.732899359314));
#84 = CARTESIAN_POINT('',(-3.01548421439,55.555647480835));
#85 = CARTESIAN_POINT('',(-3.564645406225,54.378395602356));
#86 = CARTESIAN_POINT('',(-4.309594843724,55.442609084497));
#87 = ( GEOMETRIC_REPRESENTATION_CONTEXT(2) 
PARAMETRIC_REPRESENTATION_CONTEXT() REPRESENTATION_CONTEXT('2D SPACE',''
  ) );
#88 = ORIENTED_EDGE('',*,*,#89,.F.);
#89 = EDGE_CURVE('',#90,#57,#92,.T.);
#90 = VERTEX_POINT('',#91);
#91 = CARTESIAN_POINT('',(-4.07990180704,61.830494943601,0.));
#92 = SURFACE_CURVE('',#93,(#97,#104),.PCURVE_S1.);
#93 = LINE('',#94,#95);
#94 = CARTESIAN_POINT('',(-4.07990180704,61.830494943601,0.));
#95 = VECTOR('',#96,1.);
#96 = DIRECTION('',(0.,0.,1.));
#97 = PCURVE('',#32,#98);
#98 = DEFINITIONAL_REPRESENTATION('',(#99),#103);
#99 = LINE('',#100,#101);
#100 = CARTESIAN_POINT('',(1.570962638398,0.));
#101 = VECTOR('',#102,1.);
#102 = DIRECTION('',(0.,-1.));
#103 = ( GEOMETRIC_REPRESENTATION_CONTEXT(2) 
PARAMETRIC_REPRESENTATION_CONTEXT() REPRESENTATION_CONTEXT('2D SPACE',''
  ) );
#104 = PCURVE('',#105,#110);
#105 = CYLINDRICAL_SURFACE('',#106,7.116197723676);
#106 = AXIS2_PLACEMENT_3D('',#107,#108,#109);
#107 = CARTESIAN_POINT('',(0.,56.,0.));
#108 = DIRECTION('',(-0.,0.,-1.));
#109 = DIRECTION('',(1.,0.,0.));
#110 = DEFINITIONAL_REPRESENTATION('',(#111),#115);
#111 = LINE('',#112,#113);
#112 = CARTESIAN_POINT('',(-8.464541286761,0.));
#113 = VECTOR('',#114,1.);
#114 = DIRECTION('',(-0.,-1.));
#115 = ( GEOMETRIC_REPRESENTATION_CONTEXT(2) 
PARAMETRIC_REPRESENTATION_CONTEXT() REPRESENTATION_CONTEXT('2D SPACE',''
  ) );
#116 = ORIENTED_EDGE('',*,*,#117,.F.);
#117 = EDGE_CURVE('',#22,#90,#118,.T.);
#118 = SURFACE_CURVE('',#119,(#124,#131),.PCURVE_S1.);
#119 = CIRCLE('',#120,0.75);
#120 = AXIS2_PLACEMENT_3D('',#121,#122,#123);
#121 = CARTESIAN_POINT('',(-3.649907240546,61.215999481628,0.));
#122 = DIRECTION('',(-0.,0.,-1.));
#123 = DIRECTION('',(-0.819231920519,-0.573462344363,0.));
#124 = PCURVE('',#32,#125);
#125 = DEFINITIONAL_REPRESENTATION('',(#126),#130);
#126 = LINE('',#127,#128);
#127 = CARTESIAN_POINT('',(0.,0.));
#128 = VECTOR('',#129,1.);
#129 = DIRECTION('',(1.,0.));
#130 = ( GEOMETRIC_REPRESENTATION_CONTEXT(2) 
PARAMETRIC_REPRESENTATION_CONTEXT() REPRESENTATION_CONTEXT('2D SPACE',''
  ) );
#131 = PCURVE('',#132,#137);
#132 = PLANE('',#133);
#133 = AXIS2_PLACEMENT_3D('',#134,#135,#136);
#134 = CARTESIAN_POINT('',(4.526366278827E-02,5.343293638859,0.));
#135 = DIRECTION('',(0.,0.,1.));
#136 = DIRECTION('',(1.,0.,-0.));
#137 = DEFINITIONAL_REPRESENTATION('',(#138),#146);
#138 = ( BOUNDED_CURVE() B_SPLINE_CURVE(2,(#139,#140,#141,#142,#143,#144
,#145),.UNSPECIFIED.,.T.,.F.) B_SPLINE_CURVE_WITH_KNOTS((1,2,2,2,2,1),(
    -2.094395102393,0.,2.094395102393,4.188790204786,6.28318530718,
8.377580409573),.UNSPECIFIED.) CURVE() GEOMETRIC_REPRESENTATION_ITEM() 
RATIONAL_B_SPLINE_CURVE((1.,0.5,1.,0.5,1.,0.5,1.)) REPRESENTATION_ITEM(
  '') );
#139 = CARTESIAN_POINT('',(-4.309594843724,55.442609084497));
#140 = CARTESIAN_POINT('',(-5.054544281222,56.506822566638));
#141 = CARTESIAN_POINT('',(-3.760433651889,56.619860962976));
#142 = CARTESIAN_POINT('',(-2.466323022556,56.732899359314));
#143 = CARTESIAN_POINT('',(-3.01548421439,55.555647480835));
#144 = CARTESIAN_POINT('',(-3.564645406225,54.378395602356));
#145 = CARTESIAN_POINT('',(-4.309594843724,55.442609084497));
#146 = ( GEOMETRIC_REPRESENTATION_CONTEXT(2) 
PARAMETRIC_REPRESENTATION_CONTEXT() REPRESENTATION_CONTEXT('2D SPACE',''
  ) );
#147 = ADVANCED_FACE('',(#148),#44,.F.);
#148 = FACE_BOUND('',#149,.F.);
#149 = EDGE_LOOP('',(#150,#151,#174,#202));
#150 = ORIENTED_EDGE('',*,*,#21,.T.);
#151 = ORIENTED_EDGE('',*,*,#152,.T.);
#152 = EDGE_CURVE('',#24,#153,#155,.T.);
#153 = VERTEX_POINT('',#154);
#154 = CARTESIAN_POINT('',(-84.08087137908,5.829816255832,6.));
#155 = SURFACE_CURVE('',#156,(#160,#167),.PCURVE_S1.);
#156 = LINE('',#157,#158);
#157 = CARTESIAN_POINT('',(-4.080003998818,61.830423422017,6.));
#158 = VECTOR('',#159,1.);
#159 = DIRECTION('',(-0.819231920519,-0.573462344363,0.));
#160 = PCURVE('',#44,#161);
#161 = DEFINITIONAL_REPRESENTATION('',(#162),#166);
#162 = LINE('',#163,#164);
#163 = CARTESIAN_POINT('',(-2.182872337604E-15,-6.));
#164 = VECTOR('',#165,1.);
#165 = DIRECTION('',(1.,0.));
#166 = ( GEOMETRIC_REPRESENTATION_CONTEXT(2) 
PARAMETRIC_REPRESENTATION_CONTEXT() REPRESENTATION_CONTEXT('2D SPACE',''
  ) );
#167 = PCURVE('',#73,#168);
#168 = DEFINITIONAL_REPRESENTATION('',(#169),#173);
#169 = LINE('',#170,#171);
#170 = CARTESIAN_POINT('',(-4.125267661607,56.487129783159));
#171 = VECTOR('',#172,1.);
#172 = DIRECTION('',(-0.819231920519,-0.573462344363));
#173 = ( GEOMETRIC_REPRESENTATION_CONTEXT(2) 
PARAMETRIC_REPRESENTATION_CONTEXT() REPRESENTATION_CONTEXT('2D SPACE',''
  ) );
#174 = ORIENTED_EDGE('',*,*,#175,.F.);
#175 = EDGE_CURVE('',#176,#153,#178,.T.);
#176 = VERTEX_POINT('',#177);
#177 = CARTESIAN_POINT('',(-84.08087137908,5.829816255832,0.));
#178 = SURFACE_CURVE('',#179,(#183,#190),.PCURVE_S1.);
#179 = LINE('',#180,#181);
#180 = CARTESIAN_POINT('',(-84.08087137908,5.829816255832,0.));
#181 = VECTOR('',#182,1.);
#182 = DIRECTION('',(0.,0.,1.));
#183 = PCURVE('',#44,#184);
#184 = DEFINITIONAL_REPRESENTATION('',(#185),#189);
#185 = LINE('',#186,#187);
#186 = CARTESIAN_POINT('',(97.653503698413,0.));
#187 = VECTOR('',#188,1.);
#188 = DIRECTION('',(0.,-1.));
#189 = ( GEOMETRIC_REPRESENTATION_CONTEXT(2) 
PARAMETRIC_REPRESENTATION_CONTEXT() REPRESENTATION_CONTEXT('2D SPACE',''
  ) );
#190 = PCURVE('',#191,#196);
#191 = CYLINDRICAL_SURFACE('',#192,7.116197723676);
#192 = AXIS2_PLACEMENT_3D('',#193,#194,#195);
#193 = CARTESIAN_POINT('',(-80.,0.,0.));
#194 = DIRECTION('',(-0.,0.,-1.));
#195 = DIRECTION('',(1.,0.,0.));
#196 = DEFINITIONAL_REPRESENTATION('',(#197),#201);
#197 = LINE('',#198,#199);
#198 = CARTESIAN_POINT('',(-2.181522291184,0.));
#199 = VECTOR('',#200,1.);
#200 = DIRECTION('',(-0.,-1.));
#201 = ( GEOMETRIC_REPRESENTATION_CONTEXT(2) 
PARAMETRIC_REPRESENTATION_CONTEXT() REPRESENTATION_CONTEXT('2D SPACE',''
  ) );
#202 = ORIENTED_EDGE('',*,*,#203,.F.);
#203 = EDGE_CURVE('',#22,#176,#204,.T.);
#204 = SURFACE_CURVE('',#205,(#209,#216),.PCURVE_S1.);
#205 = LINE('',#206,#207);
#206 = CARTESIAN_POINT('',(-4.080003998818,61.830423422017,0.));
#207 = VECTOR('',#208,1.);
#208 = DIRECTION('',(-0.819231920519,-0.573462344363,0.));
#209 = PCURVE('',#44,#210);
#210 = DEFINITIONAL_REPRESENTATION('',(#211),#215);
#211 = LINE('',#212,#213);
#212 = CARTESIAN_POINT('',(-2.182872337604E-15,0.));
#213 = VECTOR('',#214,1.);
#214 = DIRECTION('',(1.,0.));
#215 = ( GEOMETRIC_REPRESENTATION_CONTEXT(2) 
PARAMETRIC_REPRESENTATION_CONTEXT() REPRESENTATION_CONTEXT('2D SPACE',''
  ) );
#216 = PCURVE('',#132,#217);
#217 = DEFINITIONAL_REPRESENTATION('',(#218),#222);
#218 = LINE('',#219,#220);
#219 = CARTESIAN_POINT('',(-4.125267661607,56.487129783159));
#220 = VECTOR('',#221,1.);
#221 = DIRECTION('',(-0.819231920519,-0.573462344363));
#222 = ( GEOMETRIC_REPRESENTATION_CONTEXT(2) 
PARAMETRIC_REPRESENTATION_CONTEXT() REPRESENTATION_CONTEXT('2D SPACE',''
  ) );
#223 = ADVANCED_FACE('',(#224),#105,.T.);
#224 = FACE_BOUND('',#225,.F.);
#225 = EDGE_LOOP('',(#226,#256,#278,#279));
#226 = ORIENTED_EDGE('',*,*,#227,.T.);
#227 = EDGE_CURVE('',#228,#230,#232,.T.);
#228 = VERTEX_POINT('',#229);
#229 = CARTESIAN_POINT('',(4.088616558473,61.824387064767,0.));
#230 = VERTEX_POINT('',#231);
#231 = CARTESIAN_POINT('',(4.088616558473,61.824387064767,6.));
#232 = SURFACE_CURVE('',#233,(#237,#244),.PCURVE_S1.);
#233 = LINE('',#234,#235);
#234 = CARTESIAN_POINT('',(4.088616558473,61.824387064767,0.));
#235 = VECTOR('',#236,1.);
#236 = DIRECTION('',(0.,0.,1.));
#237 = PCURVE('',#105,#238);
#238 = DEFINITIONAL_REPRESENTATION('',(#239),#243);
#239 = LINE('',#240,#241);
#240 = CARTESIAN_POINT('',(-7.241926513486,0.));
#241 = VECTOR('',#242,1.);
#242 = DIRECTION('',(-0.,-1.));
#243 = ( GEOMETRIC_REPRESENTATION_CONTEXT(2) 
PARAMETRIC_REPRESENTATION_CONTEXT() REPRESENTATION_CONTEXT('2D SPACE',''
  ) );
#244 = PCURVE('',#245,#250);
#245 = PLANE('',#246);
#246 = AXIS2_PLACEMENT_3D('',#247,#248,#249);
#247 = CARTESIAN_POINT('',(4.088616558473,61.824387064767,0.));
#248 = DIRECTION('',(0.573462344363,0.819231920519,-0.));
#249 = DIRECTION('',(0.819231920519,-0.573462344363,0.));
#250 = DEFINITIONAL_REPRESENTATION('',(#251),#255);
#251 = LINE('',#252,#253);
#252 = CARTESIAN_POINT('',(0.,0.));
#253 = VECTOR('',#254,1.);
#254 = DIRECTION('',(0.,-1.));
#255 = ( GEOMETRIC_REPRESENTATION_CONTEXT(2) 
PARAMETRIC_REPRESENTATION_CONTEXT() REPRESENTATION_CONTEXT('2D SPACE',''
  ) );
#256 = ORIENTED_EDGE('',*,*,#257,.T.);
#257 = EDGE_CURVE('',#230,#57,#258,.T.);
#258 = SURFACE_CURVE('',#259,(#264,#271),.PCURVE_S1.);
#259 = CIRCLE('',#260,7.116197723676);
#260 = AXIS2_PLACEMENT_3D('',#261,#262,#263);
#261 = CARTESIAN_POINT('',(0.,56.,6.));
#262 = DIRECTION('',(0.,-0.,1.));
#263 = DIRECTION('',(1.,0.,0.));
#264 = PCURVE('',#105,#265);
#265 = DEFINITIONAL_REPRESENTATION('',(#266),#270);
#266 = LINE('',#267,#268);
#267 = CARTESIAN_POINT('',(-0.,-6.));
#268 = VECTOR('',#269,1.);
#269 = DIRECTION('',(-1.,0.));
#270 = ( GEOMETRIC_REPRESENTATION_CONTEXT(2) 
PARAMETRIC_REPRESENTATION_CONTEXT() REPRESENTATION_CONTEXT('2D SPACE',''
  ) );
#271 = PCURVE('',#73,#272);
#272 = DEFINITIONAL_REPRESENTATION('',(#273),#277);
#273 = CIRCLE('',#274,7.116197723676);
#274 = AXIS2_PLACEMENT_2D('',#275,#276);
#275 = CARTESIAN_POINT('',(-4.526366278827E-02,50.656706361141));
#276 = DIRECTION('',(1.,0.));
#277 = ( GEOMETRIC_REPRESENTATION_CONTEXT(2) 
PARAMETRIC_REPRESENTATION_CONTEXT() REPRESENTATION_CONTEXT('2D SPACE',''
  ) );
#278 = ORIENTED_EDGE('',*,*,#89,.F.);
#279 = ORIENTED_EDGE('',*,*,#280,.F.);
#280 = EDGE_CURVE('',#228,#90,#281,.T.);
#281 = SURFACE_CURVE('',#282,(#287,#294),.PCURVE_S1.);
#282 = CIRCLE('',#283,7.116197723676);
#283 = AXIS2_PLACEMENT_3D('',#284,#285,#286);
#284 = CARTESIAN_POINT('',(0.,56.,0.));
#285 = DIRECTION('',(0.,-0.,1.));
#286 = DIRECTION('',(1.,0.,0.));
#287 = PCURVE('',#105,#288);
#288 = DEFINITIONAL_REPRESENTATION('',(#289),#293);
#289 = LINE('',#290,#291);
#290 = CARTESIAN_POINT('',(-0.,0.));
#291 = VECTOR('',#292,1.);
#292 = DIRECTION('',(-1.,0.));
#293 = ( GEOMETRIC_REPRESENTATION_CONTEXT(2) 
PARAMETRIC_REPRESENTATION_CONTEXT() REPRESENTATION_CONTEXT('2D SPACE',''
  ) );
#294 = PCURVE('',#132,#295);
#295 = DEFINITIONAL_REPRESENTATION('',(#296),#300);
#296 = CIRCLE('',#297,7.116197723676);
#297 = AXIS2_PLACEMENT_2D('',#298,#299);
#298 = CARTESIAN_POINT('',(-4.526366278827E-02,50.656706361141));
#299 = DIRECTION('',(1.,0.));
#300 = ( GEOMETRIC_REPRESENTATION_CONTEXT(2) 
PARAMETRIC_REPRESENTATION_CONTEXT() REPRESENTATION_CONTEXT('2D SPACE',''
  ) );
#301 = ADVANCED_FACE('',(#302),#191,.T.);
#302 = FACE_BOUND('',#303,.F.);
#303 = EDGE_LOOP('',(#304,#305,#329,#357));
#304 = ORIENTED_EDGE('',*,*,#175,.T.);
#305 = ORIENTED_EDGE('',*,*,#306,.T.);
#306 = EDGE_CURVE('',#153,#307,#309,.T.);
#307 = VERTEX_POINT('',#308);
#308 = CARTESIAN_POINT('',(-83.13717041301,-6.387365015573,6.));
#309 = SURFACE_CURVE('',#310,(#315,#322),.PCURVE_S1.);
#310 = CIRCLE('',#311,7.116197723676);
#311 = AXIS2_PLACEMENT_3D('',#312,#313,#314);
#312 = CARTESIAN_POINT('',(-80.,0.,6.));
#313 = DIRECTION('',(0.,-0.,1.));
#314 = DIRECTION('',(1.,0.,0.));
#315 = PCURVE('',#191,#316);
#316 = DEFINITIONAL_REPRESENTATION('',(#317),#321);
#317 = LINE('',#318,#319);
#318 = CARTESIAN_POINT('',(-0.,-6.));
#319 = VECTOR('',#320,1.);
#320 = DIRECTION('',(-1.,0.));
#321 = ( GEOMETRIC_REPRESENTATION_CONTEXT(2) 
PARAMETRIC_REPRESENTATION_CONTEXT() REPRESENTATION_CONTEXT('2D SPACE',''
  ) );
#322 = PCURVE('',#73,#323);
#323 = DEFINITIONAL_REPRESENTATION('',(#324),#328);
#324 = CIRCLE('',#325,7.116197723676);
#325 = AXIS2_PLACEMENT_2D('',#326,#327);
#326 = CARTESIAN_POINT('',(-80.04526366278,-5.343293638859));
#327 = DIRECTION('',(1.,0.));
#328 = ( GEOMETRIC_REPRESENTATION_CONTEXT(2) 
PARAMETRIC_REPRESENTATION_CONTEXT() REPRESENTATION_CONTEXT('2D SPACE',''
  ) );
#329 = ORIENTED_EDGE('',*,*,#330,.F.);
#330 = EDGE_CURVE('',#331,#307,#333,.T.);
#331 = VERTEX_POINT('',#332);
#332 = CARTESIAN_POINT('',(-83.13717041301,-6.387365015573,0.));
#333 = SURFACE_CURVE('',#334,(#338,#345),.PCURVE_S1.);
#334 = LINE('',#335,#336);
#335 = CARTESIAN_POINT('',(-83.13717041301,-6.387365015573,0.));
#336 = VECTOR('',#337,1.);
#337 = DIRECTION('',(0.,0.,1.));
#338 = PCURVE('',#191,#339);
#339 = DEFINITIONAL_REPRESENTATION('',(#340),#344);
#340 = LINE('',#341,#342);
#341 = CARTESIAN_POINT('',(-4.255844375148,0.));
#342 = VECTOR('',#343,1.);
#343 = DIRECTION('',(-0.,-1.));
#344 = ( GEOMETRIC_REPRESENTATION_CONTEXT(2) 
PARAMETRIC_REPRESENTATION_CONTEXT() REPRESENTATION_CONTEXT('2D SPACE',''
  ) );
#345 = PCURVE('',#346,#351);
#346 = CYLINDRICAL_SURFACE('',#347,0.75);
#347 = AXIS2_PLACEMENT_3D('',#348,#349,#350);
#348 = CARTESIAN_POINT('',(-82.80653347723,-5.714179144734,0.));
#349 = DIRECTION('',(-0.,0.,-1.));
#350 = DIRECTION('',(0.898171458803,-0.439645346378,-0.));
#351 = DEFINITIONAL_REPRESENTATION('',(#352),#356);
#352 = LINE('',#353,#354);
#353 = CARTESIAN_POINT('',(1.572137158639,0.));
#354 = VECTOR('',#355,1.);
#355 = DIRECTION('',(0.,-1.));
#356 = ( GEOMETRIC_REPRESENTATION_CONTEXT(2) 
PARAMETRIC_REPRESENTATION_CONTEXT() REPRESENTATION_CONTEXT('2D SPACE',''
  ) );
#357 = ORIENTED_EDGE('',*,*,#358,.F.);
#358 = EDGE_CURVE('',#176,#331,#359,.T.);
#359 = SURFACE_CURVE('',#360,(#365,#372),.PCURVE_S1.);
#360 = CIRCLE('',#361,7.116197723676);
#361 = AXIS2_PLACEMENT_3D('',#362,#363,#364);
#362 = CARTESIAN_POINT('',(-80.,0.,0.));
#363 = DIRECTION('',(0.,-0.,1.));
#364 = DIRECTION('',(1.,0.,0.));
#365 = PCURVE('',#191,#366);
#366 = DEFINITIONAL_REPRESENTATION('',(#367),#371);
#367 = LINE('',#368,#369);
#368 = CARTESIAN_POINT('',(-0.,0.));
#369 = VECTOR('',#370,1.);
#370 = DIRECTION('',(-1.,0.));
#371 = ( GEOMETRIC_REPRESENTATION_CONTEXT(2) 
PARAMETRIC_REPRESENTATION_CONTEXT() REPRESENTATION_CONTEXT('2D SPACE',''
  ) );
#372 = PCURVE('',#132,#373);
#373 = DEFINITIONAL_REPRESENTATION('',(#374),#378);
#374 = CIRCLE('',#375,7.116197723676);
#375 = AXIS2_PLACEMENT_2D('',#376,#377);
#376 = CARTESIAN_POINT('',(-80.04526366278,-5.343293638859));
#377 = DIRECTION('',(1.,0.));
#378 = ( GEOMETRIC_REPRESENTATION_CONTEXT(2) 
PARAMETRIC_REPRESENTATION_CONTEXT() REPRESENTATION_CONTEXT('2D SPACE',''
  ) );
#379 = ADVANCED_FACE('',(#380),#245,.T.);
#380 = FACE_BOUND('',#381,.T.);
#381 = EDGE_LOOP('',(#382,#383,#406,#434));
#382 = ORIENTED_EDGE('',*,*,#227,.T.);
#383 = ORIENTED_EDGE('',*,*,#384,.T.);
#384 = EDGE_CURVE('',#230,#385,#387,.T.);
#385 = VERTEX_POINT('',#386);
#386 = CARTESIAN_POINT('',(84.088196859558,5.824680854008,6.));
#387 = SURFACE_CURVE('',#388,(#392,#399),.PCURVE_S1.);
#388 = LINE('',#389,#390);
#389 = CARTESIAN_POINT('',(4.088196859558,61.824680854008,6.));
#390 = VECTOR('',#391,1.);
#391 = DIRECTION('',(0.819231920519,-0.573462344363,-0.));
#392 = PCURVE('',#245,#393);
#393 = DEFINITIONAL_REPRESENTATION('',(#394),#398);
#394 = LINE('',#395,#396);
#395 = CARTESIAN_POINT('',(-5.12307814857E-04,-6.));
#396 = VECTOR('',#397,1.);
#397 = DIRECTION('',(1.,0.));
#398 = ( GEOMETRIC_REPRESENTATION_CONTEXT(2) 
PARAMETRIC_REPRESENTATION_CONTEXT() REPRESENTATION_CONTEXT('2D SPACE',''
  ) );
#399 = PCURVE('',#73,#400);
#400 = DEFINITIONAL_REPRESENTATION('',(#401),#405);
#401 = LINE('',#402,#403);
#402 = CARTESIAN_POINT('',(4.04293319677,56.481387215149));
#403 = VECTOR('',#404,1.);
#404 = DIRECTION('',(0.819231920519,-0.573462344363));
#405 = ( GEOMETRIC_REPRESENTATION_CONTEXT(2) 
PARAMETRIC_REPRESENTATION_CONTEXT() REPRESENTATION_CONTEXT('2D SPACE',''
  ) );
#406 = ORIENTED_EDGE('',*,*,#407,.F.);
#407 = EDGE_CURVE('',#408,#385,#410,.T.);
#408 = VERTEX_POINT('',#409);
#409 = CARTESIAN_POINT('',(84.088196859558,5.824680854008,0.));
#410 = SURFACE_CURVE('',#411,(#415,#422),.PCURVE_S1.);
#411 = LINE('',#412,#413);
#412 = CARTESIAN_POINT('',(84.088196859558,5.824680854008,0.));
#413 = VECTOR('',#414,1.);
#414 = DIRECTION('',(0.,0.,1.));
#415 = PCURVE('',#245,#416);
#416 = DEFINITIONAL_REPRESENTATION('',(#417),#421);
#417 = LINE('',#418,#419);
#418 = CARTESIAN_POINT('',(97.651932618055,0.));
#419 = VECTOR('',#420,1.);
#420 = DIRECTION('',(0.,-1.));
#421 = ( GEOMETRIC_REPRESENTATION_CONTEXT(2) 
PARAMETRIC_REPRESENTATION_CONTEXT() REPRESENTATION_CONTEXT('2D SPACE',''
  ) );
#422 = PCURVE('',#423,#428);
#423 = CYLINDRICAL_SURFACE('',#424,0.75);
#424 = AXIS2_PLACEMENT_3D('',#425,#426,#427);
#425 = CARTESIAN_POINT('',(83.658100101286,5.210256913618,0.));
#426 = DIRECTION('',(0.,0.,-1.));
#427 = DIRECTION('',(-0.819231920519,0.573462344363,0.));
#428 = DEFINITIONAL_REPRESENTATION('',(#429),#433);
#429 = LINE('',#430,#431);
#430 = CARTESIAN_POINT('',(1.570796326795,0.));
#431 = VECTOR('',#432,1.);
#432 = DIRECTION('',(0.,-1.));
#433 = ( GEOMETRIC_REPRESENTATION_CONTEXT(2) 
PARAMETRIC_REPRESENTATION_CONTEXT() REPRESENTATION_CONTEXT('2D SPACE',''
  ) );
#434 = ORIENTED_EDGE('',*,*,#435,.F.);
#435 = EDGE_CURVE('',#228,#408,#436,.T.);
#436 = SURFACE_CURVE('',#437,(#441,#448),.PCURVE_S1.);
#437 = LINE('',#438,#439);
#438 = CARTESIAN_POINT('',(4.088196859558,61.824680854008,0.));
#439 = VECTOR('',#440,1.);
#440 = DIRECTION('',(0.819231920519,-0.573462344363,-0.));
#441 = PCURVE('',#245,#442);
#442 = DEFINITIONAL_REPRESENTATION('',(#443),#447);
#443 = LINE('',#444,#445);
#444 = CARTESIAN_POINT('',(-5.12307814857E-04,-0.));
#445 = VECTOR('',#446,1.);
#446 = DIRECTION('',(1.,0.));
#447 = ( GEOMETRIC_REPRESENTATION_CONTEXT(2) 
PARAMETRIC_REPRESENTATION_CONTEXT() REPRESENTATION_CONTEXT('2D SPACE',''
  ) );
#448 = PCURVE('',#132,#449);
#449 = DEFINITIONAL_REPRESENTATION('',(#450),#454);
#450 = LINE('',#451,#452);
#451 = CARTESIAN_POINT('',(4.04293319677,56.481387215149));
#452 = VECTOR('',#453,1.);
#453 = DIRECTION('',(0.819231920519,-0.573462344363));
#454 = ( GEOMETRIC_REPRESENTATION_CONTEXT(2) 
PARAMETRIC_REPRESENTATION_CONTEXT() REPRESENTATION_CONTEXT('2D SPACE',''
  ) );
#455 = ADVANCED_FACE('',(#456),#346,.T.);
#456 = FACE_BOUND('',#457,.T.);
#457 = EDGE_LOOP('',(#458,#488,#514,#515));
#458 = ORIENTED_EDGE('',*,*,#459,.T.);
#459 = EDGE_CURVE('',#460,#462,#464,.T.);
#460 = VERTEX_POINT('',#461);
#461 = CARTESIAN_POINT('',(-83.13626748701,-6.387807738836,0.));
#462 = VERTEX_POINT('',#463);
#463 = CARTESIAN_POINT('',(-83.13626748701,-6.387807738836,6.));
#464 = SURFACE_CURVE('',#465,(#469,#476),.PCURVE_S1.);
#465 = LINE('',#466,#467);
#466 = CARTESIAN_POINT('',(-83.13626748701,-6.387807738836,0.));
#467 = VECTOR('',#468,1.);
#468 = DIRECTION('',(0.,0.,1.));
#469 = PCURVE('',#346,#470);
#470 = DEFINITIONAL_REPRESENTATION('',(#471),#475);
#471 = LINE('',#472,#473);
#472 = CARTESIAN_POINT('',(1.570796326795,0.));
#473 = VECTOR('',#474,1.);
#474 = DIRECTION('',(0.,-1.));
#475 = ( GEOMETRIC_REPRESENTATION_CONTEXT(2) 
PARAMETRIC_REPRESENTATION_CONTEXT() REPRESENTATION_CONTEXT('2D SPACE',''
  ) );
#476 = PCURVE('',#477,#482);
#477 = PLANE('',#478);
#478 = AXIS2_PLACEMENT_3D('',#479,#480,#481);
#479 = CARTESIAN_POINT('',(-5.179519899787,-44.54680395227,0.));
#480 = DIRECTION('',(-0.439645346378,-0.898171458803,0.));
#481 = DIRECTION('',(-0.898171458803,0.439645346378,0.));
#482 = DEFINITIONAL_REPRESENTATION('',(#483),#487);
#483 = LINE('',#484,#485);
#484 = CARTESIAN_POINT('',(86.794950811647,0.));
#485 = VECTOR('',#486,1.);
#486 = DIRECTION('',(0.,-1.));
#487 = ( GEOMETRIC_REPRESENTATION_CONTEXT(2) 
PARAMETRIC_REPRESENTATION_CONTEXT() REPRESENTATION_CONTEXT('2D SPACE',''
  ) );
#488 = ORIENTED_EDGE('',*,*,#489,.T.);
#489 = EDGE_CURVE('',#462,#307,#490,.T.);
#490 = SURFACE_CURVE('',#491,(#496,#503),.PCURVE_S1.);
#491 = CIRCLE('',#492,0.75);
#492 = AXIS2_PLACEMENT_3D('',#493,#494,#495);
#493 = CARTESIAN_POINT('',(-82.80653347723,-5.714179144734,6.));
#494 = DIRECTION('',(-0.,0.,-1.));
#495 = DIRECTION('',(0.898171458803,-0.439645346378,-0.));
#496 = PCURVE('',#346,#497);
#497 = DEFINITIONAL_REPRESENTATION('',(#498),#502);
#498 = LINE('',#499,#500);
#499 = CARTESIAN_POINT('',(0.,-6.));
#500 = VECTOR('',#501,1.);
#501 = DIRECTION('',(1.,0.));
#502 = ( GEOMETRIC_REPRESENTATION_CONTEXT(2) 
PARAMETRIC_REPRESENTATION_CONTEXT() REPRESENTATION_CONTEXT('2D SPACE',''
  ) );
#503 = PCURVE('',#73,#504);
#504 = DEFINITIONAL_REPRESENTATION('',(#505),#513);
#505 = ( BOUNDED_CURVE() B_SPLINE_CURVE(2,(#506,#507,#508,#509,#510,#511
,#512),.UNSPECIFIED.,.T.,.F.) B_SPLINE_CURVE_WITH_KNOTS((1,2,2,2,2,1),(
    -2.094395102393,0.,2.094395102393,4.188790204786,6.28318530718,
8.377580409573),.UNSPECIFIED.) CURVE() GEOMETRIC_REPRESENTATION_ITEM() 
RATIONAL_B_SPLINE_CURVE((1.,0.5,1.,0.5,1.,0.5,1.)) REPRESENTATION_ITEM(
  '') );
#506 = CARTESIAN_POINT('',(-82.17816854591,-11.38720679337));
#507 = CARTESIAN_POINT('',(-82.74928460384,-12.55396574379));
#508 = CARTESIAN_POINT('',(-83.47416946603,-11.4759852539));
#509 = CARTESIAN_POINT('',(-84.19905432822,-10.39800476402));
#510 = CARTESIAN_POINT('',(-82.9030534081,-10.30922630349));
#511 = CARTESIAN_POINT('',(-81.60705248799,-10.22044784296));
#512 = CARTESIAN_POINT('',(-82.17816854591,-11.38720679337));
#513 = ( GEOMETRIC_REPRESENTATION_CONTEXT(2) 
PARAMETRIC_REPRESENTATION_CONTEXT() REPRESENTATION_CONTEXT('2D SPACE',''
  ) );
#514 = ORIENTED_EDGE('',*,*,#330,.F.);
#515 = ORIENTED_EDGE('',*,*,#516,.F.);
#516 = EDGE_CURVE('',#460,#331,#517,.T.);
#517 = SURFACE_CURVE('',#518,(#523,#530),.PCURVE_S1.);
#518 = CIRCLE('',#519,0.75);
#519 = AXIS2_PLACEMENT_3D('',#520,#521,#522);
#520 = CARTESIAN_POINT('',(-82.80653347723,-5.714179144734,0.));
#521 = DIRECTION('',(-0.,0.,-1.));
#522 = DIRECTION('',(0.898171458803,-0.439645346378,-0.));
#523 = PCURVE('',#346,#524);
#524 = DEFINITIONAL_REPRESENTATION('',(#525),#529);
#525 = LINE('',#526,#527);
#526 = CARTESIAN_POINT('',(0.,0.));
#527 = VECTOR('',#528,1.);
#528 = DIRECTION('',(1.,0.));
#529 = ( GEOMETRIC_REPRESENTATION_CONTEXT(2) 
PARAMETRIC_REPRESENTATION_CONTEXT() REPRESENTATION_CONTEXT('2D SPACE',''
  ) );
#530 = PCURVE('',#132,#531);
#531 = DEFINITIONAL_REPRESENTATION('',(#532),#540);
#532 = ( BOUNDED_CURVE() B_SPLINE_CURVE(2,(#533,#534,#535,#536,#537,#538
,#539),.UNSPECIFIED.,.T.,.F.) B_SPLINE_CURVE_WITH_KNOTS((1,2,2,2,2,1),(
    -2.094395102393,0.,2.094395102393,4.188790204786,6.28318530718,
8.377580409573),.UNSPECIFIED.) CURVE() GEOMETRIC_REPRESENTATION_ITEM() 
RATIONAL_B_SPLINE_CURVE((1.,0.5,1.,0.5,1.,0.5,1.)) REPRESENTATION_ITEM(
  '') );
#533 = CARTESIAN_POINT('',(-82.17816854591,-11.38720679337));
#534 = CARTESIAN_POINT('',(-82.74928460384,-12.55396574379));
#535 = CARTESIAN_POINT('',(-83.47416946603,-11.4759852539));
#536 = CARTESIAN_POINT('',(-84.19905432822,-10.39800476402));
#537 = CARTESIAN_POINT('',(-82.9030534081,-10.30922630349));
#538 = CARTESIAN_POINT('',(-81.60705248799,-10.22044784296));
#539 = CARTESIAN_POINT('',(-82.17816854591,-11.38720679337));
#540 = ( GEOMETRIC_REPRESENTATION_CONTEXT(2) 
PARAMETRIC_REPRESENTATION_CONTEXT() REPRESENTATION_CONTEXT('2D SPACE',''
  ) );
#541 = ADVANCED_FACE('',(#542),#423,.T.);
#542 = FACE_BOUND('',#543,.T.);
#543 = EDGE_LOOP('',(#544,#545,#573,#601));
#544 = ORIENTED_EDGE('',*,*,#407,.T.);
#545 = ORIENTED_EDGE('',*,*,#546,.T.);
#546 = EDGE_CURVE('',#385,#547,#549,.T.);
#547 = VERTEX_POINT('',#548);
#548 = CARTESIAN_POINT('',(84.089059866447,5.824075845236,6.));
#549 = SURFACE_CURVE('',#550,(#555,#562),.PCURVE_S1.);
#550 = CIRCLE('',#551,0.75);
#551 = AXIS2_PLACEMENT_3D('',#552,#553,#554);
#552 = CARTESIAN_POINT('',(83.658100101286,5.210256913618,6.));
#553 = DIRECTION('',(0.,0.,-1.));
#554 = DIRECTION('',(-0.819231920519,0.573462344363,0.));
#555 = PCURVE('',#423,#556);
#556 = DEFINITIONAL_REPRESENTATION('',(#557),#561);
#557 = LINE('',#558,#559);
#558 = CARTESIAN_POINT('',(0.,-6.));
#559 = VECTOR('',#560,1.);
#560 = DIRECTION('',(1.,0.));
#561 = ( GEOMETRIC_REPRESENTATION_CONTEXT(2) 
PARAMETRIC_REPRESENTATION_CONTEXT() REPRESENTATION_CONTEXT('2D SPACE',''
  ) );
#562 = PCURVE('',#73,#563);
#563 = DEFINITIONAL_REPRESENTATION('',(#564),#572);
#564 = ( BOUNDED_CURVE() B_SPLINE_CURVE(2,(#565,#566,#567,#568,#569,#570
,#571),.UNSPECIFIED.,.T.,.F.) B_SPLINE_CURVE_WITH_KNOTS((1,2,2,2,2,1),(
    -2.094395102393,0.,2.094395102393,4.188790204786,6.28318530718,
8.377580409573),.UNSPECIFIED.) CURVE() GEOMETRIC_REPRESENTATION_ITEM() 
RATIONAL_B_SPLINE_CURVE((1.,0.5,1.,0.5,1.,0.5,1.)) REPRESENTATION_ITEM(
  '') );
#565 = CARTESIAN_POINT('',(82.998412498108,0.297060033032));
#566 = CARTESIAN_POINT('',(83.743361935607,1.361273515173));
#567 = CARTESIAN_POINT('',(84.292523127441,0.184021636694));
#568 = CARTESIAN_POINT('',(84.841684319276,-0.993230241785));
#569 = CARTESIAN_POINT('',(83.547573689943,-0.880191845447));
#570 = CARTESIAN_POINT('',(82.25346306061,-0.767153449109));
#571 = CARTESIAN_POINT('',(82.998412498108,0.297060033032));
#572 = ( GEOMETRIC_REPRESENTATION_CONTEXT(2) 
PARAMETRIC_REPRESENTATION_CONTEXT() REPRESENTATION_CONTEXT('2D SPACE',''
  ) );
#573 = ORIENTED_EDGE('',*,*,#574,.F.);
#574 = EDGE_CURVE('',#575,#547,#577,.T.);
#575 = VERTEX_POINT('',#576);
#576 = CARTESIAN_POINT('',(84.089059866447,5.824075845236,0.));
#577 = SURFACE_CURVE('',#578,(#582,#589),.PCURVE_S1.);
#578 = LINE('',#579,#580);
#579 = CARTESIAN_POINT('',(84.089059866447,5.824075845236,0.));
#580 = VECTOR('',#581,1.);
#581 = DIRECTION('',(0.,0.,1.));
#582 = PCURVE('',#423,#583);
#583 = DEFINITIONAL_REPRESENTATION('',(#584),#588);
#584 = LINE('',#585,#586);
#585 = CARTESIAN_POINT('',(1.57220159731,0.));
#586 = VECTOR('',#587,1.);
#587 = DIRECTION('',(0.,-1.));
#588 = ( GEOMETRIC_REPRESENTATION_CONTEXT(2) 
PARAMETRIC_REPRESENTATION_CONTEXT() REPRESENTATION_CONTEXT('2D SPACE',''
  ) );
#589 = PCURVE('',#590,#595);
#590 = CYLINDRICAL_SURFACE('',#591,7.116197723676);
#591 = AXIS2_PLACEMENT_3D('',#592,#593,#594);
#592 = CARTESIAN_POINT('',(80.,0.,0.));
#593 = DIRECTION('',(-0.,0.,-1.));
#594 = DIRECTION('',(1.,0.,0.));
#595 = DEFINITIONAL_REPRESENTATION('',(#596),#600);
#596 = LINE('',#597,#598);
#597 = CARTESIAN_POINT('',(-7.24185039907,0.));
#598 = VECTOR('',#599,1.);
#599 = DIRECTION('',(-0.,-1.));
#600 = ( GEOMETRIC_REPRESENTATION_CONTEXT(2) 
PARAMETRIC_REPRESENTATION_CONTEXT() REPRESENTATION_CONTEXT('2D SPACE',''
  ) );
#601 = ORIENTED_EDGE('',*,*,#602,.F.);
#602 = EDGE_CURVE('',#408,#575,#603,.T.);
#603 = SURFACE_CURVE('',#604,(#609,#616),.PCURVE_S1.);
#604 = CIRCLE('',#605,0.75);
#605 = AXIS2_PLACEMENT_3D('',#606,#607,#608);
#606 = CARTESIAN_POINT('',(83.658100101286,5.210256913618,0.));
#607 = DIRECTION('',(0.,0.,-1.));
#608 = DIRECTION('',(-0.819231920519,0.573462344363,0.));
#609 = PCURVE('',#423,#610);
#610 = DEFINITIONAL_REPRESENTATION('',(#611),#615);
#611 = LINE('',#612,#613);
#612 = CARTESIAN_POINT('',(0.,0.));
#613 = VECTOR('',#614,1.);
#614 = DIRECTION('',(1.,0.));
#615 = ( GEOMETRIC_REPRESENTATION_CONTEXT(2) 
PARAMETRIC_REPRESENTATION_CONTEXT() REPRESENTATION_CONTEXT('2D SPACE',''
  ) );
#616 = PCURVE('',#132,#617);
#617 = DEFINITIONAL_REPRESENTATION('',(#618),#626);
#618 = ( BOUNDED_CURVE() B_SPLINE_CURVE(2,(#619,#620,#621,#622,#623,#624
,#625),.UNSPECIFIED.,.T.,.F.) B_SPLINE_CURVE_WITH_KNOTS((1,2,2,2,2,1),(
    -2.094395102393,0.,2.094395102393,4.188790204786,6.28318530718,
8.377580409573),.UNSPECIFIED.) CURVE() GEOMETRIC_REPRESENTATION_ITEM() 
RATIONAL_B_SPLINE_CURVE((1.,0.5,1.,0.5,1.,0.5,1.)) REPRESENTATION_ITEM(
  '') );
#619 = CARTESIAN_POINT('',(82.998412498108,0.297060033032));
#620 = CARTESIAN_POINT('',(83.743361935607,1.361273515173));
#621 = CARTESIAN_POINT('',(84.292523127441,0.184021636694));
#622 = CARTESIAN_POINT('',(84.841684319276,-0.993230241785));
#623 = CARTESIAN_POINT('',(83.547573689943,-0.880191845447));
#624 = CARTESIAN_POINT('',(82.25346306061,-0.767153449109));
#625 = CARTESIAN_POINT('',(82.998412498108,0.297060033032));
#626 = ( GEOMETRIC_REPRESENTATION_CONTEXT(2) 
PARAMETRIC_REPRESENTATION_CONTEXT() REPRESENTATION_CONTEXT('2D SPACE',''
  ) );
#627 = ADVANCED_FACE('',(#628),#477,.T.);
#628 = FACE_BOUND('',#629,.T.);
#629 = EDGE_LOOP('',(#630,#660,#681,#682));
#630 = ORIENTED_EDGE('',*,*,#631,.T.);
#631 = EDGE_CURVE('',#632,#634,#636,.T.);
#632 = VERTEX_POINT('',#633);
#633 = CARTESIAN_POINT('',(-5.179519899787,-44.54680395227,0.));
#634 = VERTEX_POINT('',#635);
#635 = CARTESIAN_POINT('',(-5.179519899787,-44.54680395227,6.));
#636 = SURFACE_CURVE('',#637,(#641,#648),.PCURVE_S1.);
#637 = LINE('',#638,#639);
#638 = CARTESIAN_POINT('',(-5.179519899787,-44.54680395227,0.));
#639 = VECTOR('',#640,1.);
#640 = DIRECTION('',(0.,0.,1.));
#641 = PCURVE('',#477,#642);
#642 = DEFINITIONAL_REPRESENTATION('',(#643),#647);
#643 = LINE('',#644,#645);
#644 = CARTESIAN_POINT('',(0.,0.));
#645 = VECTOR('',#646,1.);
#646 = DIRECTION('',(0.,-1.));
#647 = ( GEOMETRIC_REPRESENTATION_CONTEXT(2) 
PARAMETRIC_REPRESENTATION_CONTEXT() REPRESENTATION_CONTEXT('2D SPACE',''
  ) );
#648 = PCURVE('',#649,#654);
#649 = CYLINDRICAL_SURFACE('',#650,11.75);
#650 = AXIS2_PLACEMENT_3D('',#651,#652,#653);
#651 = CARTESIAN_POINT('',(0.,-34.,0.));
#652 = DIRECTION('',(-0.,0.,-1.));
#653 = DIRECTION('',(1.,0.,0.));
#654 = DEFINITIONAL_REPRESENTATION('',(#655),#659);
#655 = LINE('',#656,#657);
#656 = CARTESIAN_POINT('',(-4.255887873223,0.));
#657 = VECTOR('',#658,1.);
#658 = DIRECTION('',(-0.,-1.));
#659 = ( GEOMETRIC_REPRESENTATION_CONTEXT(2) 
PARAMETRIC_REPRESENTATION_CONTEXT() REPRESENTATION_CONTEXT('2D SPACE',''
  ) );
#660 = ORIENTED_EDGE('',*,*,#661,.T.);
#661 = EDGE_CURVE('',#634,#462,#662,.T.);
#662 = SURFACE_CURVE('',#663,(#667,#674),.PCURVE_S1.);
#663 = LINE('',#664,#665);
#664 = CARTESIAN_POINT('',(-5.179075734554,-44.54702136641,6.));
#665 = VECTOR('',#666,1.);
#666 = DIRECTION('',(-0.898171458803,0.439645346378,0.));
#667 = PCURVE('',#477,#668);
#668 = DEFINITIONAL_REPRESENTATION('',(#669),#673);
#669 = LINE('',#670,#671);
#670 = CARTESIAN_POINT('',(-4.945216512967E-04,-6.));
#671 = VECTOR('',#672,1.);
#672 = DIRECTION('',(1.,0.));
#673 = ( GEOMETRIC_REPRESENTATION_CONTEXT(2) 
PARAMETRIC_REPRESENTATION_CONTEXT() REPRESENTATION_CONTEXT('2D SPACE',''
  ) );
#674 = PCURVE('',#73,#675);
#675 = DEFINITIONAL_REPRESENTATION('',(#676),#680);
#676 = LINE('',#677,#678);
#677 = CARTESIAN_POINT('',(-5.224339397342,-49.89031500527));
#678 = VECTOR('',#679,1.);
#679 = DIRECTION('',(-0.898171458803,0.439645346378));
#680 = ( GEOMETRIC_REPRESENTATION_CONTEXT(2) 
PARAMETRIC_REPRESENTATION_CONTEXT() REPRESENTATION_CONTEXT('2D SPACE',''
  ) );
#681 = ORIENTED_EDGE('',*,*,#459,.F.);
#682 = ORIENTED_EDGE('',*,*,#683,.F.);
#683 = EDGE_CURVE('',#632,#460,#684,.T.);
#684 = SURFACE_CURVE('',#685,(#689,#696),.PCURVE_S1.);
#685 = LINE('',#686,#687);
#686 = CARTESIAN_POINT('',(-5.179075734554,-44.54702136641,0.));
#687 = VECTOR('',#688,1.);
#688 = DIRECTION('',(-0.898171458803,0.439645346378,0.));
#689 = PCURVE('',#477,#690);
#690 = DEFINITIONAL_REPRESENTATION('',(#691),#695);
#691 = LINE('',#692,#693);
#692 = CARTESIAN_POINT('',(-4.945216512967E-04,-0.));
#693 = VECTOR('',#694,1.);
#694 = DIRECTION('',(1.,0.));
#695 = ( GEOMETRIC_REPRESENTATION_CONTEXT(2) 
PARAMETRIC_REPRESENTATION_CONTEXT() REPRESENTATION_CONTEXT('2D SPACE',''
  ) );
#696 = PCURVE('',#132,#697);
#697 = DEFINITIONAL_REPRESENTATION('',(#698),#702);
#698 = LINE('',#699,#700);
#699 = CARTESIAN_POINT('',(-5.224339397342,-49.89031500527));
#700 = VECTOR('',#701,1.);
#701 = DIRECTION('',(-0.898171458803,0.439645346378));
#702 = ( GEOMETRIC_REPRESENTATION_CONTEXT(2) 
PARAMETRIC_REPRESENTATION_CONTEXT() REPRESENTATION_CONTEXT('2D SPACE',''
  ) );
#703 = ADVANCED_FACE('',(#704),#590,.T.);
#704 = FACE_BOUND('',#705,.F.);
#705 = EDGE_LOOP('',(#706,#736,#758,#759));
#706 = ORIENTED_EDGE('',*,*,#707,.T.);
#707 = EDGE_CURVE('',#708,#710,#712,.T.);
#708 = VERTEX_POINT('',#709);
#709 = CARTESIAN_POINT('',(87.116197723676,4.592425496803E-17,0.));
#710 = VERTEX_POINT('',#711);
#711 = CARTESIAN_POINT('',(87.116197723676,4.592425496803E-17,6.));
#712 = SURFACE_CURVE('',#713,(#717,#724),.PCURVE_S1.);
#713 = LINE('',#714,#715);
#714 = CARTESIAN_POINT('',(87.116197723676,4.592425496803E-17,0.));
#715 = VECTOR('',#716,1.);
#716 = DIRECTION('',(0.,0.,1.));
#717 = PCURVE('',#590,#718);
#718 = DEFINITIONAL_REPRESENTATION('',(#719),#723);
#719 = LINE('',#720,#721);
#720 = CARTESIAN_POINT('',(-6.28318530718,0.));
#721 = VECTOR('',#722,1.);
#722 = DIRECTION('',(-0.,-1.));
#723 = ( GEOMETRIC_REPRESENTATION_CONTEXT(2) 
PARAMETRIC_REPRESENTATION_CONTEXT() REPRESENTATION_CONTEXT('2D SPACE',''
  ) );
#724 = PCURVE('',#725,#730);
#725 = CYLINDRICAL_SURFACE('',#726,0.75);
#726 = AXIS2_PLACEMENT_3D('',#727,#728,#729);
#727 = CARTESIAN_POINT('',(86.366197723676,0.,0.));
#728 = DIRECTION('',(0.,0.,-1.));
#729 = DIRECTION('',(0.,1.,0.));
#730 = DEFINITIONAL_REPRESENTATION('',(#731),#735);
#731 = LINE('',#732,#733);
#732 = CARTESIAN_POINT('',(1.570796326795,0.));
#733 = VECTOR('',#734,1.);
#734 = DIRECTION('',(0.,-1.));
#735 = ( GEOMETRIC_REPRESENTATION_CONTEXT(2) 
PARAMETRIC_REPRESENTATION_CONTEXT() REPRESENTATION_CONTEXT('2D SPACE',''
  ) );
#736 = ORIENTED_EDGE('',*,*,#737,.T.);
#737 = EDGE_CURVE('',#710,#547,#738,.T.);
#738 = SURFACE_CURVE('',#739,(#744,#751),.PCURVE_S1.);
#739 = CIRCLE('',#740,7.116197723676);
#740 = AXIS2_PLACEMENT_3D('',#741,#742,#743);
#741 = CARTESIAN_POINT('',(80.,0.,6.));
#742 = DIRECTION('',(0.,-0.,1.));
#743 = DIRECTION('',(1.,0.,0.));
#744 = PCURVE('',#590,#745);
#745 = DEFINITIONAL_REPRESENTATION('',(#746),#750);
#746 = LINE('',#747,#748);
#747 = CARTESIAN_POINT('',(-0.,-6.));
#748 = VECTOR('',#749,1.);
#749 = DIRECTION('',(-1.,0.));
#750 = ( GEOMETRIC_REPRESENTATION_CONTEXT(2) 
PARAMETRIC_REPRESENTATION_CONTEXT() REPRESENTATION_CONTEXT('2D SPACE',''
  ) );
#751 = PCURVE('',#73,#752);
#752 = DEFINITIONAL_REPRESENTATION('',(#753),#757);
#753 = CIRCLE('',#754,7.116197723676);
#754 = AXIS2_PLACEMENT_2D('',#755,#756);
#755 = CARTESIAN_POINT('',(79.954736337212,-5.343293638859));
#756 = DIRECTION('',(1.,0.));
#757 = ( GEOMETRIC_REPRESENTATION_CONTEXT(2) 
PARAMETRIC_REPRESENTATION_CONTEXT() REPRESENTATION_CONTEXT('2D SPACE',''
  ) );
#758 = ORIENTED_EDGE('',*,*,#574,.F.);
#759 = ORIENTED_EDGE('',*,*,#760,.F.);
#760 = EDGE_CURVE('',#708,#575,#761,.T.);
#761 = SURFACE_CURVE('',#762,(#767,#774),.PCURVE_S1.);
#762 = CIRCLE('',#763,7.116197723676);
#763 = AXIS2_PLACEMENT_3D('',#764,#765,#766);
#764 = CARTESIAN_POINT('',(80.,0.,0.));
#765 = DIRECTION('',(0.,-0.,1.));
#766 = DIRECTION('',(1.,0.,0.));
#767 = PCURVE('',#590,#768);
#768 = DEFINITIONAL_REPRESENTATION('',(#769),#773);
#769 = LINE('',#770,#771);
#770 = CARTESIAN_POINT('',(-0.,0.));
#771 = VECTOR('',#772,1.);
#772 = DIRECTION('',(-1.,0.));
#773 = ( GEOMETRIC_REPRESENTATION_CONTEXT(2) 
PARAMETRIC_REPRESENTATION_CONTEXT() REPRESENTATION_CONTEXT('2D SPACE',''
  ) );
#774 = PCURVE('',#132,#775);
#775 = DEFINITIONAL_REPRESENTATION('',(#776),#780);
#776 = CIRCLE('',#777,7.116197723676);
#777 = AXIS2_PLACEMENT_2D('',#778,#779);
#778 = CARTESIAN_POINT('',(79.954736337212,-5.343293638859));
#779 = DIRECTION('',(1.,0.));
#780 = ( GEOMETRIC_REPRESENTATION_CONTEXT(2) 
PARAMETRIC_REPRESENTATION_CONTEXT() REPRESENTATION_CONTEXT('2D SPACE',''
  ) );
#781 = ADVANCED_FACE('',(#782),#649,.T.);
#782 = FACE_BOUND('',#783,.F.);
#783 = EDGE_LOOP('',(#784,#785,#809,#837));
#784 = ORIENTED_EDGE('',*,*,#631,.T.);
#785 = ORIENTED_EDGE('',*,*,#786,.T.);
#786 = EDGE_CURVE('',#634,#787,#789,.T.);
#787 = VERTEX_POINT('',#788);
#788 = CARTESIAN_POINT('',(5.163397456036,-44.55470637729,6.));
#789 = SURFACE_CURVE('',#790,(#795,#802),.PCURVE_S1.);
#790 = CIRCLE('',#791,11.75);
#791 = AXIS2_PLACEMENT_3D('',#792,#793,#794);
#792 = CARTESIAN_POINT('',(0.,-34.,6.));
#793 = DIRECTION('',(0.,-0.,1.));
#794 = DIRECTION('',(1.,0.,0.));
#795 = PCURVE('',#649,#796);
#796 = DEFINITIONAL_REPRESENTATION('',(#797),#801);
#797 = LINE('',#798,#799);
#798 = CARTESIAN_POINT('',(-0.,-6.));
#799 = VECTOR('',#800,1.);
#800 = DIRECTION('',(-1.,0.));
#801 = ( GEOMETRIC_REPRESENTATION_CONTEXT(2) 
PARAMETRIC_REPRESENTATION_CONTEXT() REPRESENTATION_CONTEXT('2D SPACE',''
  ) );
#802 = PCURVE('',#73,#803);
#803 = DEFINITIONAL_REPRESENTATION('',(#804),#808);
#804 = CIRCLE('',#805,11.75);
#805 = AXIS2_PLACEMENT_2D('',#806,#807);
#806 = CARTESIAN_POINT('',(-4.526366278827E-02,-39.34329363885));
#807 = DIRECTION('',(1.,0.));
#808 = ( GEOMETRIC_REPRESENTATION_CONTEXT(2) 
PARAMETRIC_REPRESENTATION_CONTEXT() REPRESENTATION_CONTEXT('2D SPACE',''
  ) );
#809 = ORIENTED_EDGE('',*,*,#810,.F.);
#810 = EDGE_CURVE('',#811,#787,#813,.T.);
#811 = VERTEX_POINT('',#812);
#812 = CARTESIAN_POINT('',(5.163397456036,-44.55470637729,0.));
#813 = SURFACE_CURVE('',#814,(#818,#825),.PCURVE_S1.);
#814 = LINE('',#815,#816);
#815 = CARTESIAN_POINT('',(5.163397456036,-44.55470637729,0.));
#816 = VECTOR('',#817,1.);
#817 = DIRECTION('',(0.,0.,1.));
#818 = PCURVE('',#649,#819);
#819 = DEFINITIONAL_REPRESENTATION('',(#820),#824);
#820 = LINE('',#821,#822);
#821 = CARTESIAN_POINT('',(-5.167362003503,0.));
#822 = VECTOR('',#823,1.);
#823 = DIRECTION('',(-0.,-1.));
#824 = ( GEOMETRIC_REPRESENTATION_CONTEXT(2) 
PARAMETRIC_REPRESENTATION_CONTEXT() REPRESENTATION_CONTEXT('2D SPACE',''
  ) );
#825 = PCURVE('',#826,#831);
#826 = CYLINDRICAL_SURFACE('',#827,0.75);
#827 = AXIS2_PLACEMENT_3D('',#828,#829,#830);
#828 = CARTESIAN_POINT('',(4.833818895013,-43.88100171491,0.));
#829 = DIRECTION('',(0.,0.,-1.));
#830 = DIRECTION('',(0.898171438331,0.439645388202,0.));
#831 = DEFINITIONAL_REPRESENTATION('',(#832),#836);
#832 = LINE('',#833,#834);
#833 = CARTESIAN_POINT('',(1.571027123635,0.));
#834 = VECTOR('',#835,1.);
#835 = DIRECTION('',(0.,-1.));
#836 = ( GEOMETRIC_REPRESENTATION_CONTEXT(2) 
PARAMETRIC_REPRESENTATION_CONTEXT() REPRESENTATION_CONTEXT('2D SPACE',''
  ) );
#837 = ORIENTED_EDGE('',*,*,#838,.F.);
#838 = EDGE_CURVE('',#632,#811,#839,.T.);
#839 = SURFACE_CURVE('',#840,(#845,#852),.PCURVE_S1.);
#840 = CIRCLE('',#841,11.75);
#841 = AXIS2_PLACEMENT_3D('',#842,#843,#844);
#842 = CARTESIAN_POINT('',(0.,-34.,0.));
#843 = DIRECTION('',(0.,-0.,1.));
#844 = DIRECTION('',(1.,0.,0.));
#845 = PCURVE('',#649,#846);
#846 = DEFINITIONAL_REPRESENTATION('',(#847),#851);
#847 = LINE('',#848,#849);
#848 = CARTESIAN_POINT('',(-0.,0.));
#849 = VECTOR('',#850,1.);
#850 = DIRECTION('',(-1.,0.));
#851 = ( GEOMETRIC_REPRESENTATION_CONTEXT(2) 
PARAMETRIC_REPRESENTATION_CONTEXT() REPRESENTATION_CONTEXT('2D SPACE',''
  ) );
#852 = PCURVE('',#132,#853);
#853 = DEFINITIONAL_REPRESENTATION('',(#854),#858);
#854 = CIRCLE('',#855,11.75);
#855 = AXIS2_PLACEMENT_2D('',#856,#857);
#856 = CARTESIAN_POINT('',(-4.526366278827E-02,-39.34329363885));
#857 = DIRECTION('',(1.,0.));
#858 = ( GEOMETRIC_REPRESENTATION_CONTEXT(2) 
PARAMETRIC_REPRESENTATION_CONTEXT() REPRESENTATION_CONTEXT('2D SPACE',''
  ) );
#859 = ADVANCED_FACE('',(#860),#725,.T.);
#860 = FACE_BOUND('',#861,.T.);
#861 = EDGE_LOOP('',(#862,#863,#891,#919));
#862 = ORIENTED_EDGE('',*,*,#707,.T.);
#863 = ORIENTED_EDGE('',*,*,#864,.T.);
#864 = EDGE_CURVE('',#710,#865,#867,.T.);
#865 = VERTEX_POINT('',#866);
#866 = CARTESIAN_POINT('',(87.116196797475,-1.178686103153E-03,6.));
#867 = SURFACE_CURVE('',#868,(#873,#880),.PCURVE_S1.);
#868 = CIRCLE('',#869,0.75);
#869 = AXIS2_PLACEMENT_3D('',#870,#871,#872);
#870 = CARTESIAN_POINT('',(86.366197723676,0.,6.));
#871 = DIRECTION('',(0.,0.,-1.));
#872 = DIRECTION('',(0.,1.,0.));
#873 = PCURVE('',#725,#874);
#874 = DEFINITIONAL_REPRESENTATION('',(#875),#879);
#875 = LINE('',#876,#877);
#876 = CARTESIAN_POINT('',(0.,-6.));
#877 = VECTOR('',#878,1.);
#878 = DIRECTION('',(1.,0.));
#879 = ( GEOMETRIC_REPRESENTATION_CONTEXT(2) 
PARAMETRIC_REPRESENTATION_CONTEXT() REPRESENTATION_CONTEXT('2D SPACE',''
  ) );
#880 = PCURVE('',#73,#881);
#881 = DEFINITIONAL_REPRESENTATION('',(#882),#890);
#882 = ( BOUNDED_CURVE() B_SPLINE_CURVE(2,(#883,#884,#885,#886,#887,#888
,#889),.UNSPECIFIED.,.T.,.F.) B_SPLINE_CURVE_WITH_KNOTS((1,2,2,2,2,1),(
    -2.094395102393,0.,2.094395102393,4.188790204786,6.28318530718,
8.377580409573),.UNSPECIFIED.) CURVE() GEOMETRIC_REPRESENTATION_ITEM() 
RATIONAL_B_SPLINE_CURVE((1.,0.5,1.,0.5,1.,0.5,1.)) REPRESENTATION_ITEM(
  '') );
#883 = CARTESIAN_POINT('',(86.320934060888,-4.593293638859));
#884 = CARTESIAN_POINT('',(87.619972166564,-4.593293638859));
#885 = CARTESIAN_POINT('',(86.970453113726,-5.718293638859));
#886 = CARTESIAN_POINT('',(86.320934060888,-6.843293638859));
#887 = CARTESIAN_POINT('',(85.671415008049,-5.718293638859));
#888 = CARTESIAN_POINT('',(85.021895955211,-4.593293638859));
#889 = CARTESIAN_POINT('',(86.320934060888,-4.593293638859));
#890 = ( GEOMETRIC_REPRESENTATION_CONTEXT(2) 
PARAMETRIC_REPRESENTATION_CONTEXT() REPRESENTATION_CONTEXT('2D SPACE',''
  ) );
#891 = ORIENTED_EDGE('',*,*,#892,.F.);
#892 = EDGE_CURVE('',#893,#865,#895,.T.);
#893 = VERTEX_POINT('',#894);
#894 = CARTESIAN_POINT('',(87.116196797475,-1.178686103153E-03,0.));
#895 = SURFACE_CURVE('',#896,(#900,#907),.PCURVE_S1.);
#896 = LINE('',#897,#898);
#897 = CARTESIAN_POINT('',(87.116196797475,-1.178686103153E-03,0.));
#898 = VECTOR('',#899,1.);
#899 = DIRECTION('',(0.,0.,1.));
#900 = PCURVE('',#725,#901);
#901 = DEFINITIONAL_REPRESENTATION('',(#902),#906);
#902 = LINE('',#903,#904);
#903 = CARTESIAN_POINT('',(1.572367908913,0.));
#904 = VECTOR('',#905,1.);
#905 = DIRECTION('',(0.,-1.));
#906 = ( GEOMETRIC_REPRESENTATION_CONTEXT(2) 
PARAMETRIC_REPRESENTATION_CONTEXT() REPRESENTATION_CONTEXT('2D SPACE',''
  ) );
#907 = PCURVE('',#908,#913);
#908 = PLANE('',#909);
#909 = AXIS2_PLACEMENT_3D('',#910,#911,#912);
#910 = CARTESIAN_POINT('',(87.116196797475,-1.178686103153E-03,0.));
#911 = DIRECTION('',(0.999998765065,-1.571581470871E-03,0.));
#912 = DIRECTION('',(-1.571581470871E-03,-0.999998765065,0.));
#913 = DEFINITIONAL_REPRESENTATION('',(#914),#918);
#914 = LINE('',#915,#916);
#915 = CARTESIAN_POINT('',(0.,0.));
#916 = VECTOR('',#917,1.);
#917 = DIRECTION('',(0.,-1.));
#918 = ( GEOMETRIC_REPRESENTATION_CONTEXT(2) 
PARAMETRIC_REPRESENTATION_CONTEXT() REPRESENTATION_CONTEXT('2D SPACE',''
  ) );
#919 = ORIENTED_EDGE('',*,*,#920,.F.);
#920 = EDGE_CURVE('',#708,#893,#921,.T.);
#921 = SURFACE_CURVE('',#922,(#927,#934),.PCURVE_S1.);
#922 = CIRCLE('',#923,0.75);
#923 = AXIS2_PLACEMENT_3D('',#924,#925,#926);
#924 = CARTESIAN_POINT('',(86.366197723676,0.,0.));
#925 = DIRECTION('',(0.,0.,-1.));
#926 = DIRECTION('',(0.,1.,0.));
#927 = PCURVE('',#725,#928);
#928 = DEFINITIONAL_REPRESENTATION('',(#929),#933);
#929 = LINE('',#930,#931);
#930 = CARTESIAN_POINT('',(0.,0.));
#931 = VECTOR('',#932,1.);
#932 = DIRECTION('',(1.,0.));
#933 = ( GEOMETRIC_REPRESENTATION_CONTEXT(2) 
PARAMETRIC_REPRESENTATION_CONTEXT() REPRESENTATION_CONTEXT('2D SPACE',''
  ) );
#934 = PCURVE('',#132,#935);
#935 = DEFINITIONAL_REPRESENTATION('',(#936),#944);
#936 = ( BOUNDED_CURVE() B_SPLINE_CURVE(2,(#937,#938,#939,#940,#941,#942
,#943),.UNSPECIFIED.,.T.,.F.) B_SPLINE_CURVE_WITH_KNOTS((1,2,2,2,2,1),(
    -2.094395102393,0.,2.094395102393,4.188790204786,6.28318530718,
8.377580409573),.UNSPECIFIED.) CURVE() GEOMETRIC_REPRESENTATION_ITEM() 
RATIONAL_B_SPLINE_CURVE((1.,0.5,1.,0.5,1.,0.5,1.)) REPRESENTATION_ITEM(
  '') );
#937 = CARTESIAN_POINT('',(86.320934060888,-4.593293638859));
#938 = CARTESIAN_POINT('',(87.619972166564,-4.593293638859));
#939 = CARTESIAN_POINT('',(86.970453113726,-5.718293638859));
#940 = CARTESIAN_POINT('',(86.320934060888,-6.843293638859));
#941 = CARTESIAN_POINT('',(85.671415008049,-5.718293638859));
#942 = CARTESIAN_POINT('',(85.021895955211,-4.593293638859));
#943 = CARTESIAN_POINT('',(86.320934060888,-4.593293638859));
#944 = ( GEOMETRIC_REPRESENTATION_CONTEXT(2) 
PARAMETRIC_REPRESENTATION_CONTEXT() REPRESENTATION_CONTEXT('2D SPACE',''
  ) );
#945 = ADVANCED_FACE('',(#946),#826,.T.);
#946 = FACE_BOUND('',#947,.T.);
#947 = EDGE_LOOP('',(#948,#978,#1004,#1005));
#948 = ORIENTED_EDGE('',*,*,#949,.T.);
#949 = EDGE_CURVE('',#950,#952,#954,.T.);
#950 = VERTEX_POINT('',#951);
#951 = CARTESIAN_POINT('',(5.163552936164,-44.55463029366,0.));
#952 = VERTEX_POINT('',#953);
#953 = CARTESIAN_POINT('',(5.163552936164,-44.55463029366,6.));
#954 = SURFACE_CURVE('',#955,(#959,#966),.PCURVE_S1.);
#955 = LINE('',#956,#957);
#956 = CARTESIAN_POINT('',(5.163552936164,-44.55463029366,0.));
#957 = VECTOR('',#958,1.);
#958 = DIRECTION('',(0.,0.,1.));
#959 = PCURVE('',#826,#960);
#960 = DEFINITIONAL_REPRESENTATION('',(#961),#965);
#961 = LINE('',#962,#963);
#962 = CARTESIAN_POINT('',(1.570796326795,0.));
#963 = VECTOR('',#964,1.);
#964 = DIRECTION('',(0.,-1.));
#965 = ( GEOMETRIC_REPRESENTATION_CONTEXT(2) 
PARAMETRIC_REPRESENTATION_CONTEXT() REPRESENTATION_CONTEXT('2D SPACE',''
  ) );
#966 = PCURVE('',#967,#972);
#967 = PLANE('',#968);
#968 = AXIS2_PLACEMENT_3D('',#969,#970,#971);
#969 = CARTESIAN_POINT('',(5.163552936164,-44.55463029366,0.));
#970 = DIRECTION('',(-0.439645388202,0.898171438331,0.));
#971 = DIRECTION('',(0.898171438331,0.439645388202,0.));
#972 = DEFINITIONAL_REPRESENTATION('',(#973),#977);
#973 = LINE('',#974,#975);
#974 = CARTESIAN_POINT('',(0.,0.));
#975 = VECTOR('',#976,1.);
#976 = DIRECTION('',(0.,-1.));
#977 = ( GEOMETRIC_REPRESENTATION_CONTEXT(2) 
PARAMETRIC_REPRESENTATION_CONTEXT() REPRESENTATION_CONTEXT('2D SPACE',''
  ) );
#978 = ORIENTED_EDGE('',*,*,#979,.T.);
#979 = EDGE_CURVE('',#952,#787,#980,.T.);
#980 = SURFACE_CURVE('',#981,(#986,#993),.PCURVE_S1.);
#981 = CIRCLE('',#982,0.75);
#982 = AXIS2_PLACEMENT_3D('',#983,#984,#985);
#983 = CARTESIAN_POINT('',(4.833818895013,-43.88100171491,6.));
#984 = DIRECTION('',(0.,0.,-1.));
#985 = DIRECTION('',(0.898171438331,0.439645388202,0.));
#986 = PCURVE('',#826,#987);
#987 = DEFINITIONAL_REPRESENTATION('',(#988),#992);
#988 = LINE('',#989,#990);
#989 = CARTESIAN_POINT('',(0.,-6.));
#990 = VECTOR('',#991,1.);
#991 = DIRECTION('',(1.,0.));
#992 = ( GEOMETRIC_REPRESENTATION_CONTEXT(2) 
PARAMETRIC_REPRESENTATION_CONTEXT() REPRESENTATION_CONTEXT('2D SPACE',''
  ) );
#993 = PCURVE('',#73,#994);
#994 = DEFINITIONAL_REPRESENTATION('',(#995),#1003);
#995 = ( BOUNDED_CURVE() B_SPLINE_CURVE(2,(#996,#997,#998,#999,#1000,
#1001,#1002),.UNSPECIFIED.,.T.,.F.) B_SPLINE_CURVE_WITH_KNOTS((1,2,2,2,2
    ,1),(-2.094395102393,0.,2.094395102393,4.188790204786,6.28318530718,
8.377580409573),.UNSPECIFIED.) CURVE() GEOMETRIC_REPRESENTATION_ITEM() 
RATIONAL_B_SPLINE_CURVE((1.,0.5,1.,0.5,1.,0.5,1.)) REPRESENTATION_ITEM(
  '') );
#996 = CARTESIAN_POINT('',(5.462183810972,-48.89456131262));
#997 = CARTESIAN_POINT('',(6.033299923232,-50.06132023644));
#998 = CARTESIAN_POINT('',(4.73729899898,-49.97254183626));
#999 = CARTESIAN_POINT('',(3.441298074729,-49.88376343608));
#1000 = CARTESIAN_POINT('',(4.166182886721,-48.80578291244));
#1001 = CARTESIAN_POINT('',(4.891067698713,-47.7278023888));
#1002 = CARTESIAN_POINT('',(5.462183810972,-48.89456131262));
#1003 = ( GEOMETRIC_REPRESENTATION_CONTEXT(2) 
PARAMETRIC_REPRESENTATION_CONTEXT() REPRESENTATION_CONTEXT('2D SPACE',''
  ) );
#1004 = ORIENTED_EDGE('',*,*,#810,.F.);
#1005 = ORIENTED_EDGE('',*,*,#1006,.F.);
#1006 = EDGE_CURVE('',#950,#811,#1007,.T.);
#1007 = SURFACE_CURVE('',#1008,(#1013,#1020),.PCURVE_S1.);
#1008 = CIRCLE('',#1009,0.75);
#1009 = AXIS2_PLACEMENT_3D('',#1010,#1011,#1012);
#1010 = CARTESIAN_POINT('',(4.833818895013,-43.88100171491,0.));
#1011 = DIRECTION('',(0.,0.,-1.));
#1012 = DIRECTION('',(0.898171438331,0.439645388202,0.));
#1013 = PCURVE('',#826,#1014);
#1014 = DEFINITIONAL_REPRESENTATION('',(#1015),#1019);
#1015 = LINE('',#1016,#1017);
#1016 = CARTESIAN_POINT('',(0.,0.));
#1017 = VECTOR('',#1018,1.);
#1018 = DIRECTION('',(1.,0.));
#1019 = ( GEOMETRIC_REPRESENTATION_CONTEXT(2) 
PARAMETRIC_REPRESENTATION_CONTEXT() REPRESENTATION_CONTEXT('2D SPACE',''
  ) );
#1020 = PCURVE('',#132,#1021);
#1021 = DEFINITIONAL_REPRESENTATION('',(#1022),#1030);
#1022 = ( BOUNDED_CURVE() B_SPLINE_CURVE(2,(#1023,#1024,#1025,#1026,
#1027,#1028,#1029),.UNSPECIFIED.,.T.,.F.) B_SPLINE_CURVE_WITH_KNOTS((1,2
    ,2,2,2,1),(-2.094395102393,0.,2.094395102393,4.188790204786,
6.28318530718,8.377580409573),.UNSPECIFIED.) CURVE() 
GEOMETRIC_REPRESENTATION_ITEM() RATIONAL_B_SPLINE_CURVE((1.,0.5,1.,0.5,
1.,0.5,1.)) REPRESENTATION_ITEM('') );
#1023 = CARTESIAN_POINT('',(5.462183810972,-48.89456131262));
#1024 = CARTESIAN_POINT('',(6.033299923232,-50.06132023644));
#1025 = CARTESIAN_POINT('',(4.73729899898,-49.97254183626));
#1026 = CARTESIAN_POINT('',(3.441298074729,-49.88376343608));
#1027 = CARTESIAN_POINT('',(4.166182886721,-48.80578291244));
#1028 = CARTESIAN_POINT('',(4.891067698713,-47.7278023888));
#1029 = CARTESIAN_POINT('',(5.462183810972,-48.89456131262));
#1030 = ( GEOMETRIC_REPRESENTATION_CONTEXT(2) 
PARAMETRIC_REPRESENTATION_CONTEXT() REPRESENTATION_CONTEXT('2D SPACE',''
  ) );
#1031 = ADVANCED_FACE('',(#1032),#908,.T.);
#1032 = FACE_BOUND('',#1033,.T.);
#1033 = EDGE_LOOP('',(#1034,#1035,#1058,#1086));
#1034 = ORIENTED_EDGE('',*,*,#892,.T.);
#1035 = ORIENTED_EDGE('',*,*,#1036,.T.);
#1036 = EDGE_CURVE('',#865,#1037,#1039,.T.);
#1037 = VERTEX_POINT('',#1038);
#1038 = CARTESIAN_POINT('',(87.116165350134,-2.118865815759E-02,6.));
#1039 = SURFACE_CURVE('',#1040,(#1044,#1051),.PCURVE_S1.);
#1040 = LINE('',#1041,#1042);
#1041 = CARTESIAN_POINT('',(87.116196797475,-1.178686103153E-03,6.));
#1042 = VECTOR('',#1043,1.);
#1043 = DIRECTION('',(-1.571581470871E-03,-0.999998765065,0.));
#1044 = PCURVE('',#908,#1045);
#1045 = DEFINITIONAL_REPRESENTATION('',(#1046),#1050);
#1046 = LINE('',#1047,#1048);
#1047 = CARTESIAN_POINT('',(2.471977900531E-16,-6.));
#1048 = VECTOR('',#1049,1.);
#1049 = DIRECTION('',(1.,0.));
#1050 = ( GEOMETRIC_REPRESENTATION_CONTEXT(2) 
PARAMETRIC_REPRESENTATION_CONTEXT() REPRESENTATION_CONTEXT('2D SPACE',''
  ) );
#1051 = PCURVE('',#73,#1052);
#1052 = DEFINITIONAL_REPRESENTATION('',(#1053),#1057);
#1053 = LINE('',#1054,#1055);
#1054 = CARTESIAN_POINT('',(87.070933134686,-5.344472324962));
#1055 = VECTOR('',#1056,1.);
#1056 = DIRECTION('',(-1.571581470871E-03,-0.999998765065));
#1057 = ( GEOMETRIC_REPRESENTATION_CONTEXT(2) 
PARAMETRIC_REPRESENTATION_CONTEXT() REPRESENTATION_CONTEXT('2D SPACE',''
  ) );
#1058 = ORIENTED_EDGE('',*,*,#1059,.F.);
#1059 = EDGE_CURVE('',#1060,#1037,#1062,.T.);
#1060 = VERTEX_POINT('',#1061);
#1061 = CARTESIAN_POINT('',(87.116165350134,-2.118865815759E-02,0.));
#1062 = SURFACE_CURVE('',#1063,(#1067,#1074),.PCURVE_S1.);
#1063 = LINE('',#1064,#1065);
#1064 = CARTESIAN_POINT('',(87.116165350134,-2.118865815759E-02,0.));
#1065 = VECTOR('',#1066,1.);
#1066 = DIRECTION('',(0.,0.,1.));
#1067 = PCURVE('',#908,#1068);
#1068 = DEFINITIONAL_REPRESENTATION('',(#1069),#1073);
#1069 = LINE('',#1070,#1071);
#1070 = CARTESIAN_POINT('',(2.000999676548E-02,0.));
#1071 = VECTOR('',#1072,1.);
#1072 = DIRECTION('',(0.,-1.));
#1073 = ( GEOMETRIC_REPRESENTATION_CONTEXT(2) 
PARAMETRIC_REPRESENTATION_CONTEXT() REPRESENTATION_CONTEXT('2D SPACE',''
  ) );
#1074 = PCURVE('',#1075,#1080);
#1075 = CYLINDRICAL_SURFACE('',#1076,0.75);
#1076 = AXIS2_PLACEMENT_3D('',#1077,#1078,#1079);
#1077 = CARTESIAN_POINT('',(86.366166276336,-2.000997205444E-02,0.));
#1078 = DIRECTION('',(0.,0.,-1.));
#1079 = DIRECTION('',(1.571581470871E-03,0.999998765065,0.));
#1080 = DEFINITIONAL_REPRESENTATION('',(#1081),#1085);
#1081 = LINE('',#1082,#1083);
#1082 = CARTESIAN_POINT('',(1.570796326795,0.));
#1083 = VECTOR('',#1084,1.);
#1084 = DIRECTION('',(0.,-1.));
#1085 = ( GEOMETRIC_REPRESENTATION_CONTEXT(2) 
PARAMETRIC_REPRESENTATION_CONTEXT() REPRESENTATION_CONTEXT('2D SPACE',''
  ) );
#1086 = ORIENTED_EDGE('',*,*,#1087,.F.);
#1087 = EDGE_CURVE('',#893,#1060,#1088,.T.);
#1088 = SURFACE_CURVE('',#1089,(#1093,#1100),.PCURVE_S1.);
#1089 = LINE('',#1090,#1091);
#1090 = CARTESIAN_POINT('',(87.116196797475,-1.178686103153E-03,0.));
#1091 = VECTOR('',#1092,1.);
#1092 = DIRECTION('',(-1.571581470871E-03,-0.999998765065,0.));
#1093 = PCURVE('',#908,#1094);
#1094 = DEFINITIONAL_REPRESENTATION('',(#1095),#1099);
#1095 = LINE('',#1096,#1097);
#1096 = CARTESIAN_POINT('',(2.471977900531E-16,0.));
#1097 = VECTOR('',#1098,1.);
#1098 = DIRECTION('',(1.,0.));
#1099 = ( GEOMETRIC_REPRESENTATION_CONTEXT(2) 
PARAMETRIC_REPRESENTATION_CONTEXT() REPRESENTATION_CONTEXT('2D SPACE',''
  ) );
#1100 = PCURVE('',#132,#1101);
#1101 = DEFINITIONAL_REPRESENTATION('',(#1102),#1106);
#1102 = LINE('',#1103,#1104);
#1103 = CARTESIAN_POINT('',(87.070933134686,-5.344472324962));
#1104 = VECTOR('',#1105,1.);
#1105 = DIRECTION('',(-1.571581470871E-03,-0.999998765065));
#1106 = ( GEOMETRIC_REPRESENTATION_CONTEXT(2) 
PARAMETRIC_REPRESENTATION_CONTEXT() REPRESENTATION_CONTEXT('2D SPACE',''
  ) );
#1107 = ADVANCED_FACE('',(#1108),#967,.F.);
#1108 = FACE_BOUND('',#1109,.F.);
#1109 = EDGE_LOOP('',(#1110,#1111,#1134,#1162));
#1110 = ORIENTED_EDGE('',*,*,#949,.T.);
#1111 = ORIENTED_EDGE('',*,*,#1112,.T.);
#1112 = EDGE_CURVE('',#952,#1113,#1115,.T.);
#1113 = VERTEX_POINT('',#1114);
#1114 = CARTESIAN_POINT('',(83.128603436203,-6.39156539263,6.));
#1115 = SURFACE_CURVE('',#1116,(#1120,#1127),.PCURVE_S1.);
#1116 = LINE('',#1117,#1118);
#1117 = CARTESIAN_POINT('',(5.163552936164,-44.55463029366,6.));
#1118 = VECTOR('',#1119,1.);
#1119 = DIRECTION('',(0.898171438331,0.439645388202,0.));
#1120 = PCURVE('',#967,#1121);
#1121 = DEFINITIONAL_REPRESENTATION('',(#1122),#1126);
#1122 = LINE('',#1123,#1124);
#1123 = CARTESIAN_POINT('',(-2.393209466149E-15,-6.));
#1124 = VECTOR('',#1125,1.);
#1125 = DIRECTION('',(1.,0.));
#1126 = ( GEOMETRIC_REPRESENTATION_CONTEXT(2) 
PARAMETRIC_REPRESENTATION_CONTEXT() REPRESENTATION_CONTEXT('2D SPACE',''
  ) );
#1127 = PCURVE('',#73,#1128);
#1128 = DEFINITIONAL_REPRESENTATION('',(#1129),#1133);
#1129 = LINE('',#1130,#1131);
#1130 = CARTESIAN_POINT('',(5.118289273376,-49.89792393252));
#1131 = VECTOR('',#1132,1.);
#1132 = DIRECTION('',(0.898171438331,0.439645388202));
#1133 = ( GEOMETRIC_REPRESENTATION_CONTEXT(2) 
PARAMETRIC_REPRESENTATION_CONTEXT() REPRESENTATION_CONTEXT('2D SPACE',''
  ) );
#1134 = ORIENTED_EDGE('',*,*,#1135,.F.);
#1135 = EDGE_CURVE('',#1136,#1113,#1138,.T.);
#1136 = VERTEX_POINT('',#1137);
#1137 = CARTESIAN_POINT('',(83.128603436203,-6.39156539263,0.));
#1138 = SURFACE_CURVE('',#1139,(#1143,#1150),.PCURVE_S1.);
#1139 = LINE('',#1140,#1141);
#1140 = CARTESIAN_POINT('',(83.128603436203,-6.39156539263,0.));
#1141 = VECTOR('',#1142,1.);
#1142 = DIRECTION('',(0.,0.,1.));
#1143 = PCURVE('',#967,#1144);
#1144 = DEFINITIONAL_REPRESENTATION('',(#1145),#1149);
#1145 = LINE('',#1146,#1147);
#1146 = CARTESIAN_POINT('',(86.804197030526,0.));
#1147 = VECTOR('',#1148,1.);
#1148 = DIRECTION('',(0.,-1.));
#1149 = ( GEOMETRIC_REPRESENTATION_CONTEXT(2) 
PARAMETRIC_REPRESENTATION_CONTEXT() REPRESENTATION_CONTEXT('2D SPACE',''
  ) );
#1150 = PCURVE('',#1151,#1156);
#1151 = CYLINDRICAL_SURFACE('',#1152,7.116197723676);
#1152 = AXIS2_PLACEMENT_3D('',#1153,#1154,#1155);
#1153 = CARTESIAN_POINT('',(80.,0.,0.));
#1154 = DIRECTION('',(-0.,0.,-1.));
#1155 = DIRECTION('',(1.,0.,0.));
#1156 = DEFINITIONAL_REPRESENTATION('',(#1157),#1161);
#1157 = LINE('',#1158,#1159);
#1158 = CARTESIAN_POINT('',(-5.167592800343,0.));
#1159 = VECTOR('',#1160,1.);
#1160 = DIRECTION('',(-0.,-1.));
#1161 = ( GEOMETRIC_REPRESENTATION_CONTEXT(2) 
PARAMETRIC_REPRESENTATION_CONTEXT() REPRESENTATION_CONTEXT('2D SPACE',''
  ) );
#1162 = ORIENTED_EDGE('',*,*,#1163,.F.);
#1163 = EDGE_CURVE('',#950,#1136,#1164,.T.);
#1164 = SURFACE_CURVE('',#1165,(#1169,#1176),.PCURVE_S1.);
#1165 = LINE('',#1166,#1167);
#1166 = CARTESIAN_POINT('',(5.163552936164,-44.55463029366,0.));
#1167 = VECTOR('',#1168,1.);
#1168 = DIRECTION('',(0.898171438331,0.439645388202,0.));
#1169 = PCURVE('',#967,#1170);
#1170 = DEFINITIONAL_REPRESENTATION('',(#1171),#1175);
#1171 = LINE('',#1172,#1173);
#1172 = CARTESIAN_POINT('',(-2.393209466149E-15,0.));
#1173 = VECTOR('',#1174,1.);
#1174 = DIRECTION('',(1.,0.));
#1175 = ( GEOMETRIC_REPRESENTATION_CONTEXT(2) 
PARAMETRIC_REPRESENTATION_CONTEXT() REPRESENTATION_CONTEXT('2D SPACE',''
  ) );
#1176 = PCURVE('',#132,#1177);
#1177 = DEFINITIONAL_REPRESENTATION('',(#1178),#1182);
#1178 = LINE('',#1179,#1180);
#1179 = CARTESIAN_POINT('',(5.118289273376,-49.89792393252));
#1180 = VECTOR('',#1181,1.);
#1181 = DIRECTION('',(0.898171438331,0.439645388202));
#1182 = ( GEOMETRIC_REPRESENTATION_CONTEXT(2) 
PARAMETRIC_REPRESENTATION_CONTEXT() REPRESENTATION_CONTEXT('2D SPACE',''
  ) );
#1183 = ADVANCED_FACE('',(#1184),#1075,.T.);
#1184 = FACE_BOUND('',#1185,.T.);
#1185 = EDGE_LOOP('',(#1186,#1187,#1215,#1238));
#1186 = ORIENTED_EDGE('',*,*,#1059,.T.);
#1187 = ORIENTED_EDGE('',*,*,#1188,.T.);
#1188 = EDGE_CURVE('',#1037,#1189,#1191,.T.);
#1189 = VERTEX_POINT('',#1190);
#1190 = CARTESIAN_POINT('',(87.116162571533,-2.236734134962E-02,6.));
#1191 = SURFACE_CURVE('',#1192,(#1197,#1204),.PCURVE_S1.);
#1192 = CIRCLE('',#1193,0.75);
#1193 = AXIS2_PLACEMENT_3D('',#1194,#1195,#1196);
#1194 = CARTESIAN_POINT('',(86.366166276336,-2.000997205444E-02,6.));
#1195 = DIRECTION('',(0.,0.,-1.));
#1196 = DIRECTION('',(1.571581470871E-03,0.999998765065,0.));
#1197 = PCURVE('',#1075,#1198);
#1198 = DEFINITIONAL_REPRESENTATION('',(#1199),#1203);
#1199 = LINE('',#1200,#1201);
#1200 = CARTESIAN_POINT('',(0.,-6.));
#1201 = VECTOR('',#1202,1.);
#1202 = DIRECTION('',(1.,0.));
#1203 = ( GEOMETRIC_REPRESENTATION_CONTEXT(2) 
PARAMETRIC_REPRESENTATION_CONTEXT() REPRESENTATION_CONTEXT('2D SPACE',''
  ) );
#1204 = PCURVE('',#73,#1205);
#1205 = DEFINITIONAL_REPRESENTATION('',(#1206),#1214);
#1206 = ( BOUNDED_CURVE() B_SPLINE_CURVE(2,(#1207,#1208,#1209,#1210,
#1211,#1212,#1213),.UNSPECIFIED.,.T.,.F.) B_SPLINE_CURVE_WITH_KNOTS((1,2
    ,2,2,2,1),(-2.094395102393,0.,2.094395102393,4.188790204786,
6.28318530718,8.377580409573),.UNSPECIFIED.) CURVE() 
GEOMETRIC_REPRESENTATION_ITEM() RATIONAL_B_SPLINE_CURVE((1.,0.5,1.,0.5,
1.,0.5,1.)) REPRESENTATION_ITEM('') );
#1207 = CARTESIAN_POINT('',(86.322081299651,-4.613304537114));
#1208 = CARTESIAN_POINT('',(87.6211178011,-4.615346081331));
#1209 = CARTESIAN_POINT('',(86.96983152122,-5.739323919921));
#1210 = CARTESIAN_POINT('',(86.318545241341,-6.863301758511));
#1211 = CARTESIAN_POINT('',(85.670795019771,-5.737282375704));
#1212 = CARTESIAN_POINT('',(85.023044798201,-4.611262992898));
#1213 = CARTESIAN_POINT('',(86.322081299651,-4.613304537114));
#1214 = ( GEOMETRIC_REPRESENTATION_CONTEXT(2) 
PARAMETRIC_REPRESENTATION_CONTEXT() REPRESENTATION_CONTEXT('2D SPACE',''
  ) );
#1215 = ORIENTED_EDGE('',*,*,#1216,.F.);
#1216 = EDGE_CURVE('',#1217,#1189,#1219,.T.);
#1217 = VERTEX_POINT('',#1218);
#1218 = CARTESIAN_POINT('',(87.116162571533,-2.236734134962E-02,0.));
#1219 = SURFACE_CURVE('',#1220,(#1224,#1231),.PCURVE_S1.);
#1220 = LINE('',#1221,#1222);
#1221 = CARTESIAN_POINT('',(87.116162571533,-2.236734134962E-02,0.));
#1222 = VECTOR('',#1223,1.);
#1223 = DIRECTION('',(0.,0.,1.));
#1224 = PCURVE('',#1075,#1225);
#1225 = DEFINITIONAL_REPRESENTATION('',(#1226),#1230);
#1226 = LINE('',#1227,#1228);
#1227 = CARTESIAN_POINT('',(1.572367908913,0.));
#1228 = VECTOR('',#1229,1.);
#1229 = DIRECTION('',(0.,-1.));
#1230 = ( GEOMETRIC_REPRESENTATION_CONTEXT(2) 
PARAMETRIC_REPRESENTATION_CONTEXT() REPRESENTATION_CONTEXT('2D SPACE',''
  ) );
#1231 = PCURVE('',#1151,#1232);
#1232 = DEFINITIONAL_REPRESENTATION('',(#1233),#1237);
#1233 = LINE('',#1234,#1235);
#1234 = CARTESIAN_POINT('',(-6.280042142944,0.));
#1235 = VECTOR('',#1236,1.);
#1236 = DIRECTION('',(-0.,-1.));
#1237 = ( GEOMETRIC_REPRESENTATION_CONTEXT(2) 
PARAMETRIC_REPRESENTATION_CONTEXT() REPRESENTATION_CONTEXT('2D SPACE',''
  ) );
#1238 = ORIENTED_EDGE('',*,*,#1239,.F.);
#1239 = EDGE_CURVE('',#1060,#1217,#1240,.T.);
#1240 = SURFACE_CURVE('',#1241,(#1246,#1253),.PCURVE_S1.);
#1241 = CIRCLE('',#1242,0.75);
#1242 = AXIS2_PLACEMENT_3D('',#1243,#1244,#1245);
#1243 = CARTESIAN_POINT('',(86.366166276336,-2.000997205444E-02,0.));
#1244 = DIRECTION('',(0.,0.,-1.));
#1245 = DIRECTION('',(1.571581470871E-03,0.999998765065,0.));
#1246 = PCURVE('',#1075,#1247);
#1247 = DEFINITIONAL_REPRESENTATION('',(#1248),#1252);
#1248 = LINE('',#1249,#1250);
#1249 = CARTESIAN_POINT('',(0.,0.));
#1250 = VECTOR('',#1251,1.);
#1251 = DIRECTION('',(1.,0.));
#1252 = ( GEOMETRIC_REPRESENTATION_CONTEXT(2) 
PARAMETRIC_REPRESENTATION_CONTEXT() REPRESENTATION_CONTEXT('2D SPACE',''
  ) );
#1253 = PCURVE('',#132,#1254);
#1254 = DEFINITIONAL_REPRESENTATION('',(#1255),#1263);
#1255 = ( BOUNDED_CURVE() B_SPLINE_CURVE(2,(#1256,#1257,#1258,#1259,
#1260,#1261,#1262),.UNSPECIFIED.,.T.,.F.) B_SPLINE_CURVE_WITH_KNOTS((1,2
    ,2,2,2,1),(-2.094395102393,0.,2.094395102393,4.188790204786,
6.28318530718,8.377580409573),.UNSPECIFIED.) CURVE() 
GEOMETRIC_REPRESENTATION_ITEM() RATIONAL_B_SPLINE_CURVE((1.,0.5,1.,0.5,
1.,0.5,1.)) REPRESENTATION_ITEM('') );
#1256 = CARTESIAN_POINT('',(86.322081299651,-4.613304537114));
#1257 = CARTESIAN_POINT('',(87.6211178011,-4.615346081331));
#1258 = CARTESIAN_POINT('',(86.96983152122,-5.739323919921));
#1259 = CARTESIAN_POINT('',(86.318545241341,-6.863301758511));
#1260 = CARTESIAN_POINT('',(85.670795019771,-5.737282375704));
#1261 = CARTESIAN_POINT('',(85.023044798201,-4.611262992898));
#1262 = CARTESIAN_POINT('',(86.322081299651,-4.613304537114));
#1263 = ( GEOMETRIC_REPRESENTATION_CONTEXT(2) 
PARAMETRIC_REPRESENTATION_CONTEXT() REPRESENTATION_CONTEXT('2D SPACE',''
  ) );
#1264 = ADVANCED_FACE('',(#1265),#1151,.T.);
#1265 = FACE_BOUND('',#1266,.F.);
#1266 = EDGE_LOOP('',(#1267,#1268,#1290,#1291));
#1267 = ORIENTED_EDGE('',*,*,#1135,.T.);
#1268 = ORIENTED_EDGE('',*,*,#1269,.T.);
#1269 = EDGE_CURVE('',#1113,#1189,#1270,.T.);
#1270 = SURFACE_CURVE('',#1271,(#1276,#1283),.PCURVE_S1.);
#1271 = CIRCLE('',#1272,7.116197723676);
#1272 = AXIS2_PLACEMENT_3D('',#1273,#1274,#1275);
#1273 = CARTESIAN_POINT('',(80.,0.,6.));
#1274 = DIRECTION('',(0.,-0.,1.));
#1275 = DIRECTION('',(1.,0.,0.));
#1276 = PCURVE('',#1151,#1277);
#1277 = DEFINITIONAL_REPRESENTATION('',(#1278),#1282);
#1278 = LINE('',#1279,#1280);
#1279 = CARTESIAN_POINT('',(-0.,-6.));
#1280 = VECTOR('',#1281,1.);
#1281 = DIRECTION('',(-1.,0.));
#1282 = ( GEOMETRIC_REPRESENTATION_CONTEXT(2) 
PARAMETRIC_REPRESENTATION_CONTEXT() REPRESENTATION_CONTEXT('2D SPACE',''
  ) );
#1283 = PCURVE('',#73,#1284);
#1284 = DEFINITIONAL_REPRESENTATION('',(#1285),#1289);
#1285 = CIRCLE('',#1286,7.116197723676);
#1286 = AXIS2_PLACEMENT_2D('',#1287,#1288);
#1287 = CARTESIAN_POINT('',(79.954736337212,-5.343293638859));
#1288 = DIRECTION('',(1.,0.));
#1289 = ( GEOMETRIC_REPRESENTATION_CONTEXT(2) 
PARAMETRIC_REPRESENTATION_CONTEXT() REPRESENTATION_CONTEXT('2D SPACE',''
  ) );
#1290 = ORIENTED_EDGE('',*,*,#1216,.F.);
#1291 = ORIENTED_EDGE('',*,*,#1292,.F.);
#1292 = EDGE_CURVE('',#1136,#1217,#1293,.T.);
#1293 = SURFACE_CURVE('',#1294,(#1299,#1306),.PCURVE_S1.);
#1294 = CIRCLE('',#1295,7.116197723676);
#1295 = AXIS2_PLACEMENT_3D('',#1296,#1297,#1298);
#1296 = CARTESIAN_POINT('',(80.,0.,0.));
#1297 = DIRECTION('',(0.,-0.,1.));
#1298 = DIRECTION('',(1.,0.,0.));
#1299 = PCURVE('',#1151,#1300);
#1300 = DEFINITIONAL_REPRESENTATION('',(#1301),#1305);
#1301 = LINE('',#1302,#1303);
#1302 = CARTESIAN_POINT('',(-0.,0.));
#1303 = VECTOR('',#1304,1.);
#1304 = DIRECTION('',(-1.,0.));
#1305 = ( GEOMETRIC_REPRESENTATION_CONTEXT(2) 
PARAMETRIC_REPRESENTATION_CONTEXT() REPRESENTATION_CONTEXT('2D SPACE',''
  ) );
#1306 = PCURVE('',#132,#1307);
#1307 = DEFINITIONAL_REPRESENTATION('',(#1308),#1312);
#1308 = CIRCLE('',#1309,7.116197723676);
#1309 = AXIS2_PLACEMENT_2D('',#1310,#1311);
#1310 = CARTESIAN_POINT('',(79.954736337212,-5.343293638859));
#1311 = DIRECTION('',(1.,0.));
#1312 = ( GEOMETRIC_REPRESENTATION_CONTEXT(2) 
PARAMETRIC_REPRESENTATION_CONTEXT() REPRESENTATION_CONTEXT('2D SPACE',''
  ) );
#1313 = ADVANCED_FACE('',(#1314),#1328,.T.);
#1314 = FACE_BOUND('',#1315,.T.);
#1315 = EDGE_LOOP('',(#1316,#1351,#1374,#1402));
#1316 = ORIENTED_EDGE('',*,*,#1317,.T.);
#1317 = EDGE_CURVE('',#1318,#1320,#1322,.T.);
#1318 = VERTEX_POINT('',#1319);
#1319 = CARTESIAN_POINT('',(-3.220677862538,60.600968375054,0.));
#1320 = VERTEX_POINT('',#1321);
#1321 = CARTESIAN_POINT('',(-3.220677862538,60.600968375054,6.));
#1322 = SURFACE_CURVE('',#1323,(#1327,#1339),.PCURVE_S1.);
#1323 = LINE('',#1324,#1325);
#1324 = CARTESIAN_POINT('',(-3.220677862538,60.600968375054,0.));
#1325 = VECTOR('',#1326,1.);
#1326 = DIRECTION('',(0.,0.,1.));
#1327 = PCURVE('',#1328,#1333);
#1328 = PLANE('',#1329);
#1329 = AXIS2_PLACEMENT_3D('',#1330,#1331,#1332);
#1330 = CARTESIAN_POINT('',(-3.220677862538,60.600968375054,0.));
#1331 = DIRECTION('',(0.573462344363,-0.819231920519,0.));
#1332 = DIRECTION('',(-0.819231920519,-0.573462344363,0.));
#1333 = DEFINITIONAL_REPRESENTATION('',(#1334),#1338);
#1334 = LINE('',#1335,#1336);
#1335 = CARTESIAN_POINT('',(0.,0.));
#1336 = VECTOR('',#1337,1.);
#1337 = DIRECTION('',(0.,-1.));
#1338 = ( GEOMETRIC_REPRESENTATION_CONTEXT(2) 
PARAMETRIC_REPRESENTATION_CONTEXT() REPRESENTATION_CONTEXT('2D SPACE',''
  ) );
#1339 = PCURVE('',#1340,#1345);
#1340 = CYLINDRICAL_SURFACE('',#1341,5.616197723676);
#1341 = AXIS2_PLACEMENT_3D('',#1342,#1343,#1344);
#1342 = CARTESIAN_POINT('',(0.,56.,0.));
#1343 = DIRECTION('',(-0.,0.,-1.));
#1344 = DIRECTION('',(1.,0.,0.));
#1345 = DEFINITIONAL_REPRESENTATION('',(#1346),#1350);
#1346 = LINE('',#1347,#1348);
#1347 = CARTESIAN_POINT('',(-8.464707598364,0.));
#1348 = VECTOR('',#1349,1.);
#1349 = DIRECTION('',(-0.,-1.));
#1350 = ( GEOMETRIC_REPRESENTATION_CONTEXT(2) 
PARAMETRIC_REPRESENTATION_CONTEXT() REPRESENTATION_CONTEXT('2D SPACE',''
  ) );
#1351 = ORIENTED_EDGE('',*,*,#1352,.T.);
#1352 = EDGE_CURVE('',#1320,#1353,#1355,.T.);
#1353 = VERTEX_POINT('',#1354);
#1354 = CARTESIAN_POINT('',(-83.21981048227,4.601575541239,6.));
#1355 = SURFACE_CURVE('',#1356,(#1360,#1367),.PCURVE_S1.);
#1356 = LINE('',#1357,#1358);
#1357 = CARTESIAN_POINT('',(-3.219810482273,60.601575541239,6.));
#1358 = VECTOR('',#1359,1.);
#1359 = DIRECTION('',(-0.819231920519,-0.573462344363,0.));
#1360 = PCURVE('',#1328,#1361);
#1361 = DEFINITIONAL_REPRESENTATION('',(#1362),#1366);
#1362 = LINE('',#1363,#1364);
#1363 = CARTESIAN_POINT('',(-1.058772543549E-03,-6.));
#1364 = VECTOR('',#1365,1.);
#1365 = DIRECTION('',(1.,0.));
#1366 = ( GEOMETRIC_REPRESENTATION_CONTEXT(2) 
PARAMETRIC_REPRESENTATION_CONTEXT() REPRESENTATION_CONTEXT('2D SPACE',''
  ) );
#1367 = PCURVE('',#73,#1368);
#1368 = DEFINITIONAL_REPRESENTATION('',(#1369),#1373);
#1369 = LINE('',#1370,#1371);
#1370 = CARTESIAN_POINT('',(-3.265074145062,55.25828190238));
#1371 = VECTOR('',#1372,1.);
#1372 = DIRECTION('',(-0.819231920519,-0.573462344363));
#1373 = ( GEOMETRIC_REPRESENTATION_CONTEXT(2) 
PARAMETRIC_REPRESENTATION_CONTEXT() REPRESENTATION_CONTEXT('2D SPACE',''
  ) );
#1374 = ORIENTED_EDGE('',*,*,#1375,.F.);
#1375 = EDGE_CURVE('',#1376,#1353,#1378,.T.);
#1376 = VERTEX_POINT('',#1377);
#1377 = CARTESIAN_POINT('',(-83.21981048227,4.601575541239,0.));
#1378 = SURFACE_CURVE('',#1379,(#1383,#1390),.PCURVE_S1.);
#1379 = LINE('',#1380,#1381);
#1380 = CARTESIAN_POINT('',(-83.21981048227,4.601575541239,0.));
#1381 = VECTOR('',#1382,1.);
#1382 = DIRECTION('',(0.,0.,1.));
#1383 = PCURVE('',#1328,#1384);
#1384 = DEFINITIONAL_REPRESENTATION('',(#1385),#1389);
#1385 = LINE('',#1386,#1387);
#1386 = CARTESIAN_POINT('',(97.651386153326,0.));
#1387 = VECTOR('',#1388,1.);
#1388 = DIRECTION('',(0.,-1.));
#1389 = ( GEOMETRIC_REPRESENTATION_CONTEXT(2) 
PARAMETRIC_REPRESENTATION_CONTEXT() REPRESENTATION_CONTEXT('2D SPACE',''
  ) );
#1390 = PCURVE('',#1391,#1396);
#1391 = CYLINDRICAL_SURFACE('',#1392,0.75);
#1392 = AXIS2_PLACEMENT_3D('',#1393,#1394,#1395);
#1393 = CARTESIAN_POINT('',(-83.64990724054,5.215999481628,0.));
#1394 = DIRECTION('',(0.,0.,-1.));
#1395 = DIRECTION('',(0.819231920519,0.573462344363,0.));
#1396 = DEFINITIONAL_REPRESENTATION('',(#1397),#1401);
#1397 = LINE('',#1398,#1399);
#1398 = CARTESIAN_POINT('',(1.570796326795,0.));
#1399 = VECTOR('',#1400,1.);
#1400 = DIRECTION('',(0.,-1.));
#1401 = ( GEOMETRIC_REPRESENTATION_CONTEXT(2) 
PARAMETRIC_REPRESENTATION_CONTEXT() REPRESENTATION_CONTEXT('2D SPACE',''
  ) );
#1402 = ORIENTED_EDGE('',*,*,#1403,.F.);
#1403 = EDGE_CURVE('',#1318,#1376,#1404,.T.);
#1404 = SURFACE_CURVE('',#1405,(#1409,#1416),.PCURVE_S1.);
#1405 = LINE('',#1406,#1407);
#1406 = CARTESIAN_POINT('',(-3.219810482273,60.601575541239,0.));
#1407 = VECTOR('',#1408,1.);
#1408 = DIRECTION('',(-0.819231920519,-0.573462344363,0.));
#1409 = PCURVE('',#1328,#1410);
#1410 = DEFINITIONAL_REPRESENTATION('',(#1411),#1415);
#1411 = LINE('',#1412,#1413);
#1412 = CARTESIAN_POINT('',(-1.058772543549E-03,0.));
#1413 = VECTOR('',#1414,1.);
#1414 = DIRECTION('',(1.,0.));
#1415 = ( GEOMETRIC_REPRESENTATION_CONTEXT(2) 
PARAMETRIC_REPRESENTATION_CONTEXT() REPRESENTATION_CONTEXT('2D SPACE',''
  ) );
#1416 = PCURVE('',#132,#1417);
#1417 = DEFINITIONAL_REPRESENTATION('',(#1418),#1422);
#1418 = LINE('',#1419,#1420);
#1419 = CARTESIAN_POINT('',(-3.265074145062,55.25828190238));
#1420 = VECTOR('',#1421,1.);
#1421 = DIRECTION('',(-0.819231920519,-0.573462344363));
#1422 = ( GEOMETRIC_REPRESENTATION_CONTEXT(2) 
PARAMETRIC_REPRESENTATION_CONTEXT() REPRESENTATION_CONTEXT('2D SPACE',''
  ) );
#1423 = ADVANCED_FACE('',(#1424),#1391,.T.);
#1424 = FACE_BOUND('',#1425,.T.);
#1425 = EDGE_LOOP('',(#1426,#1427,#1455,#1483));
#1426 = ORIENTED_EDGE('',*,*,#1375,.T.);
#1427 = ORIENTED_EDGE('',*,*,#1428,.T.);
#1428 = EDGE_CURVE('',#1353,#1429,#1431,.T.);
#1429 = VERTEX_POINT('',#1430);
#1430 = CARTESIAN_POINT('',(-83.21991267405,4.601504019655,6.));
#1431 = SURFACE_CURVE('',#1432,(#1437,#1444),.PCURVE_S1.);
#1432 = CIRCLE('',#1433,0.75);
#1433 = AXIS2_PLACEMENT_3D('',#1434,#1435,#1436);
#1434 = CARTESIAN_POINT('',(-83.64990724054,5.215999481628,6.));
#1435 = DIRECTION('',(0.,0.,-1.));
#1436 = DIRECTION('',(0.819231920519,0.573462344363,0.));
#1437 = PCURVE('',#1391,#1438);
#1438 = DEFINITIONAL_REPRESENTATION('',(#1439),#1443);
#1439 = LINE('',#1440,#1441);
#1440 = CARTESIAN_POINT('',(0.,-6.));
#1441 = VECTOR('',#1442,1.);
#1442 = DIRECTION('',(1.,0.));
#1443 = ( GEOMETRIC_REPRESENTATION_CONTEXT(2) 
PARAMETRIC_REPRESENTATION_CONTEXT() REPRESENTATION_CONTEXT('2D SPACE',''
  ) );
#1444 = PCURVE('',#73,#1445);
#1445 = DEFINITIONAL_REPRESENTATION('',(#1446),#1454);
#1446 = ( BOUNDED_CURVE() B_SPLINE_CURVE(2,(#1447,#1448,#1449,#1450,
#1451,#1452,#1453),.UNSPECIFIED.,.T.,.F.) B_SPLINE_CURVE_WITH_KNOTS((1,2
    ,2,2,2,1),(-2.094395102393,0.,2.094395102393,4.188790204786,
6.28318530718,8.377580409573),.UNSPECIFIED.) CURVE() 
GEOMETRIC_REPRESENTATION_ITEM() RATIONAL_B_SPLINE_CURVE((1.,0.5,1.,0.5,
1.,0.5,1.)) REPRESENTATION_ITEM('') );
#1447 = CARTESIAN_POINT('',(-83.08074696294,0.302802601042));
#1448 = CARTESIAN_POINT('',(-82.33579752544,-0.761410881099));
#1449 = CARTESIAN_POINT('',(-83.62990815478,-0.874449277437));
#1450 = CARTESIAN_POINT('',(-84.92401878411,-0.987487673776));
#1451 = CARTESIAN_POINT('',(-84.37485759227,0.189764204703));
#1452 = CARTESIAN_POINT('',(-83.82569640044,1.367016083183));
#1453 = CARTESIAN_POINT('',(-83.08074696294,0.302802601042));
#1454 = ( GEOMETRIC_REPRESENTATION_CONTEXT(2) 
PARAMETRIC_REPRESENTATION_CONTEXT() REPRESENTATION_CONTEXT('2D SPACE',''
  ) );
#1455 = ORIENTED_EDGE('',*,*,#1456,.F.);
#1456 = EDGE_CURVE('',#1457,#1429,#1459,.T.);
#1457 = VERTEX_POINT('',#1458);
#1458 = CARTESIAN_POINT('',(-83.21991267405,4.601504019655,0.));
#1459 = SURFACE_CURVE('',#1460,(#1464,#1471),.PCURVE_S1.);
#1460 = LINE('',#1461,#1462);
#1461 = CARTESIAN_POINT('',(-83.21991267405,4.601504019655,0.));
#1462 = VECTOR('',#1463,1.);
#1463 = DIRECTION('',(0.,0.,1.));
#1464 = PCURVE('',#1391,#1465);
#1465 = DEFINITIONAL_REPRESENTATION('',(#1466),#1470);
#1466 = LINE('',#1467,#1468);
#1467 = CARTESIAN_POINT('',(1.570962638398,0.));
#1468 = VECTOR('',#1469,1.);
#1469 = DIRECTION('',(0.,-1.));
#1470 = ( GEOMETRIC_REPRESENTATION_CONTEXT(2) 
PARAMETRIC_REPRESENTATION_CONTEXT() REPRESENTATION_CONTEXT('2D SPACE',''
  ) );
#1471 = PCURVE('',#1472,#1477);
#1472 = CYLINDRICAL_SURFACE('',#1473,5.616197723676);
#1473 = AXIS2_PLACEMENT_3D('',#1474,#1475,#1476);
#1474 = CARTESIAN_POINT('',(-80.,0.,0.));
#1475 = DIRECTION('',(-0.,0.,-1.));
#1476 = DIRECTION('',(1.,0.,0.));
#1477 = DEFINITIONAL_REPRESENTATION('',(#1478),#1482);
#1478 = LINE('',#1479,#1480);
#1479 = CARTESIAN_POINT('',(-2.181355979581,0.));
#1480 = VECTOR('',#1481,1.);
#1481 = DIRECTION('',(-0.,-1.));
#1482 = ( GEOMETRIC_REPRESENTATION_CONTEXT(2) 
PARAMETRIC_REPRESENTATION_CONTEXT() REPRESENTATION_CONTEXT('2D SPACE',''
  ) );
#1483 = ORIENTED_EDGE('',*,*,#1484,.F.);
#1484 = EDGE_CURVE('',#1376,#1457,#1485,.T.);
#1485 = SURFACE_CURVE('',#1486,(#1491,#1498),.PCURVE_S1.);
#1486 = CIRCLE('',#1487,0.75);
#1487 = AXIS2_PLACEMENT_3D('',#1488,#1489,#1490);
#1488 = CARTESIAN_POINT('',(-83.64990724054,5.215999481628,0.));
#1489 = DIRECTION('',(0.,0.,-1.));
#1490 = DIRECTION('',(0.819231920519,0.573462344363,0.));
#1491 = PCURVE('',#1391,#1492);
#1492 = DEFINITIONAL_REPRESENTATION('',(#1493),#1497);
#1493 = LINE('',#1494,#1495);
#1494 = CARTESIAN_POINT('',(0.,0.));
#1495 = VECTOR('',#1496,1.);
#1496 = DIRECTION('',(1.,0.));
#1497 = ( GEOMETRIC_REPRESENTATION_CONTEXT(2) 
PARAMETRIC_REPRESENTATION_CONTEXT() REPRESENTATION_CONTEXT('2D SPACE',''
  ) );
#1498 = PCURVE('',#132,#1499);
#1499 = DEFINITIONAL_REPRESENTATION('',(#1500),#1508);
#1500 = ( BOUNDED_CURVE() B_SPLINE_CURVE(2,(#1501,#1502,#1503,#1504,
#1505,#1506,#1507),.UNSPECIFIED.,.T.,.F.) B_SPLINE_CURVE_WITH_KNOTS((1,2
    ,2,2,2,1),(-2.094395102393,0.,2.094395102393,4.188790204786,
6.28318530718,8.377580409573),.UNSPECIFIED.) CURVE() 
GEOMETRIC_REPRESENTATION_ITEM() RATIONAL_B_SPLINE_CURVE((1.,0.5,1.,0.5,
1.,0.5,1.)) REPRESENTATION_ITEM('') );
#1501 = CARTESIAN_POINT('',(-83.08074696294,0.302802601042));
#1502 = CARTESIAN_POINT('',(-82.33579752544,-0.761410881099));
#1503 = CARTESIAN_POINT('',(-83.62990815478,-0.874449277437));
#1504 = CARTESIAN_POINT('',(-84.92401878411,-0.987487673776));
#1505 = CARTESIAN_POINT('',(-84.37485759227,0.189764204703));
#1506 = CARTESIAN_POINT('',(-83.82569640044,1.367016083183));
#1507 = CARTESIAN_POINT('',(-83.08074696294,0.302802601042));
#1508 = ( GEOMETRIC_REPRESENTATION_CONTEXT(2) 
PARAMETRIC_REPRESENTATION_CONTEXT() REPRESENTATION_CONTEXT('2D SPACE',''
  ) );
#1509 = ADVANCED_FACE('',(#1510),#1472,.F.);
#1510 = FACE_BOUND('',#1511,.T.);
#1511 = EDGE_LOOP('',(#1512,#1513,#1537,#1565));
#1512 = ORIENTED_EDGE('',*,*,#1456,.T.);
#1513 = ORIENTED_EDGE('',*,*,#1514,.T.);
#1514 = EDGE_CURVE('',#1429,#1515,#1517,.T.);
#1515 = VERTEX_POINT('',#1516);
#1516 = CARTESIAN_POINT('',(-82.47633370858,-5.040778534627,6.));
#1517 = SURFACE_CURVE('',#1518,(#1523,#1530),.PCURVE_S1.);
#1518 = CIRCLE('',#1519,5.616197723676);
#1519 = AXIS2_PLACEMENT_3D('',#1520,#1521,#1522);
#1520 = CARTESIAN_POINT('',(-80.,0.,6.));
#1521 = DIRECTION('',(0.,-0.,1.));
#1522 = DIRECTION('',(1.,0.,0.));
#1523 = PCURVE('',#1472,#1524);
#1524 = DEFINITIONAL_REPRESENTATION('',(#1525),#1529);
#1525 = LINE('',#1526,#1527);
#1526 = CARTESIAN_POINT('',(-0.,-6.));
#1527 = VECTOR('',#1528,1.);
#1528 = DIRECTION('',(-1.,0.));
#1529 = ( GEOMETRIC_REPRESENTATION_CONTEXT(2) 
PARAMETRIC_REPRESENTATION_CONTEXT() REPRESENTATION_CONTEXT('2D SPACE',''
  ) );
#1530 = PCURVE('',#73,#1531);
#1531 = DEFINITIONAL_REPRESENTATION('',(#1532),#1536);
#1532 = CIRCLE('',#1533,5.616197723676);
#1533 = AXIS2_PLACEMENT_2D('',#1534,#1535);
#1534 = CARTESIAN_POINT('',(-80.04526366278,-5.343293638859));
#1535 = DIRECTION('',(1.,0.));
#1536 = ( GEOMETRIC_REPRESENTATION_CONTEXT(2) 
PARAMETRIC_REPRESENTATION_CONTEXT() REPRESENTATION_CONTEXT('2D SPACE',''
  ) );
#1537 = ORIENTED_EDGE('',*,*,#1538,.F.);
#1538 = EDGE_CURVE('',#1539,#1515,#1541,.T.);
#1539 = VERTEX_POINT('',#1540);
#1540 = CARTESIAN_POINT('',(-82.47633370858,-5.040778534627,0.));
#1541 = SURFACE_CURVE('',#1542,(#1546,#1553),.PCURVE_S1.);
#1542 = LINE('',#1543,#1544);
#1543 = CARTESIAN_POINT('',(-82.47633370858,-5.040778534627,0.));
#1544 = VECTOR('',#1545,1.);
#1545 = DIRECTION('',(0.,0.,1.));
#1546 = PCURVE('',#1472,#1547);
#1547 = DEFINITIONAL_REPRESENTATION('',(#1548),#1552);
#1548 = LINE('',#1549,#1550);
#1549 = CARTESIAN_POINT('',(-4.255757650882,0.));
#1550 = VECTOR('',#1551,1.);
#1551 = DIRECTION('',(-0.,-1.));
#1552 = ( GEOMETRIC_REPRESENTATION_CONTEXT(2) 
PARAMETRIC_REPRESENTATION_CONTEXT() REPRESENTATION_CONTEXT('2D SPACE',''
  ) );
#1553 = PCURVE('',#1554,#1559);
#1554 = PLANE('',#1555);
#1555 = AXIS2_PLACEMENT_3D('',#1556,#1557,#1558);
#1556 = CARTESIAN_POINT('',(-4.519607714987,-43.19976417821,0.));
#1557 = DIRECTION('',(-0.439645346378,-0.898171458803,0.));
#1558 = DIRECTION('',(-0.898171458803,0.439645346378,0.));
#1559 = DEFINITIONAL_REPRESENTATION('',(#1560),#1564);
#1560 = LINE('',#1561,#1562);
#1561 = CARTESIAN_POINT('',(86.794926769876,0.));
#1562 = VECTOR('',#1563,1.);
#1563 = DIRECTION('',(0.,-1.));
#1564 = ( GEOMETRIC_REPRESENTATION_CONTEXT(2) 
PARAMETRIC_REPRESENTATION_CONTEXT() REPRESENTATION_CONTEXT('2D SPACE',''
  ) );
#1565 = ORIENTED_EDGE('',*,*,#1566,.F.);
#1566 = EDGE_CURVE('',#1457,#1539,#1567,.T.);
#1567 = SURFACE_CURVE('',#1568,(#1573,#1580),.PCURVE_S1.);
#1568 = CIRCLE('',#1569,5.616197723676);
#1569 = AXIS2_PLACEMENT_3D('',#1570,#1571,#1572);
#1570 = CARTESIAN_POINT('',(-80.,0.,0.));
#1571 = DIRECTION('',(0.,-0.,1.));
#1572 = DIRECTION('',(1.,0.,0.));
#1573 = PCURVE('',#1472,#1574);
#1574 = DEFINITIONAL_REPRESENTATION('',(#1575),#1579);
#1575 = LINE('',#1576,#1577);
#1576 = CARTESIAN_POINT('',(-0.,0.));
#1577 = VECTOR('',#1578,1.);
#1578 = DIRECTION('',(-1.,0.));
#1579 = ( GEOMETRIC_REPRESENTATION_CONTEXT(2) 
PARAMETRIC_REPRESENTATION_CONTEXT() REPRESENTATION_CONTEXT('2D SPACE',''
  ) );
#1580 = PCURVE('',#132,#1581);
#1581 = DEFINITIONAL_REPRESENTATION('',(#1582),#1586);
#1582 = CIRCLE('',#1583,5.616197723676);
#1583 = AXIS2_PLACEMENT_2D('',#1584,#1585);
#1584 = CARTESIAN_POINT('',(-80.04526366278,-5.343293638859));
#1585 = DIRECTION('',(1.,0.));
#1586 = ( GEOMETRIC_REPRESENTATION_CONTEXT(2) 
PARAMETRIC_REPRESENTATION_CONTEXT() REPRESENTATION_CONTEXT('2D SPACE',''
  ) );
#1587 = ADVANCED_FACE('',(#1588),#1554,.F.);
#1588 = FACE_BOUND('',#1589,.F.);
#1589 = EDGE_LOOP('',(#1590,#1620,#1641,#1642));
#1590 = ORIENTED_EDGE('',*,*,#1591,.T.);
#1591 = EDGE_CURVE('',#1592,#1594,#1596,.T.);
#1592 = VERTEX_POINT('',#1593);
#1593 = CARTESIAN_POINT('',(-4.519607714987,-43.19976417821,0.));
#1594 = VERTEX_POINT('',#1595);
#1595 = CARTESIAN_POINT('',(-4.519607714987,-43.19976417821,6.));
#1596 = SURFACE_CURVE('',#1597,(#1601,#1608),.PCURVE_S1.);
#1597 = LINE('',#1598,#1599);
#1598 = CARTESIAN_POINT('',(-4.519607714987,-43.19976417821,0.));
#1599 = VECTOR('',#1600,1.);
#1600 = DIRECTION('',(0.,0.,1.));
#1601 = PCURVE('',#1554,#1602);
#1602 = DEFINITIONAL_REPRESENTATION('',(#1603),#1607);
#1603 = LINE('',#1604,#1605);
#1604 = CARTESIAN_POINT('',(0.,0.));
#1605 = VECTOR('',#1606,1.);
#1606 = DIRECTION('',(0.,-1.));
#1607 = ( GEOMETRIC_REPRESENTATION_CONTEXT(2) 
PARAMETRIC_REPRESENTATION_CONTEXT() REPRESENTATION_CONTEXT('2D SPACE',''
  ) );
#1608 = PCURVE('',#1609,#1614);
#1609 = CYLINDRICAL_SURFACE('',#1610,0.75);
#1610 = AXIS2_PLACEMENT_3D('',#1611,#1612,#1613);
#1611 = CARTESIAN_POINT('',(-4.84934172477,-43.87339277231,0.));
#1612 = DIRECTION('',(0.,0.,-1.));
#1613 = DIRECTION('',(-0.898171458803,0.439645346378,0.));
#1614 = DEFINITIONAL_REPRESENTATION('',(#1615),#1619);
#1615 = LINE('',#1616,#1617);
#1616 = CARTESIAN_POINT('',(1.570796326795,0.));
#1617 = VECTOR('',#1618,1.);
#1618 = DIRECTION('',(0.,-1.));
#1619 = ( GEOMETRIC_REPRESENTATION_CONTEXT(2) 
PARAMETRIC_REPRESENTATION_CONTEXT() REPRESENTATION_CONTEXT('2D SPACE',''
  ) );
#1620 = ORIENTED_EDGE('',*,*,#1621,.T.);
#1621 = EDGE_CURVE('',#1594,#1515,#1622,.T.);
#1622 = SURFACE_CURVE('',#1623,(#1627,#1634),.PCURVE_S1.);
#1623 = LINE('',#1624,#1625);
#1624 = CARTESIAN_POINT('',(-4.519607714987,-43.19976417821,6.));
#1625 = VECTOR('',#1626,1.);
#1626 = DIRECTION('',(-0.898171458803,0.439645346378,0.));
#1627 = PCURVE('',#1554,#1628);
#1628 = DEFINITIONAL_REPRESENTATION('',(#1629),#1633);
#1629 = LINE('',#1630,#1631);
#1630 = CARTESIAN_POINT('',(1.595473013799E-15,-6.));
#1631 = VECTOR('',#1632,1.);
#1632 = DIRECTION('',(1.,0.));
#1633 = ( GEOMETRIC_REPRESENTATION_CONTEXT(2) 
PARAMETRIC_REPRESENTATION_CONTEXT() REPRESENTATION_CONTEXT('2D SPACE',''
  ) );
#1634 = PCURVE('',#73,#1635);
#1635 = DEFINITIONAL_REPRESENTATION('',(#1636),#1640);
#1636 = LINE('',#1637,#1638);
#1637 = CARTESIAN_POINT('',(-4.564871377775,-48.54305781707));
#1638 = VECTOR('',#1639,1.);
#1639 = DIRECTION('',(-0.898171458803,0.439645346378));
#1640 = ( GEOMETRIC_REPRESENTATION_CONTEXT(2) 
PARAMETRIC_REPRESENTATION_CONTEXT() REPRESENTATION_CONTEXT('2D SPACE',''
  ) );
#1641 = ORIENTED_EDGE('',*,*,#1538,.F.);
#1642 = ORIENTED_EDGE('',*,*,#1643,.F.);
#1643 = EDGE_CURVE('',#1592,#1539,#1644,.T.);
#1644 = SURFACE_CURVE('',#1645,(#1649,#1656),.PCURVE_S1.);
#1645 = LINE('',#1646,#1647);
#1646 = CARTESIAN_POINT('',(-4.519607714987,-43.19976417821,0.));
#1647 = VECTOR('',#1648,1.);
#1648 = DIRECTION('',(-0.898171458803,0.439645346378,0.));
#1649 = PCURVE('',#1554,#1650);
#1650 = DEFINITIONAL_REPRESENTATION('',(#1651),#1655);
#1651 = LINE('',#1652,#1653);
#1652 = CARTESIAN_POINT('',(1.595473013799E-15,0.));
#1653 = VECTOR('',#1654,1.);
#1654 = DIRECTION('',(1.,0.));
#1655 = ( GEOMETRIC_REPRESENTATION_CONTEXT(2) 
PARAMETRIC_REPRESENTATION_CONTEXT() REPRESENTATION_CONTEXT('2D SPACE',''
  ) );
#1656 = PCURVE('',#132,#1657);
#1657 = DEFINITIONAL_REPRESENTATION('',(#1658),#1662);
#1658 = LINE('',#1659,#1660);
#1659 = CARTESIAN_POINT('',(-4.564871377775,-48.54305781707));
#1660 = VECTOR('',#1661,1.);
#1661 = DIRECTION('',(-0.898171458803,0.439645346378));
#1662 = ( GEOMETRIC_REPRESENTATION_CONTEXT(2) 
PARAMETRIC_REPRESENTATION_CONTEXT() REPRESENTATION_CONTEXT('2D SPACE',''
  ) );
#1663 = ADVANCED_FACE('',(#1664),#1609,.T.);
#1664 = FACE_BOUND('',#1665,.T.);
#1665 = EDGE_LOOP('',(#1666,#1667,#1695,#1723));
#1666 = ORIENTED_EDGE('',*,*,#1591,.T.);
#1667 = ORIENTED_EDGE('',*,*,#1668,.T.);
#1668 = EDGE_CURVE('',#1594,#1669,#1671,.T.);
#1669 = VERTEX_POINT('',#1670);
#1670 = CARTESIAN_POINT('',(-4.518704788991,-43.20020690147,6.));
#1671 = SURFACE_CURVE('',#1672,(#1677,#1684),.PCURVE_S1.);
#1672 = CIRCLE('',#1673,0.75);
#1673 = AXIS2_PLACEMENT_3D('',#1674,#1675,#1676);
#1674 = CARTESIAN_POINT('',(-4.84934172477,-43.87339277231,6.));
#1675 = DIRECTION('',(0.,0.,-1.));
#1676 = DIRECTION('',(-0.898171458803,0.439645346378,0.));
#1677 = PCURVE('',#1609,#1678);
#1678 = DEFINITIONAL_REPRESENTATION('',(#1679),#1683);
#1679 = LINE('',#1680,#1681);
#1680 = CARTESIAN_POINT('',(0.,-6.));
#1681 = VECTOR('',#1682,1.);
#1682 = DIRECTION('',(1.,0.));
#1683 = ( GEOMETRIC_REPRESENTATION_CONTEXT(2) 
PARAMETRIC_REPRESENTATION_CONTEXT() REPRESENTATION_CONTEXT('2D SPACE',''
  ) );
#1684 = PCURVE('',#73,#1685);
#1685 = DEFINITIONAL_REPRESENTATION('',(#1686),#1694);
#1686 = ( BOUNDED_CURVE() B_SPLINE_CURVE(2,(#1687,#1688,#1689,#1690,
#1691,#1692,#1693),.UNSPECIFIED.,.T.,.F.) B_SPLINE_CURVE_WITH_KNOTS((1,2
    ,2,2,2,1),(-2.094395102393,0.,2.094395102393,4.188790204786,
6.28318530718,8.377580409573),.UNSPECIFIED.) CURVE() 
GEOMETRIC_REPRESENTATION_ITEM() RATIONAL_B_SPLINE_CURVE((1.,0.5,1.,0.5,
1.,0.5,1.)) REPRESENTATION_ITEM('') );
#1687 = CARTESIAN_POINT('',(-5.568233981661,-48.88695240139));
#1688 = CARTESIAN_POINT('',(-4.997117923732,-47.72019345097));
#1689 = CARTESIAN_POINT('',(-4.272233061543,-48.79817394085));
#1690 = CARTESIAN_POINT('',(-3.547348199354,-49.87615443074));
#1691 = CARTESIAN_POINT('',(-4.843349119472,-49.96493289127));
#1692 = CARTESIAN_POINT('',(-6.139350039589,-50.0537113518));
#1693 = CARTESIAN_POINT('',(-5.568233981661,-48.88695240139));
#1694 = ( GEOMETRIC_REPRESENTATION_CONTEXT(2) 
PARAMETRIC_REPRESENTATION_CONTEXT() REPRESENTATION_CONTEXT('2D SPACE',''
  ) );
#1695 = ORIENTED_EDGE('',*,*,#1696,.F.);
#1696 = EDGE_CURVE('',#1697,#1669,#1699,.T.);
#1697 = VERTEX_POINT('',#1698);
#1698 = CARTESIAN_POINT('',(-4.518704788991,-43.20020690147,0.));
#1699 = SURFACE_CURVE('',#1700,(#1704,#1711),.PCURVE_S1.);
#1700 = LINE('',#1701,#1702);
#1701 = CARTESIAN_POINT('',(-4.518704788991,-43.20020690147,0.));
#1702 = VECTOR('',#1703,1.);
#1703 = DIRECTION('',(0.,0.,1.));
#1704 = PCURVE('',#1609,#1705);
#1705 = DEFINITIONAL_REPRESENTATION('',(#1706),#1710);
#1706 = LINE('',#1707,#1708);
#1707 = CARTESIAN_POINT('',(1.572137158639,0.));
#1708 = VECTOR('',#1709,1.);
#1709 = DIRECTION('',(0.,-1.));
#1710 = ( GEOMETRIC_REPRESENTATION_CONTEXT(2) 
PARAMETRIC_REPRESENTATION_CONTEXT() REPRESENTATION_CONTEXT('2D SPACE',''
  ) );
#1711 = PCURVE('',#1712,#1717);
#1712 = CYLINDRICAL_SURFACE('',#1713,10.25);
#1713 = AXIS2_PLACEMENT_3D('',#1714,#1715,#1716);
#1714 = CARTESIAN_POINT('',(0.,-34.,0.));
#1715 = DIRECTION('',(-0.,0.,-1.));
#1716 = DIRECTION('',(1.,0.,0.));
#1717 = DEFINITIONAL_REPRESENTATION('',(#1718),#1722);
#1718 = LINE('',#1719,#1720);
#1719 = CARTESIAN_POINT('',(-4.255844375148,0.));
#1720 = VECTOR('',#1721,1.);
#1721 = DIRECTION('',(-0.,-1.));
#1722 = ( GEOMETRIC_REPRESENTATION_CONTEXT(2) 
PARAMETRIC_REPRESENTATION_CONTEXT() REPRESENTATION_CONTEXT('2D SPACE',''
  ) );
#1723 = ORIENTED_EDGE('',*,*,#1724,.F.);
#1724 = EDGE_CURVE('',#1592,#1697,#1725,.T.);
#1725 = SURFACE_CURVE('',#1726,(#1731,#1738),.PCURVE_S1.);
#1726 = CIRCLE('',#1727,0.75);
#1727 = AXIS2_PLACEMENT_3D('',#1728,#1729,#1730);
#1728 = CARTESIAN_POINT('',(-4.84934172477,-43.87339277231,0.));
#1729 = DIRECTION('',(0.,0.,-1.));
#1730 = DIRECTION('',(-0.898171458803,0.439645346378,0.));
#1731 = PCURVE('',#1609,#1732);
#1732 = DEFINITIONAL_REPRESENTATION('',(#1733),#1737);
#1733 = LINE('',#1734,#1735);
#1734 = CARTESIAN_POINT('',(0.,0.));
#1735 = VECTOR('',#1736,1.);
#1736 = DIRECTION('',(1.,0.));
#1737 = ( GEOMETRIC_REPRESENTATION_CONTEXT(2) 
PARAMETRIC_REPRESENTATION_CONTEXT() REPRESENTATION_CONTEXT('2D SPACE',''
  ) );
#1738 = PCURVE('',#132,#1739);
#1739 = DEFINITIONAL_REPRESENTATION('',(#1740),#1748);
#1740 = ( BOUNDED_CURVE() B_SPLINE_CURVE(2,(#1741,#1742,#1743,#1744,
#1745,#1746,#1747),.UNSPECIFIED.,.T.,.F.) B_SPLINE_CURVE_WITH_KNOTS((1,2
    ,2,2,2,1),(-2.094395102393,0.,2.094395102393,4.188790204786,
6.28318530718,8.377580409573),.UNSPECIFIED.) CURVE() 
GEOMETRIC_REPRESENTATION_ITEM() RATIONAL_B_SPLINE_CURVE((1.,0.5,1.,0.5,
1.,0.5,1.)) REPRESENTATION_ITEM('') );
#1741 = CARTESIAN_POINT('',(-5.568233981661,-48.88695240139));
#1742 = CARTESIAN_POINT('',(-4.997117923732,-47.72019345097));
#1743 = CARTESIAN_POINT('',(-4.272233061543,-48.79817394085));
#1744 = CARTESIAN_POINT('',(-3.547348199354,-49.87615443074));
#1745 = CARTESIAN_POINT('',(-4.843349119472,-49.96493289127));
#1746 = CARTESIAN_POINT('',(-6.139350039589,-50.0537113518));
#1747 = CARTESIAN_POINT('',(-5.568233981661,-48.88695240139));
#1748 = ( GEOMETRIC_REPRESENTATION_CONTEXT(2) 
PARAMETRIC_REPRESENTATION_CONTEXT() REPRESENTATION_CONTEXT('2D SPACE',''
  ) );
#1749 = ADVANCED_FACE('',(#1750),#1712,.F.);
#1750 = FACE_BOUND('',#1751,.T.);
#1751 = EDGE_LOOP('',(#1752,#1753,#1777,#1805));
#1752 = ORIENTED_EDGE('',*,*,#1696,.T.);
#1753 = ORIENTED_EDGE('',*,*,#1754,.T.);
#1754 = EDGE_CURVE('',#1669,#1755,#1757,.T.);
#1755 = VERTEX_POINT('',#1756);
#1756 = CARTESIAN_POINT('',(4.504163961782,-43.20733441368,6.));
#1757 = SURFACE_CURVE('',#1758,(#1763,#1770),.PCURVE_S1.);
#1758 = CIRCLE('',#1759,10.25);
#1759 = AXIS2_PLACEMENT_3D('',#1760,#1761,#1762);
#1760 = CARTESIAN_POINT('',(0.,-34.,6.));
#1761 = DIRECTION('',(0.,-0.,1.));
#1762 = DIRECTION('',(1.,0.,0.));
#1763 = PCURVE('',#1712,#1764);
#1764 = DEFINITIONAL_REPRESENTATION('',(#1765),#1769);
#1765 = LINE('',#1766,#1767);
#1766 = CARTESIAN_POINT('',(-0.,-6.));
#1767 = VECTOR('',#1768,1.);
#1768 = DIRECTION('',(-1.,0.));
#1769 = ( GEOMETRIC_REPRESENTATION_CONTEXT(2) 
PARAMETRIC_REPRESENTATION_CONTEXT() REPRESENTATION_CONTEXT('2D SPACE',''
  ) );
#1770 = PCURVE('',#73,#1771);
#1771 = DEFINITIONAL_REPRESENTATION('',(#1772),#1776);
#1772 = CIRCLE('',#1773,10.25);
#1773 = AXIS2_PLACEMENT_2D('',#1774,#1775);
#1774 = CARTESIAN_POINT('',(-4.526366278827E-02,-39.34329363885));
#1775 = DIRECTION('',(1.,0.));
#1776 = ( GEOMETRIC_REPRESENTATION_CONTEXT(2) 
PARAMETRIC_REPRESENTATION_CONTEXT() REPRESENTATION_CONTEXT('2D SPACE',''
  ) );
#1777 = ORIENTED_EDGE('',*,*,#1778,.F.);
#1778 = EDGE_CURVE('',#1779,#1755,#1781,.T.);
#1779 = VERTEX_POINT('',#1780);
#1780 = CARTESIAN_POINT('',(4.504163961782,-43.20733441368,0.));
#1781 = SURFACE_CURVE('',#1782,(#1786,#1793),.PCURVE_S1.);
#1782 = LINE('',#1783,#1784);
#1783 = CARTESIAN_POINT('',(4.504163961782,-43.20733441368,0.));
#1784 = VECTOR('',#1785,1.);
#1785 = DIRECTION('',(0.,0.,1.));
#1786 = PCURVE('',#1712,#1787);
#1787 = DEFINITIONAL_REPRESENTATION('',(#1788),#1792);
#1788 = LINE('',#1789,#1790);
#1789 = CARTESIAN_POINT('',(-5.167353708772,0.));
#1790 = VECTOR('',#1791,1.);
#1791 = DIRECTION('',(-0.,-1.));
#1792 = ( GEOMETRIC_REPRESENTATION_CONTEXT(2) 
PARAMETRIC_REPRESENTATION_CONTEXT() REPRESENTATION_CONTEXT('2D SPACE',''
  ) );
#1793 = PCURVE('',#1794,#1799);
#1794 = PLANE('',#1795);
#1795 = AXIS2_PLACEMENT_3D('',#1796,#1797,#1798);
#1796 = CARTESIAN_POINT('',(4.504163961782,-43.20733441368,0.));
#1797 = DIRECTION('',(-0.439645388202,0.898171438331,0.));
#1798 = DIRECTION('',(0.898171438331,0.439645388202,0.));
#1799 = DEFINITIONAL_REPRESENTATION('',(#1800),#1804);
#1800 = LINE('',#1801,#1802);
#1801 = CARTESIAN_POINT('',(-3.190945954865E-15,0.));
#1802 = VECTOR('',#1803,1.);
#1803 = DIRECTION('',(0.,-1.));
#1804 = ( GEOMETRIC_REPRESENTATION_CONTEXT(2) 
PARAMETRIC_REPRESENTATION_CONTEXT() REPRESENTATION_CONTEXT('2D SPACE',''
  ) );
#1805 = ORIENTED_EDGE('',*,*,#1806,.F.);
#1806 = EDGE_CURVE('',#1697,#1779,#1807,.T.);
#1807 = SURFACE_CURVE('',#1808,(#1813,#1820),.PCURVE_S1.);
#1808 = CIRCLE('',#1809,10.25);
#1809 = AXIS2_PLACEMENT_3D('',#1810,#1811,#1812);
#1810 = CARTESIAN_POINT('',(0.,-34.,0.));
#1811 = DIRECTION('',(0.,-0.,1.));
#1812 = DIRECTION('',(1.,0.,0.));
#1813 = PCURVE('',#1712,#1814);
#1814 = DEFINITIONAL_REPRESENTATION('',(#1815),#1819);
#1815 = LINE('',#1816,#1817);
#1816 = CARTESIAN_POINT('',(-0.,0.));
#1817 = VECTOR('',#1818,1.);
#1818 = DIRECTION('',(-1.,0.));
#1819 = ( GEOMETRIC_REPRESENTATION_CONTEXT(2) 
PARAMETRIC_REPRESENTATION_CONTEXT() REPRESENTATION_CONTEXT('2D SPACE',''
  ) );
#1820 = PCURVE('',#132,#1821);
#1821 = DEFINITIONAL_REPRESENTATION('',(#1822),#1826);
#1822 = CIRCLE('',#1823,10.25);
#1823 = AXIS2_PLACEMENT_2D('',#1824,#1825);
#1824 = CARTESIAN_POINT('',(-4.526366278827E-02,-39.34329363885));
#1825 = DIRECTION('',(1.,0.));
#1826 = ( GEOMETRIC_REPRESENTATION_CONTEXT(2) 
PARAMETRIC_REPRESENTATION_CONTEXT() REPRESENTATION_CONTEXT('2D SPACE',''
  ) );
#1827 = ADVANCED_FACE('',(#1828),#1794,.T.);
#1828 = FACE_BOUND('',#1829,.T.);
#1829 = EDGE_LOOP('',(#1830,#1831,#1854,#1882));
#1830 = ORIENTED_EDGE('',*,*,#1778,.T.);
#1831 = ORIENTED_EDGE('',*,*,#1832,.T.);
#1832 = EDGE_CURVE('',#1755,#1833,#1835,.T.);
#1833 = VERTEX_POINT('',#1834);
#1834 = CARTESIAN_POINT('',(82.46781567213,-5.044954205357,6.));
#1835 = SURFACE_CURVE('',#1836,(#1840,#1847),.PCURVE_S1.);
#1836 = LINE('',#1837,#1838);
#1837 = CARTESIAN_POINT('',(4.504084853861,-43.20737313617,6.));
#1838 = VECTOR('',#1839,1.);
#1839 = DIRECTION('',(0.898171438331,0.439645388202,0.));
#1840 = PCURVE('',#1794,#1841);
#1841 = DEFINITIONAL_REPRESENTATION('',(#1842),#1846);
#1842 = LINE('',#1843,#1844);
#1843 = CARTESIAN_POINT('',(-8.807663770588E-05,-6.));
#1844 = VECTOR('',#1845,1.);
#1845 = DIRECTION('',(1.,0.));
#1846 = ( GEOMETRIC_REPRESENTATION_CONTEXT(2) 
PARAMETRIC_REPRESENTATION_CONTEXT() REPRESENTATION_CONTEXT('2D SPACE',''
  ) );
#1847 = PCURVE('',#73,#1848);
#1848 = DEFINITIONAL_REPRESENTATION('',(#1849),#1853);
#1849 = LINE('',#1850,#1851);
#1850 = CARTESIAN_POINT('',(4.458821191073,-48.55066677502));
#1851 = VECTOR('',#1852,1.);
#1852 = DIRECTION('',(0.898171438331,0.439645388202));
#1853 = ( GEOMETRIC_REPRESENTATION_CONTEXT(2) 
PARAMETRIC_REPRESENTATION_CONTEXT() REPRESENTATION_CONTEXT('2D SPACE',''
  ) );
#1854 = ORIENTED_EDGE('',*,*,#1855,.F.);
#1855 = EDGE_CURVE('',#1856,#1833,#1858,.T.);
#1856 = VERTEX_POINT('',#1857);
#1857 = CARTESIAN_POINT('',(82.46781567213,-5.044954205357,0.));
#1858 = SURFACE_CURVE('',#1859,(#1863,#1870),.PCURVE_S1.);
#1859 = LINE('',#1860,#1861);
#1860 = CARTESIAN_POINT('',(82.46781567213,-5.044954205357,0.));
#1861 = VECTOR('',#1862,1.);
#1862 = DIRECTION('',(0.,0.,1.));
#1863 = PCURVE('',#1794,#1864);
#1864 = DEFINITIONAL_REPRESENTATION('',(#1865),#1869);
#1865 = LINE('',#1866,#1867);
#1866 = CARTESIAN_POINT('',(86.802639655585,0.));
#1867 = VECTOR('',#1868,1.);
#1868 = DIRECTION('',(0.,-1.));
#1869 = ( GEOMETRIC_REPRESENTATION_CONTEXT(2) 
PARAMETRIC_REPRESENTATION_CONTEXT() REPRESENTATION_CONTEXT('2D SPACE',''
  ) );
#1870 = PCURVE('',#1871,#1876);
#1871 = CYLINDRICAL_SURFACE('',#1872,0.75);
#1872 = AXIS2_PLACEMENT_3D('',#1873,#1874,#1875);
#1873 = CARTESIAN_POINT('',(82.797549713281,-5.718582784104,0.));
#1874 = DIRECTION('',(-0.,0.,-1.));
#1875 = DIRECTION('',(-0.898171438331,-0.439645388202,0.));
#1876 = DEFINITIONAL_REPRESENTATION('',(#1877),#1881);
#1877 = LINE('',#1878,#1879);
#1878 = CARTESIAN_POINT('',(1.570796326795,0.));
#1879 = VECTOR('',#1880,1.);
#1880 = DIRECTION('',(0.,-1.));
#1881 = ( GEOMETRIC_REPRESENTATION_CONTEXT(2) 
PARAMETRIC_REPRESENTATION_CONTEXT() REPRESENTATION_CONTEXT('2D SPACE',''
  ) );
#1882 = ORIENTED_EDGE('',*,*,#1883,.F.);
#1883 = EDGE_CURVE('',#1779,#1856,#1884,.T.);
#1884 = SURFACE_CURVE('',#1885,(#1889,#1896),.PCURVE_S1.);
#1885 = LINE('',#1886,#1887);
#1886 = CARTESIAN_POINT('',(4.504084853861,-43.20737313617,0.));
#1887 = VECTOR('',#1888,1.);
#1888 = DIRECTION('',(0.898171438331,0.439645388202,0.));
#1889 = PCURVE('',#1794,#1890);
#1890 = DEFINITIONAL_REPRESENTATION('',(#1891),#1895);
#1891 = LINE('',#1892,#1893);
#1892 = CARTESIAN_POINT('',(-8.807663770588E-05,-0.));
#1893 = VECTOR('',#1894,1.);
#1894 = DIRECTION('',(1.,0.));
#1895 = ( GEOMETRIC_REPRESENTATION_CONTEXT(2) 
PARAMETRIC_REPRESENTATION_CONTEXT() REPRESENTATION_CONTEXT('2D SPACE',''
  ) );
#1896 = PCURVE('',#132,#1897);
#1897 = DEFINITIONAL_REPRESENTATION('',(#1898),#1902);
#1898 = LINE('',#1899,#1900);
#1899 = CARTESIAN_POINT('',(4.458821191073,-48.55066677502));
#1900 = VECTOR('',#1901,1.);
#1901 = DIRECTION('',(0.898171438331,0.439645388202));
#1902 = ( GEOMETRIC_REPRESENTATION_CONTEXT(2) 
PARAMETRIC_REPRESENTATION_CONTEXT() REPRESENTATION_CONTEXT('2D SPACE',''
  ) );
#1903 = ADVANCED_FACE('',(#1904),#1871,.T.);
#1904 = FACE_BOUND('',#1905,.T.);
#1905 = EDGE_LOOP('',(#1906,#1907,#1935,#1963));
#1906 = ORIENTED_EDGE('',*,*,#1855,.T.);
#1907 = ORIENTED_EDGE('',*,*,#1908,.T.);
#1908 = EDGE_CURVE('',#1833,#1909,#1911,.T.);
#1909 = VERTEX_POINT('',#1910);
#1910 = CARTESIAN_POINT('',(82.467971152257,-5.044878121724,6.));
#1911 = SURFACE_CURVE('',#1912,(#1917,#1924),.PCURVE_S1.);
#1912 = CIRCLE('',#1913,0.75);
#1913 = AXIS2_PLACEMENT_3D('',#1914,#1915,#1916);
#1914 = CARTESIAN_POINT('',(82.797549713281,-5.718582784104,6.));
#1915 = DIRECTION('',(-0.,0.,-1.));
#1916 = DIRECTION('',(-0.898171438331,-0.439645388202,0.));
#1917 = PCURVE('',#1871,#1918);
#1918 = DEFINITIONAL_REPRESENTATION('',(#1919),#1923);
#1919 = LINE('',#1920,#1921);
#1920 = CARTESIAN_POINT('',(0.,-6.));
#1921 = VECTOR('',#1922,1.);
#1922 = DIRECTION('',(1.,0.));
#1923 = ( GEOMETRIC_REPRESENTATION_CONTEXT(2) 
PARAMETRIC_REPRESENTATION_CONTEXT() REPRESENTATION_CONTEXT('2D SPACE',''
  ) );
#1924 = PCURVE('',#73,#1925);
#1925 = DEFINITIONAL_REPRESENTATION('',(#1926),#1934);
#1926 = ( BOUNDED_CURVE() B_SPLINE_CURVE(2,(#1927,#1928,#1929,#1930,
#1931,#1932,#1933),.UNSPECIFIED.,.T.,.F.) B_SPLINE_CURVE_WITH_KNOTS((1,2
    ,2,2,2,1),(-2.094395102393,0.,2.094395102393,4.188790204786,
6.28318530718,8.377580409573),.UNSPECIFIED.) CURVE() 
GEOMETRIC_REPRESENTATION_ITEM() RATIONAL_B_SPLINE_CURVE((1.,0.5,1.,0.5,
1.,0.5,1.)) REPRESENTATION_ITEM('') );
#1927 = CARTESIAN_POINT('',(82.078657471745,-11.39161046411));
#1928 = CARTESIAN_POINT('',(81.507541359486,-10.22485154029));
#1929 = CARTESIAN_POINT('',(82.803542283737,-10.31362994047));
#1930 = CARTESIAN_POINT('',(84.099543207989,-10.40240834066));
#1931 = CARTESIAN_POINT('',(83.374658395996,-11.48038886429));
#1932 = CARTESIAN_POINT('',(82.649773584004,-12.55836938793));
#1933 = CARTESIAN_POINT('',(82.078657471745,-11.39161046411));
#1934 = ( GEOMETRIC_REPRESENTATION_CONTEXT(2) 
PARAMETRIC_REPRESENTATION_CONTEXT() REPRESENTATION_CONTEXT('2D SPACE',''
  ) );
#1935 = ORIENTED_EDGE('',*,*,#1936,.F.);
#1936 = EDGE_CURVE('',#1937,#1909,#1939,.T.);
#1937 = VERTEX_POINT('',#1938);
#1938 = CARTESIAN_POINT('',(82.467971152257,-5.044878121724,0.));
#1939 = SURFACE_CURVE('',#1940,(#1944,#1951),.PCURVE_S1.);
#1940 = LINE('',#1941,#1942);
#1941 = CARTESIAN_POINT('',(82.467971152257,-5.044878121724,0.));
#1942 = VECTOR('',#1943,1.);
#1943 = DIRECTION('',(0.,0.,1.));
#1944 = PCURVE('',#1871,#1945);
#1945 = DEFINITIONAL_REPRESENTATION('',(#1946),#1950);
#1946 = LINE('',#1947,#1948);
#1947 = CARTESIAN_POINT('',(1.571027123635,0.));
#1948 = VECTOR('',#1949,1.);
#1949 = DIRECTION('',(0.,-1.));
#1950 = ( GEOMETRIC_REPRESENTATION_CONTEXT(2) 
PARAMETRIC_REPRESENTATION_CONTEXT() REPRESENTATION_CONTEXT('2D SPACE',''
  ) );
#1951 = PCURVE('',#1952,#1957);
#1952 = CYLINDRICAL_SURFACE('',#1953,5.616197723676);
#1953 = AXIS2_PLACEMENT_3D('',#1954,#1955,#1956);
#1954 = CARTESIAN_POINT('',(80.,0.,0.));
#1955 = DIRECTION('',(-0.,0.,-1.));
#1956 = DIRECTION('',(1.,0.,0.));
#1957 = DEFINITIONAL_REPRESENTATION('',(#1958),#1962);
#1958 = LINE('',#1959,#1960);
#1959 = CARTESIAN_POINT('',(-5.167362003503,0.));
#1960 = VECTOR('',#1961,1.);
#1961 = DIRECTION('',(-0.,-1.));
#1962 = ( GEOMETRIC_REPRESENTATION_CONTEXT(2) 
PARAMETRIC_REPRESENTATION_CONTEXT() REPRESENTATION_CONTEXT('2D SPACE',''
  ) );
#1963 = ORIENTED_EDGE('',*,*,#1964,.F.);
#1964 = EDGE_CURVE('',#1856,#1937,#1965,.T.);
#1965 = SURFACE_CURVE('',#1966,(#1971,#1978),.PCURVE_S1.);
#1966 = CIRCLE('',#1967,0.75);
#1967 = AXIS2_PLACEMENT_3D('',#1968,#1969,#1970);
#1968 = CARTESIAN_POINT('',(82.797549713281,-5.718582784104,0.));
#1969 = DIRECTION('',(-0.,0.,-1.));
#1970 = DIRECTION('',(-0.898171438331,-0.439645388202,0.));
#1971 = PCURVE('',#1871,#1972);
#1972 = DEFINITIONAL_REPRESENTATION('',(#1973),#1977);
#1973 = LINE('',#1974,#1975);
#1974 = CARTESIAN_POINT('',(0.,0.));
#1975 = VECTOR('',#1976,1.);
#1976 = DIRECTION('',(1.,0.));
#1977 = ( GEOMETRIC_REPRESENTATION_CONTEXT(2) 
PARAMETRIC_REPRESENTATION_CONTEXT() REPRESENTATION_CONTEXT('2D SPACE',''
  ) );
#1978 = PCURVE('',#132,#1979);
#1979 = DEFINITIONAL_REPRESENTATION('',(#1980),#1988);
#1980 = ( BOUNDED_CURVE() B_SPLINE_CURVE(2,(#1981,#1982,#1983,#1984,
#1985,#1986,#1987),.UNSPECIFIED.,.T.,.F.) B_SPLINE_CURVE_WITH_KNOTS((1,2
    ,2,2,2,1),(-2.094395102393,0.,2.094395102393,4.188790204786,
6.28318530718,8.377580409573),.UNSPECIFIED.) CURVE() 
GEOMETRIC_REPRESENTATION_ITEM() RATIONAL_B_SPLINE_CURVE((1.,0.5,1.,0.5,
1.,0.5,1.)) REPRESENTATION_ITEM('') );
#1981 = CARTESIAN_POINT('',(82.078657471745,-11.39161046411));
#1982 = CARTESIAN_POINT('',(81.507541359486,-10.22485154029));
#1983 = CARTESIAN_POINT('',(82.803542283737,-10.31362994047));
#1984 = CARTESIAN_POINT('',(84.099543207989,-10.40240834066));
#1985 = CARTESIAN_POINT('',(83.374658395996,-11.48038886429));
#1986 = CARTESIAN_POINT('',(82.649773584004,-12.55836938793));
#1987 = CARTESIAN_POINT('',(82.078657471745,-11.39161046411));
#1988 = ( GEOMETRIC_REPRESENTATION_CONTEXT(2) 
PARAMETRIC_REPRESENTATION_CONTEXT() REPRESENTATION_CONTEXT('2D SPACE',''
  ) );
#1989 = ADVANCED_FACE('',(#1990),#1952,.F.);
#1990 = FACE_BOUND('',#1991,.T.);
#1991 = EDGE_LOOP('',(#1992,#1993,#2017,#2045));
#1992 = ORIENTED_EDGE('',*,*,#1936,.T.);
#1993 = ORIENTED_EDGE('',*,*,#1994,.T.);
#1994 = EDGE_CURVE('',#1909,#1995,#1997,.T.);
#1995 = VERTEX_POINT('',#1996);
#1996 = CARTESIAN_POINT('',(85.616168157753,-1.822348113329E-02,6.));
#1997 = SURFACE_CURVE('',#1998,(#2003,#2010),.PCURVE_S1.);
#1998 = CIRCLE('',#1999,5.616197723676);
#1999 = AXIS2_PLACEMENT_3D('',#2000,#2001,#2002);
#2000 = CARTESIAN_POINT('',(80.,0.,6.));
#2001 = DIRECTION('',(0.,-0.,1.));
#2002 = DIRECTION('',(1.,0.,0.));
#2003 = PCURVE('',#1952,#2004);
#2004 = DEFINITIONAL_REPRESENTATION('',(#2005),#2009);
#2005 = LINE('',#2006,#2007);
#2006 = CARTESIAN_POINT('',(-0.,-6.));
#2007 = VECTOR('',#2008,1.);
#2008 = DIRECTION('',(-1.,0.));
#2009 = ( GEOMETRIC_REPRESENTATION_CONTEXT(2) 
PARAMETRIC_REPRESENTATION_CONTEXT() REPRESENTATION_CONTEXT('2D SPACE',''
  ) );
#2010 = PCURVE('',#73,#2011);
#2011 = DEFINITIONAL_REPRESENTATION('',(#2012),#2016);
#2012 = CIRCLE('',#2013,5.616197723676);
#2013 = AXIS2_PLACEMENT_2D('',#2014,#2015);
#2014 = CARTESIAN_POINT('',(79.954736337212,-5.343293638859));
#2015 = DIRECTION('',(1.,0.));
#2016 = ( GEOMETRIC_REPRESENTATION_CONTEXT(2) 
PARAMETRIC_REPRESENTATION_CONTEXT() REPRESENTATION_CONTEXT('2D SPACE',''
  ) );
#2017 = ORIENTED_EDGE('',*,*,#2018,.F.);
#2018 = EDGE_CURVE('',#2019,#1995,#2021,.T.);
#2019 = VERTEX_POINT('',#2020);
#2020 = CARTESIAN_POINT('',(85.616168157753,-1.822348113329E-02,0.));
#2021 = SURFACE_CURVE('',#2022,(#2026,#2033),.PCURVE_S1.);
#2022 = LINE('',#2023,#2024);
#2023 = CARTESIAN_POINT('',(85.616168157753,-1.822348113329E-02,0.));
#2024 = VECTOR('',#2025,1.);
#2025 = DIRECTION('',(0.,0.,1.));
#2026 = PCURVE('',#1952,#2027);
#2027 = DEFINITIONAL_REPRESENTATION('',(#2028),#2032);
#2028 = LINE('',#2029,#2030);
#2029 = CARTESIAN_POINT('',(-6.279940493872,0.));
#2030 = VECTOR('',#2031,1.);
#2031 = DIRECTION('',(-0.,-1.));
#2032 = ( GEOMETRIC_REPRESENTATION_CONTEXT(2) 
PARAMETRIC_REPRESENTATION_CONTEXT() REPRESENTATION_CONTEXT('2D SPACE',''
  ) );
#2033 = PCURVE('',#2034,#2039);
#2034 = PLANE('',#2035);
#2035 = AXIS2_PLACEMENT_3D('',#2036,#2037,#2038);
#2036 = CARTESIAN_POINT('',(85.616197694661,5.708812857801E-04,0.));
#2037 = DIRECTION('',(0.999998765065,-1.571581470871E-03,0.));
#2038 = DIRECTION('',(-1.571581470871E-03,-0.999998765065,0.));
#2039 = DEFINITIONAL_REPRESENTATION('',(#2040),#2044);
#2040 = LINE('',#2041,#2042);
#2041 = CARTESIAN_POINT('',(1.879438562891E-02,0.));
#2042 = VECTOR('',#2043,1.);
#2043 = DIRECTION('',(0.,-1.));
#2044 = ( GEOMETRIC_REPRESENTATION_CONTEXT(2) 
PARAMETRIC_REPRESENTATION_CONTEXT() REPRESENTATION_CONTEXT('2D SPACE',''
  ) );
#2045 = ORIENTED_EDGE('',*,*,#2046,.F.);
#2046 = EDGE_CURVE('',#1937,#2019,#2047,.T.);
#2047 = SURFACE_CURVE('',#2048,(#2053,#2060),.PCURVE_S1.);
#2048 = CIRCLE('',#2049,5.616197723676);
#2049 = AXIS2_PLACEMENT_3D('',#2050,#2051,#2052);
#2050 = CARTESIAN_POINT('',(80.,0.,0.));
#2051 = DIRECTION('',(0.,-0.,1.));
#2052 = DIRECTION('',(1.,0.,0.));
#2053 = PCURVE('',#1952,#2054);
#2054 = DEFINITIONAL_REPRESENTATION('',(#2055),#2059);
#2055 = LINE('',#2056,#2057);
#2056 = CARTESIAN_POINT('',(-0.,0.));
#2057 = VECTOR('',#2058,1.);
#2058 = DIRECTION('',(-1.,0.));
#2059 = ( GEOMETRIC_REPRESENTATION_CONTEXT(2) 
PARAMETRIC_REPRESENTATION_CONTEXT() REPRESENTATION_CONTEXT('2D SPACE',''
  ) );
#2060 = PCURVE('',#132,#2061);
#2061 = DEFINITIONAL_REPRESENTATION('',(#2062),#2066);
#2062 = CIRCLE('',#2063,5.616197723676);
#2063 = AXIS2_PLACEMENT_2D('',#2064,#2065);
#2064 = CARTESIAN_POINT('',(79.954736337212,-5.343293638859));
#2065 = DIRECTION('',(1.,0.));
#2066 = ( GEOMETRIC_REPRESENTATION_CONTEXT(2) 
PARAMETRIC_REPRESENTATION_CONTEXT() REPRESENTATION_CONTEXT('2D SPACE',''
  ) );
#2067 = ADVANCED_FACE('',(#2068),#2034,.F.);
#2068 = FACE_BOUND('',#2069,.F.);
#2069 = EDGE_LOOP('',(#2070,#2100,#2121,#2122));
#2070 = ORIENTED_EDGE('',*,*,#2071,.T.);
#2071 = EDGE_CURVE('',#2072,#2074,#2076,.T.);
#2072 = VERTEX_POINT('',#2073);
#2073 = CARTESIAN_POINT('',(85.616197694661,5.708812857801E-04,0.));
#2074 = VERTEX_POINT('',#2075);
#2075 = CARTESIAN_POINT('',(85.616197694661,5.708812857801E-04,6.));
#2076 = SURFACE_CURVE('',#2077,(#2081,#2088),.PCURVE_S1.);
#2077 = LINE('',#2078,#2079);
#2078 = CARTESIAN_POINT('',(85.616197694661,5.708812857801E-04,0.));
#2079 = VECTOR('',#2080,1.);
#2080 = DIRECTION('',(0.,0.,1.));
#2081 = PCURVE('',#2034,#2082);
#2082 = DEFINITIONAL_REPRESENTATION('',(#2083),#2087);
#2083 = LINE('',#2084,#2085);
#2084 = CARTESIAN_POINT('',(0.,0.));
#2085 = VECTOR('',#2086,1.);
#2086 = DIRECTION('',(0.,-1.));
#2087 = ( GEOMETRIC_REPRESENTATION_CONTEXT(2) 
PARAMETRIC_REPRESENTATION_CONTEXT() REPRESENTATION_CONTEXT('2D SPACE',''
  ) );
#2088 = PCURVE('',#2089,#2094);
#2089 = CYLINDRICAL_SURFACE('',#2090,5.616197723676);
#2090 = AXIS2_PLACEMENT_3D('',#2091,#2092,#2093);
#2091 = CARTESIAN_POINT('',(80.,0.,0.));
#2092 = DIRECTION('',(-0.,0.,-1.));
#2093 = DIRECTION('',(1.,0.,0.));
#2094 = DEFINITIONAL_REPRESENTATION('',(#2095),#2099);
#2095 = LINE('',#2096,#2097);
#2096 = CARTESIAN_POINT('',(-6.283286956252,0.));
#2097 = VECTOR('',#2098,1.);
#2098 = DIRECTION('',(-0.,-1.));
#2099 = ( GEOMETRIC_REPRESENTATION_CONTEXT(2) 
PARAMETRIC_REPRESENTATION_CONTEXT() REPRESENTATION_CONTEXT('2D SPACE',''
  ) );
#2100 = ORIENTED_EDGE('',*,*,#2101,.T.);
#2101 = EDGE_CURVE('',#2074,#1995,#2102,.T.);
#2102 = SURFACE_CURVE('',#2103,(#2107,#2114),.PCURVE_S1.);
#2103 = LINE('',#2104,#2105);
#2104 = CARTESIAN_POINT('',(85.616198649877,1.178686103153E-03,6.));
#2105 = VECTOR('',#2106,1.);
#2106 = DIRECTION('',(-1.571581470871E-03,-0.999998765065,0.));
#2107 = PCURVE('',#2034,#2108);
#2108 = DEFINITIONAL_REPRESENTATION('',(#2109),#2113);
#2109 = LINE('',#2110,#2111);
#2110 = CARTESIAN_POINT('',(-6.078055679736E-04,-6.));
#2111 = VECTOR('',#2112,1.);
#2112 = DIRECTION('',(1.,0.));
#2113 = ( GEOMETRIC_REPRESENTATION_CONTEXT(2) 
PARAMETRIC_REPRESENTATION_CONTEXT() REPRESENTATION_CONTEXT('2D SPACE',''
  ) );
#2114 = PCURVE('',#73,#2115);
#2115 = DEFINITIONAL_REPRESENTATION('',(#2116),#2120);
#2116 = LINE('',#2117,#2118);
#2117 = CARTESIAN_POINT('',(85.570934987089,-5.342114952756));
#2118 = VECTOR('',#2119,1.);
#2119 = DIRECTION('',(-1.571581470871E-03,-0.999998765065));
#2120 = ( GEOMETRIC_REPRESENTATION_CONTEXT(2) 
PARAMETRIC_REPRESENTATION_CONTEXT() REPRESENTATION_CONTEXT('2D SPACE',''
  ) );
#2121 = ORIENTED_EDGE('',*,*,#2018,.F.);
#2122 = ORIENTED_EDGE('',*,*,#2123,.F.);
#2123 = EDGE_CURVE('',#2072,#2019,#2124,.T.);
#2124 = SURFACE_CURVE('',#2125,(#2129,#2136),.PCURVE_S1.);
#2125 = LINE('',#2126,#2127);
#2126 = CARTESIAN_POINT('',(85.616198649877,1.178686103153E-03,0.));
#2127 = VECTOR('',#2128,1.);
#2128 = DIRECTION('',(-1.571581470871E-03,-0.999998765065,0.));
#2129 = PCURVE('',#2034,#2130);
#2130 = DEFINITIONAL_REPRESENTATION('',(#2131),#2135);
#2131 = LINE('',#2132,#2133);
#2132 = CARTESIAN_POINT('',(-6.078055679736E-04,0.));
#2133 = VECTOR('',#2134,1.);
#2134 = DIRECTION('',(1.,0.));
#2135 = ( GEOMETRIC_REPRESENTATION_CONTEXT(2) 
PARAMETRIC_REPRESENTATION_CONTEXT() REPRESENTATION_CONTEXT('2D SPACE',''
  ) );
#2136 = PCURVE('',#132,#2137);
#2137 = DEFINITIONAL_REPRESENTATION('',(#2138),#2142);
#2138 = LINE('',#2139,#2140);
#2139 = CARTESIAN_POINT('',(85.570934987089,-5.342114952756));
#2140 = VECTOR('',#2141,1.);
#2141 = DIRECTION('',(-1.571581470871E-03,-0.999998765065));
#2142 = ( GEOMETRIC_REPRESENTATION_CONTEXT(2) 
PARAMETRIC_REPRESENTATION_CONTEXT() REPRESENTATION_CONTEXT('2D SPACE',''
  ) );
#2143 = ADVANCED_FACE('',(#2144),#2089,.F.);
#2144 = FACE_BOUND('',#2145,.T.);
#2145 = EDGE_LOOP('',(#2146,#2147,#2171,#2199));
#2146 = ORIENTED_EDGE('',*,*,#2071,.T.);
#2147 = ORIENTED_EDGE('',*,*,#2148,.T.);
#2148 = EDGE_CURVE('',#2074,#2149,#2151,.T.);
#2149 = VERTEX_POINT('',#2150);
#2150 = CARTESIAN_POINT('',(83.227558102801,4.596144641378,6.));
#2151 = SURFACE_CURVE('',#2152,(#2157,#2164),.PCURVE_S1.);
#2152 = CIRCLE('',#2153,5.616197723676);
#2153 = AXIS2_PLACEMENT_3D('',#2154,#2155,#2156);
#2154 = CARTESIAN_POINT('',(80.,0.,6.));
#2155 = DIRECTION('',(0.,-0.,1.));
#2156 = DIRECTION('',(1.,0.,0.));
#2157 = PCURVE('',#2089,#2158);
#2158 = DEFINITIONAL_REPRESENTATION('',(#2159),#2163);
#2159 = LINE('',#2160,#2161);
#2160 = CARTESIAN_POINT('',(-0.,-6.));
#2161 = VECTOR('',#2162,1.);
#2162 = DIRECTION('',(-1.,0.));
#2163 = ( GEOMETRIC_REPRESENTATION_CONTEXT(2) 
PARAMETRIC_REPRESENTATION_CONTEXT() REPRESENTATION_CONTEXT('2D SPACE',''
  ) );
#2164 = PCURVE('',#73,#2165);
#2165 = DEFINITIONAL_REPRESENTATION('',(#2166),#2170);
#2166 = CIRCLE('',#2167,5.616197723676);
#2167 = AXIS2_PLACEMENT_2D('',#2168,#2169);
#2168 = CARTESIAN_POINT('',(79.954736337212,-5.343293638859));
#2169 = DIRECTION('',(1.,0.));
#2170 = ( GEOMETRIC_REPRESENTATION_CONTEXT(2) 
PARAMETRIC_REPRESENTATION_CONTEXT() REPRESENTATION_CONTEXT('2D SPACE',''
  ) );
#2171 = ORIENTED_EDGE('',*,*,#2172,.F.);
#2172 = EDGE_CURVE('',#2173,#2149,#2175,.T.);
#2173 = VERTEX_POINT('',#2174);
#2174 = CARTESIAN_POINT('',(83.227558102801,4.596144641378,0.));
#2175 = SURFACE_CURVE('',#2176,(#2180,#2187),.PCURVE_S1.);
#2176 = LINE('',#2177,#2178);
#2177 = CARTESIAN_POINT('',(83.227558102801,4.596144641378,0.));
#2178 = VECTOR('',#2179,1.);
#2179 = DIRECTION('',(0.,0.,1.));
#2180 = PCURVE('',#2089,#2181);
#2181 = DEFINITIONAL_REPRESENTATION('',(#2182),#2186);
#2182 = LINE('',#2183,#2184);
#2183 = CARTESIAN_POINT('',(-7.241759506947,0.));
#2184 = VECTOR('',#2185,1.);
#2185 = DIRECTION('',(-0.,-1.));
#2186 = ( GEOMETRIC_REPRESENTATION_CONTEXT(2) 
PARAMETRIC_REPRESENTATION_CONTEXT() REPRESENTATION_CONTEXT('2D SPACE',''
  ) );
#2187 = PCURVE('',#2188,#2193);
#2188 = PLANE('',#2189);
#2189 = AXIS2_PLACEMENT_3D('',#2190,#2191,#2192);
#2190 = CARTESIAN_POINT('',(3.228003343013,60.595832973229,0.));
#2191 = DIRECTION('',(0.573462344363,0.819231920519,-0.));
#2192 = DIRECTION('',(0.819231920519,-0.573462344363,0.));
#2193 = DEFINITIONAL_REPRESENTATION('',(#2194),#2198);
#2194 = LINE('',#2195,#2196);
#2195 = CARTESIAN_POINT('',(97.651901440928,0.));
#2196 = VECTOR('',#2197,1.);
#2197 = DIRECTION('',(0.,-1.));
#2198 = ( GEOMETRIC_REPRESENTATION_CONTEXT(2) 
PARAMETRIC_REPRESENTATION_CONTEXT() REPRESENTATION_CONTEXT('2D SPACE',''
  ) );
#2199 = ORIENTED_EDGE('',*,*,#2200,.F.);
#2200 = EDGE_CURVE('',#2072,#2173,#2201,.T.);
#2201 = SURFACE_CURVE('',#2202,(#2207,#2214),.PCURVE_S1.);
#2202 = CIRCLE('',#2203,5.616197723676);
#2203 = AXIS2_PLACEMENT_3D('',#2204,#2205,#2206);
#2204 = CARTESIAN_POINT('',(80.,0.,0.));
#2205 = DIRECTION('',(0.,-0.,1.));
#2206 = DIRECTION('',(1.,0.,0.));
#2207 = PCURVE('',#2089,#2208);
#2208 = DEFINITIONAL_REPRESENTATION('',(#2209),#2213);
#2209 = LINE('',#2210,#2211);
#2210 = CARTESIAN_POINT('',(-0.,0.));
#2211 = VECTOR('',#2212,1.);
#2212 = DIRECTION('',(-1.,0.));
#2213 = ( GEOMETRIC_REPRESENTATION_CONTEXT(2) 
PARAMETRIC_REPRESENTATION_CONTEXT() REPRESENTATION_CONTEXT('2D SPACE',''
  ) );
#2214 = PCURVE('',#132,#2215);
#2215 = DEFINITIONAL_REPRESENTATION('',(#2216),#2220);
#2216 = CIRCLE('',#2217,5.616197723676);
#2217 = AXIS2_PLACEMENT_2D('',#2218,#2219);
#2218 = CARTESIAN_POINT('',(79.954736337212,-5.343293638859));
#2219 = DIRECTION('',(1.,0.));
#2220 = ( GEOMETRIC_REPRESENTATION_CONTEXT(2) 
PARAMETRIC_REPRESENTATION_CONTEXT() REPRESENTATION_CONTEXT('2D SPACE',''
  ) );
#2221 = ADVANCED_FACE('',(#2222),#2188,.F.);
#2222 = FACE_BOUND('',#2223,.F.);
#2223 = EDGE_LOOP('',(#2224,#2254,#2275,#2276));
#2224 = ORIENTED_EDGE('',*,*,#2225,.T.);
#2225 = EDGE_CURVE('',#2226,#2228,#2230,.T.);
#2226 = VERTEX_POINT('',#2227);
#2227 = CARTESIAN_POINT('',(3.228003343013,60.595832973229,0.));
#2228 = VERTEX_POINT('',#2229);
#2229 = CARTESIAN_POINT('',(3.228003343013,60.595832973229,6.));
#2230 = SURFACE_CURVE('',#2231,(#2235,#2242),.PCURVE_S1.);
#2231 = LINE('',#2232,#2233);
#2232 = CARTESIAN_POINT('',(3.228003343013,60.595832973229,0.));
#2233 = VECTOR('',#2234,1.);
#2234 = DIRECTION('',(0.,0.,1.));
#2235 = PCURVE('',#2188,#2236);
#2236 = DEFINITIONAL_REPRESENTATION('',(#2237),#2241);
#2237 = LINE('',#2238,#2239);
#2238 = CARTESIAN_POINT('',(0.,0.));
#2239 = VECTOR('',#2240,1.);
#2240 = DIRECTION('',(0.,-1.));
#2241 = ( GEOMETRIC_REPRESENTATION_CONTEXT(2) 
PARAMETRIC_REPRESENTATION_CONTEXT() REPRESENTATION_CONTEXT('2D SPACE',''
  ) );
#2242 = PCURVE('',#2243,#2248);
#2243 = CYLINDRICAL_SURFACE('',#2244,0.75);
#2244 = AXIS2_PLACEMENT_3D('',#2245,#2246,#2247);
#2245 = CARTESIAN_POINT('',(3.658100101286,61.210256913618,0.));
#2246 = DIRECTION('',(-0.,0.,-1.));
#2247 = DIRECTION('',(0.819231920519,-0.573462344363,-0.));
#2248 = DEFINITIONAL_REPRESENTATION('',(#2249),#2253);
#2249 = LINE('',#2250,#2251);
#2250 = CARTESIAN_POINT('',(1.570796326795,0.));
#2251 = VECTOR('',#2252,1.);
#2252 = DIRECTION('',(0.,-1.));
#2253 = ( GEOMETRIC_REPRESENTATION_CONTEXT(2) 
PARAMETRIC_REPRESENTATION_CONTEXT() REPRESENTATION_CONTEXT('2D SPACE',''
  ) );
#2254 = ORIENTED_EDGE('',*,*,#2255,.T.);
#2255 = EDGE_CURVE('',#2228,#2149,#2256,.T.);
#2256 = SURFACE_CURVE('',#2257,(#2261,#2268),.PCURVE_S1.);
#2257 = LINE('',#2258,#2259);
#2258 = CARTESIAN_POINT('',(3.228003343013,60.595832973229,6.));
#2259 = VECTOR('',#2260,1.);
#2260 = DIRECTION('',(0.819231920519,-0.573462344363,-0.));
#2261 = PCURVE('',#2188,#2262);
#2262 = DEFINITIONAL_REPRESENTATION('',(#2263),#2267);
#2263 = LINE('',#2264,#2265);
#2264 = CARTESIAN_POINT('',(-3.638120562672E-16,-6.));
#2265 = VECTOR('',#2266,1.);
#2266 = DIRECTION('',(1.,0.));
#2267 = ( GEOMETRIC_REPRESENTATION_CONTEXT(2) 
PARAMETRIC_REPRESENTATION_CONTEXT() REPRESENTATION_CONTEXT('2D SPACE',''
  ) );
#2268 = PCURVE('',#73,#2269);
#2269 = DEFINITIONAL_REPRESENTATION('',(#2270),#2274);
#2270 = LINE('',#2271,#2272);
#2271 = CARTESIAN_POINT('',(3.182739680225,55.25253933437));
#2272 = VECTOR('',#2273,1.);
#2273 = DIRECTION('',(0.819231920519,-0.573462344363));
#2274 = ( GEOMETRIC_REPRESENTATION_CONTEXT(2) 
PARAMETRIC_REPRESENTATION_CONTEXT() REPRESENTATION_CONTEXT('2D SPACE',''
  ) );
#2275 = ORIENTED_EDGE('',*,*,#2172,.F.);
#2276 = ORIENTED_EDGE('',*,*,#2277,.F.);
#2277 = EDGE_CURVE('',#2226,#2173,#2278,.T.);
#2278 = SURFACE_CURVE('',#2279,(#2283,#2290),.PCURVE_S1.);
#2279 = LINE('',#2280,#2281);
#2280 = CARTESIAN_POINT('',(3.228003343013,60.595832973229,0.));
#2281 = VECTOR('',#2282,1.);
#2282 = DIRECTION('',(0.819231920519,-0.573462344363,-0.));
#2283 = PCURVE('',#2188,#2284);
#2284 = DEFINITIONAL_REPRESENTATION('',(#2285),#2289);
#2285 = LINE('',#2286,#2287);
#2286 = CARTESIAN_POINT('',(-3.638120562672E-16,-0.));
#2287 = VECTOR('',#2288,1.);
#2288 = DIRECTION('',(1.,0.));
#2289 = ( GEOMETRIC_REPRESENTATION_CONTEXT(2) 
PARAMETRIC_REPRESENTATION_CONTEXT() REPRESENTATION_CONTEXT('2D SPACE',''
  ) );
#2290 = PCURVE('',#132,#2291);
#2291 = DEFINITIONAL_REPRESENTATION('',(#2292),#2296);
#2292 = LINE('',#2293,#2294);
#2293 = CARTESIAN_POINT('',(3.182739680225,55.25253933437));
#2294 = VECTOR('',#2295,1.);
#2295 = DIRECTION('',(0.819231920519,-0.573462344363));
#2296 = ( GEOMETRIC_REPRESENTATION_CONTEXT(2) 
PARAMETRIC_REPRESENTATION_CONTEXT() REPRESENTATION_CONTEXT('2D SPACE',''
  ) );
#2297 = ADVANCED_FACE('',(#2298),#2243,.T.);
#2298 = FACE_BOUND('',#2299,.T.);
#2299 = EDGE_LOOP('',(#2300,#2301,#2329,#2352));
#2300 = ORIENTED_EDGE('',*,*,#2225,.T.);
#2301 = ORIENTED_EDGE('',*,*,#2302,.T.);
#2302 = EDGE_CURVE('',#2228,#2303,#2305,.T.);
#2303 = VERTEX_POINT('',#2304);
#2304 = CARTESIAN_POINT('',(3.227140336125,60.596437982001,6.));
#2305 = SURFACE_CURVE('',#2306,(#2311,#2318),.PCURVE_S1.);
#2306 = CIRCLE('',#2307,0.75);
#2307 = AXIS2_PLACEMENT_3D('',#2308,#2309,#2310);
#2308 = CARTESIAN_POINT('',(3.658100101286,61.210256913618,6.));
#2309 = DIRECTION('',(-0.,0.,-1.));
#2310 = DIRECTION('',(0.819231920519,-0.573462344363,-0.));
#2311 = PCURVE('',#2243,#2312);
#2312 = DEFINITIONAL_REPRESENTATION('',(#2313),#2317);
#2313 = LINE('',#2314,#2315);
#2314 = CARTESIAN_POINT('',(0.,-6.));
#2315 = VECTOR('',#2316,1.);
#2316 = DIRECTION('',(1.,0.));
#2317 = ( GEOMETRIC_REPRESENTATION_CONTEXT(2) 
PARAMETRIC_REPRESENTATION_CONTEXT() REPRESENTATION_CONTEXT('2D SPACE',''
  ) );
#2318 = PCURVE('',#73,#2319);
#2319 = DEFINITIONAL_REPRESENTATION('',(#2320),#2328);
#2320 = ( BOUNDED_CURVE() B_SPLINE_CURVE(2,(#2321,#2322,#2323,#2324,
#2325,#2326,#2327),.UNSPECIFIED.,.T.,.F.) B_SPLINE_CURVE_WITH_KNOTS((1,2
    ,2,2,2,1),(-2.094395102393,0.,2.094395102393,4.188790204786,
6.28318530718,8.377580409573),.UNSPECIFIED.) CURVE() 
GEOMETRIC_REPRESENTATION_ITEM() RATIONAL_B_SPLINE_CURVE((1.,0.5,1.,0.5,
1.,0.5,1.)) REPRESENTATION_ITEM('') );
#2321 = CARTESIAN_POINT('',(4.227260378887,55.436866516487));
#2322 = CARTESIAN_POINT('',(3.482310941388,54.372653034346));
#2323 = CARTESIAN_POINT('',(2.933149749553,55.549904912825));
#2324 = CARTESIAN_POINT('',(2.383988557719,56.727156791305));
#2325 = CARTESIAN_POINT('',(3.678099187052,56.614118394966));
#2326 = CARTESIAN_POINT('',(4.972209816385,56.501079998628));
#2327 = CARTESIAN_POINT('',(4.227260378887,55.436866516487));
#2328 = ( GEOMETRIC_REPRESENTATION_CONTEXT(2) 
PARAMETRIC_REPRESENTATION_CONTEXT() REPRESENTATION_CONTEXT('2D SPACE',''
  ) );
#2329 = ORIENTED_EDGE('',*,*,#2330,.F.);
#2330 = EDGE_CURVE('',#2331,#2303,#2333,.T.);
#2331 = VERTEX_POINT('',#2332);
#2332 = CARTESIAN_POINT('',(3.227140336125,60.596437982001,0.));
#2333 = SURFACE_CURVE('',#2334,(#2338,#2345),.PCURVE_S1.);
#2334 = LINE('',#2335,#2336);
#2335 = CARTESIAN_POINT('',(3.227140336125,60.596437982001,0.));
#2336 = VECTOR('',#2337,1.);
#2337 = DIRECTION('',(0.,0.,1.));
#2338 = PCURVE('',#2243,#2339);
#2339 = DEFINITIONAL_REPRESENTATION('',(#2340),#2344);
#2340 = LINE('',#2341,#2342);
#2341 = CARTESIAN_POINT('',(1.57220159731,0.));
#2342 = VECTOR('',#2343,1.);
#2343 = DIRECTION('',(0.,-1.));
#2344 = ( GEOMETRIC_REPRESENTATION_CONTEXT(2) 
PARAMETRIC_REPRESENTATION_CONTEXT() REPRESENTATION_CONTEXT('2D SPACE',''
  ) );
#2345 = PCURVE('',#1340,#2346);
#2346 = DEFINITIONAL_REPRESENTATION('',(#2347),#2351);
#2347 = LINE('',#2348,#2349);
#2348 = CARTESIAN_POINT('',(-7.24185039907,0.));
#2349 = VECTOR('',#2350,1.);
#2350 = DIRECTION('',(-0.,-1.));
#2351 = ( GEOMETRIC_REPRESENTATION_CONTEXT(2) 
PARAMETRIC_REPRESENTATION_CONTEXT() REPRESENTATION_CONTEXT('2D SPACE',''
  ) );
#2352 = ORIENTED_EDGE('',*,*,#2353,.F.);
#2353 = EDGE_CURVE('',#2226,#2331,#2354,.T.);
#2354 = SURFACE_CURVE('',#2355,(#2360,#2367),.PCURVE_S1.);
#2355 = CIRCLE('',#2356,0.75);
#2356 = AXIS2_PLACEMENT_3D('',#2357,#2358,#2359);
#2357 = CARTESIAN_POINT('',(3.658100101286,61.210256913618,0.));
#2358 = DIRECTION('',(-0.,0.,-1.));
#2359 = DIRECTION('',(0.819231920519,-0.573462344363,-0.));
#2360 = PCURVE('',#2243,#2361);
#2361 = DEFINITIONAL_REPRESENTATION('',(#2362),#2366);
#2362 = LINE('',#2363,#2364);
#2363 = CARTESIAN_POINT('',(0.,0.));
#2364 = VECTOR('',#2365,1.);
#2365 = DIRECTION('',(1.,0.));
#2366 = ( GEOMETRIC_REPRESENTATION_CONTEXT(2) 
PARAMETRIC_REPRESENTATION_CONTEXT() REPRESENTATION_CONTEXT('2D SPACE',''
  ) );
#2367 = PCURVE('',#132,#2368);
#2368 = DEFINITIONAL_REPRESENTATION('',(#2369),#2377);
#2369 = ( BOUNDED_CURVE() B_SPLINE_CURVE(2,(#2370,#2371,#2372,#2373,
#2374,#2375,#2376),.UNSPECIFIED.,.T.,.F.) B_SPLINE_CURVE_WITH_KNOTS((1,2
    ,2,2,2,1),(-2.094395102393,0.,2.094395102393,4.188790204786,
6.28318530718,8.377580409573),.UNSPECIFIED.) CURVE() 
GEOMETRIC_REPRESENTATION_ITEM() RATIONAL_B_SPLINE_CURVE((1.,0.5,1.,0.5,
1.,0.5,1.)) REPRESENTATION_ITEM('') );
#2370 = CARTESIAN_POINT('',(4.227260378887,55.436866516487));
#2371 = CARTESIAN_POINT('',(3.482310941388,54.372653034346));
#2372 = CARTESIAN_POINT('',(2.933149749553,55.549904912825));
#2373 = CARTESIAN_POINT('',(2.383988557719,56.727156791305));
#2374 = CARTESIAN_POINT('',(3.678099187052,56.614118394966));
#2375 = CARTESIAN_POINT('',(4.972209816385,56.501079998628));
#2376 = CARTESIAN_POINT('',(4.227260378887,55.436866516487));
#2377 = ( GEOMETRIC_REPRESENTATION_CONTEXT(2) 
PARAMETRIC_REPRESENTATION_CONTEXT() REPRESENTATION_CONTEXT('2D SPACE',''
  ) );
#2378 = ADVANCED_FACE('',(#2379),#1340,.F.);
#2379 = FACE_BOUND('',#2380,.T.);
#2380 = EDGE_LOOP('',(#2381,#2382,#2404,#2405));
#2381 = ORIENTED_EDGE('',*,*,#2330,.T.);
#2382 = ORIENTED_EDGE('',*,*,#2383,.T.);
#2383 = EDGE_CURVE('',#2303,#1320,#2384,.T.);
#2384 = SURFACE_CURVE('',#2385,(#2390,#2397),.PCURVE_S1.);
#2385 = CIRCLE('',#2386,5.616197723676);
#2386 = AXIS2_PLACEMENT_3D('',#2387,#2388,#2389);
#2387 = CARTESIAN_POINT('',(0.,56.,6.));
#2388 = DIRECTION('',(0.,-0.,1.));
#2389 = DIRECTION('',(1.,0.,0.));
#2390 = PCURVE('',#1340,#2391);
#2391 = DEFINITIONAL_REPRESENTATION('',(#2392),#2396);
#2392 = LINE('',#2393,#2394);
#2393 = CARTESIAN_POINT('',(-0.,-6.));
#2394 = VECTOR('',#2395,1.);
#2395 = DIRECTION('',(-1.,0.));
#2396 = ( GEOMETRIC_REPRESENTATION_CONTEXT(2) 
PARAMETRIC_REPRESENTATION_CONTEXT() REPRESENTATION_CONTEXT('2D SPACE',''
  ) );
#2397 = PCURVE('',#73,#2398);
#2398 = DEFINITIONAL_REPRESENTATION('',(#2399),#2403);
#2399 = CIRCLE('',#2400,5.616197723676);
#2400 = AXIS2_PLACEMENT_2D('',#2401,#2402);
#2401 = CARTESIAN_POINT('',(-4.526366278827E-02,50.656706361141));
#2402 = DIRECTION('',(1.,0.));
#2403 = ( GEOMETRIC_REPRESENTATION_CONTEXT(2) 
PARAMETRIC_REPRESENTATION_CONTEXT() REPRESENTATION_CONTEXT('2D SPACE',''
  ) );
#2404 = ORIENTED_EDGE('',*,*,#1317,.F.);
#2405 = ORIENTED_EDGE('',*,*,#2406,.F.);
#2406 = EDGE_CURVE('',#2331,#1318,#2407,.T.);
#2407 = SURFACE_CURVE('',#2408,(#2413,#2420),.PCURVE_S1.);
#2408 = CIRCLE('',#2409,5.616197723676);
#2409 = AXIS2_PLACEMENT_3D('',#2410,#2411,#2412);
#2410 = CARTESIAN_POINT('',(0.,56.,0.));
#2411 = DIRECTION('',(0.,-0.,1.));
#2412 = DIRECTION('',(1.,0.,0.));
#2413 = PCURVE('',#1340,#2414);
#2414 = DEFINITIONAL_REPRESENTATION('',(#2415),#2419);
#2415 = LINE('',#2416,#2417);
#2416 = CARTESIAN_POINT('',(-0.,0.));
#2417 = VECTOR('',#2418,1.);
#2418 = DIRECTION('',(-1.,0.));
#2419 = ( GEOMETRIC_REPRESENTATION_CONTEXT(2) 
PARAMETRIC_REPRESENTATION_CONTEXT() REPRESENTATION_CONTEXT('2D SPACE',''
  ) );
#2420 = PCURVE('',#132,#2421);
#2421 = DEFINITIONAL_REPRESENTATION('',(#2422),#2426);
#2422 = CIRCLE('',#2423,5.616197723676);
#2423 = AXIS2_PLACEMENT_2D('',#2424,#2425);
#2424 = CARTESIAN_POINT('',(-4.526366278827E-02,50.656706361141));
#2425 = DIRECTION('',(1.,0.));
#2426 = ( GEOMETRIC_REPRESENTATION_CONTEXT(2) 
PARAMETRIC_REPRESENTATION_CONTEXT() REPRESENTATION_CONTEXT('2D SPACE',''
  ) );
#2427 = ADVANCED_FACE('',(#2428,#2446),#132,.F.);
#2428 = FACE_BOUND('',#2429,.F.);
#2429 = EDGE_LOOP('',(#2430,#2431,#2432,#2433,#2434,#2435,#2436,#2437,
    #2438,#2439,#2440,#2441,#2442,#2443,#2444,#2445));
#2430 = ORIENTED_EDGE('',*,*,#117,.F.);
#2431 = ORIENTED_EDGE('',*,*,#203,.T.);
#2432 = ORIENTED_EDGE('',*,*,#358,.T.);
#2433 = ORIENTED_EDGE('',*,*,#516,.F.);
#2434 = ORIENTED_EDGE('',*,*,#683,.F.);
#2435 = ORIENTED_EDGE('',*,*,#838,.T.);
#2436 = ORIENTED_EDGE('',*,*,#1006,.F.);
#2437 = ORIENTED_EDGE('',*,*,#1163,.T.);
#2438 = ORIENTED_EDGE('',*,*,#1292,.T.);
#2439 = ORIENTED_EDGE('',*,*,#1239,.F.);
#2440 = ORIENTED_EDGE('',*,*,#1087,.F.);
#2441 = ORIENTED_EDGE('',*,*,#920,.F.);
#2442 = ORIENTED_EDGE('',*,*,#760,.T.);
#2443 = ORIENTED_EDGE('',*,*,#602,.F.);
#2444 = ORIENTED_EDGE('',*,*,#435,.F.);
#2445 = ORIENTED_EDGE('',*,*,#280,.T.);
#2446 = FACE_BOUND('',#2447,.F.);
#2447 = EDGE_LOOP('',(#2448,#2449,#2450,#2451,#2452,#2453,#2454,#2455,
    #2456,#2457,#2458,#2459,#2460,#2461));
#2448 = ORIENTED_EDGE('',*,*,#1403,.F.);
#2449 = ORIENTED_EDGE('',*,*,#2406,.F.);
#2450 = ORIENTED_EDGE('',*,*,#2353,.F.);
#2451 = ORIENTED_EDGE('',*,*,#2277,.T.);
#2452 = ORIENTED_EDGE('',*,*,#2200,.F.);
#2453 = ORIENTED_EDGE('',*,*,#2123,.T.);
#2454 = ORIENTED_EDGE('',*,*,#2046,.F.);
#2455 = ORIENTED_EDGE('',*,*,#1964,.F.);
#2456 = ORIENTED_EDGE('',*,*,#1883,.F.);
#2457 = ORIENTED_EDGE('',*,*,#1806,.F.);
#2458 = ORIENTED_EDGE('',*,*,#1724,.F.);
#2459 = ORIENTED_EDGE('',*,*,#1643,.T.);
#2460 = ORIENTED_EDGE('',*,*,#1566,.F.);
#2461 = ORIENTED_EDGE('',*,*,#1484,.F.);
#2462 = ADVANCED_FACE('',(#2463,#2481),#73,.T.);
#2463 = FACE_BOUND('',#2464,.T.);
#2464 = EDGE_LOOP('',(#2465,#2466,#2467,#2468,#2469,#2470,#2471,#2472,
    #2473,#2474,#2475,#2476,#2477,#2478,#2479,#2480));
#2465 = ORIENTED_EDGE('',*,*,#56,.F.);
#2466 = ORIENTED_EDGE('',*,*,#152,.T.);
#2467 = ORIENTED_EDGE('',*,*,#306,.T.);
#2468 = ORIENTED_EDGE('',*,*,#489,.F.);
#2469 = ORIENTED_EDGE('',*,*,#661,.F.);
#2470 = ORIENTED_EDGE('',*,*,#786,.T.);
#2471 = ORIENTED_EDGE('',*,*,#979,.F.);
#2472 = ORIENTED_EDGE('',*,*,#1112,.T.);
#2473 = ORIENTED_EDGE('',*,*,#1269,.T.);
#2474 = ORIENTED_EDGE('',*,*,#1188,.F.);
#2475 = ORIENTED_EDGE('',*,*,#1036,.F.);
#2476 = ORIENTED_EDGE('',*,*,#864,.F.);
#2477 = ORIENTED_EDGE('',*,*,#737,.T.);
#2478 = ORIENTED_EDGE('',*,*,#546,.F.);
#2479 = ORIENTED_EDGE('',*,*,#384,.F.);
#2480 = ORIENTED_EDGE('',*,*,#257,.T.);
#2481 = FACE_BOUND('',#2482,.T.);
#2482 = EDGE_LOOP('',(#2483,#2484,#2485,#2486,#2487,#2488,#2489,#2490,
    #2491,#2492,#2493,#2494,#2495,#2496));
#2483 = ORIENTED_EDGE('',*,*,#1352,.F.);
#2484 = ORIENTED_EDGE('',*,*,#2383,.F.);
#2485 = ORIENTED_EDGE('',*,*,#2302,.F.);
#2486 = ORIENTED_EDGE('',*,*,#2255,.T.);
#2487 = ORIENTED_EDGE('',*,*,#2148,.F.);
#2488 = ORIENTED_EDGE('',*,*,#2101,.T.);
#2489 = ORIENTED_EDGE('',*,*,#1994,.F.);
#2490 = ORIENTED_EDGE('',*,*,#1908,.F.);
#2491 = ORIENTED_EDGE('',*,*,#1832,.F.);
#2492 = ORIENTED_EDGE('',*,*,#1754,.F.);
#2493 = ORIENTED_EDGE('',*,*,#1668,.F.);
#2494 = ORIENTED_EDGE('',*,*,#1621,.T.);
#2495 = ORIENTED_EDGE('',*,*,#1514,.F.);
#2496 = ORIENTED_EDGE('',*,*,#1428,.F.);
#2497 = ( GEOMETRIC_REPRESENTATION_CONTEXT(3) 
GLOBAL_UNCERTAINTY_ASSIGNED_CONTEXT((#2501)) 
GLOBAL_UNIT_ASSIGNED_CONTEXT((#2498,#2499,#2500)) REPRESENTATION_CONTEXT
('Context #1','3D Context with UNIT and UNCERTAINTY') );
#2498 = ( LENGTH_UNIT() NAMED_UNIT(*) SI_UNIT(.MILLI.,.METRE.) );
#2499 = ( NAMED_UNIT(*) PLANE_ANGLE_UNIT() SI_UNIT($,.RADIAN.) );
#2500 = ( NAMED_UNIT(*) SI_UNIT($,.STERADIAN.) SOLID_ANGLE_UNIT() );
#2501 = UNCERTAINTY_MEASURE_WITH_UNIT(LENGTH_MEASURE(1.E-07),#2498,
  'distance_accuracy_value','confusion accuracy');
#2502 = PRODUCT_RELATED_PRODUCT_CATEGORY('part',$,(#7));
ENDSEC;
END-ISO-10303-21;
