ISO-10303-21;
HEADER;
FILE_DESCRIPTION(('Open CASCADE Model'),'2;1');
FILE_NAME('Open CASCADE Shape Model','2026-09-27T22:51:14',('Author'),(
    'Open CASCADE'),'Open CASCADE STEP processor 8.0','build123d',
  'Unknown');
FILE_SCHEMA(('AUTOMOTIVE_DESIGN { 1 0 10303 214 1 1 1 1 }'));
ENDSEC;
DATA;
#1 = APPLICATION_PROTOCOL_DEFINITION('international standard',
  'automotive_design',2000,#2);
#2 = APPLICATION_CONTEXT(
  'core data for automotive mechanical design processes');
#3 = SHAPE_DEFINITION_REPRESENTATION(#4,#10);
#4 = PRODUCT_DEFINITION_SHAPE('','',#5);
#5 = PRODUCT_DEFINITION('design','',#6,#9);
#6 = PRODUCT_DEFINITION_FORMATION('','',#7);
#7 = PRODUCT('COMPOUND','COMPOUND','',(#8));
#8 = PRODUCT_CONTEXT('',#2,'mechanical');
#9 = PRODUCT_DEFINITION_CONTEXT('part definition',#2,'design');
#10 = SHAPE_REPRESENTATION('',(#11,#15,#11709,#12039,#12369,#12699,
    #13029,#13359,#13689,#14019,#14349,#14679,#15009,#15339,#15669,
    #15999,#16329,#16659,#16989,#17319),#17649);
#11 = AXIS2_PLACEMENT_3D('',#12,#13,#14);
#12 = CARTESIAN_POINT('',(0.,0.,0.));
#13 = DIRECTION('',(0.,0.,1.));
#14 = DIRECTION('',(1.,0.,-0.));
#15 = MANIFOLD_SOLID_BREP('',#16);
#16 = CLOSED_SHELL('',(#17,#249,#325,#401,#477,#548,#1107,#1183,#1254,
    #1281,#1308,#1315,#1391,#1462,#1489,#1516,#1523,#1599,#1670,#1697,
    #1724,#1731,#1807,#1878,#1905,#1932,#1939,#2015,#2086,#2113,#2140,
    #2147,#2174,#2713,#2789,#2860,#2887,#2914,#2921,#2997,#3068,#3095,
    #3122,#3129,#3205,#3276,#3303,#3330,#3337,#3413,#3484,#3511,#3538,
    #3545,#3621,#3692,#3719,#3746,#3753,#3931,#4110,#4186,#4257,#4284,
    #4311,#4385,#4461,#4537,#4613,#4689,#4763,#4942,#5018,#5089,#5116,
    #5205,#5212,#5588,#5664,#5735,#5762,#5789,#5796,#5872,#5943,#5970,
    #5997,#6004,#6080,#6151,#6178,#6205,#6212,#6335,#6370,#6425,#6429,
    #6575,#6610,#6665,#6700,#8167,#8243,#8314,#8341,#8368,#8375,#8451,
    #8522,#8549,#8576,#8583,#8659,#8730,#8757,#8784,#8791,#8867,#8938,
    #8965,#8992,#8999,#9075,#9146,#9173,#9200,#9207,#9283,#9354,#9381,
    #9408,#9415,#9491,#9562,#9589,#9616,#9623,#9699,#9770,#9797,#9824,
    #9831,#9907,#9978,#10005,#10032,#10039,#10115,#10186,#10213,#10240,
    #10247,#10323,#10394,#10421,#10448,#10455,#10531,#10602,#10606,
    #10634,#10661,#10669,#11022,#11098,#11169,#11196,#11223,#11230,
    #11306,#11377,#11404,#11431,#11438,#11514,#11585,#11612,#11639,
    #11646,#11672,#11701));
#17 = ADVANCED_FACE('',(#18,#139),#33,.T.);
#18 = FACE_BOUND('',#19,.T.);
#19 = EDGE_LOOP('',(#20,#56,#82,#115));
#20 = ORIENTED_EDGE('',*,*,#21,.T.);
#21 = EDGE_CURVE('',#22,#24,#26,.T.);
#22 = VERTEX_POINT('',#23);
#23 = CARTESIAN_POINT('',(-21.35415650406,34.,-113.));
#24 = VERTEX_POINT('',#25);
#25 = CARTESIAN_POINT('',(21.354156504063,34.,-113.));
#26 = SURFACE_CURVE('',#27,(#32,#44),.PCURVE_S1.);
#27 = CIRCLE('',#28,115.);
#28 = AXIS2_PLACEMENT_3D('',#29,#30,#31);
#29 = CARTESIAN_POINT('',(0.,34.,-2.908784324518E-14));
#30 = DIRECTION('',(1.059475671036E-17,1.,2.495174100663E-16));
#31 = DIRECTION('',(-0.185688317427,2.471452993948E-16,-0.982608695652)
  );
#32 = PCURVE('',#33,#38);
#33 = CYLINDRICAL_SURFACE('',#34,115.);
#34 = AXIS2_PLACEMENT_3D('',#35,#36,#37);
#35 = CARTESIAN_POINT('',(0.,0.,-3.663735981263E-14));
#36 = DIRECTION('',(0.,1.,2.22044604925E-16));
#37 = DIRECTION('',(1.,0.,-0.));
#38 = DEFINITIONAL_REPRESENTATION('',(#39),#43);
#39 = LINE('',#40,#41);
#40 = CARTESIAN_POINT('',(1.75756864286,34.));
#41 = VECTOR('',#42,1.);
#42 = DIRECTION('',(1.,0.));
#43 = ( GEOMETRIC_REPRESENTATION_CONTEXT(2) 
PARAMETRIC_REPRESENTATION_CONTEXT() REPRESENTATION_CONTEXT('2D SPACE',''
  ) );
#44 = PCURVE('',#45,#50);
#45 = PLANE('',#46);
#46 = AXIS2_PLACEMENT_3D('',#47,#48,#49);
#47 = CARTESIAN_POINT('',(0.,34.,3.774758283726E-15));
#48 = DIRECTION('',(0.,1.,2.22044604925E-16));
#49 = DIRECTION('',(1.,0.,-0.));
#50 = DEFINITIONAL_REPRESENTATION('',(#51),#55);
#51 = CIRCLE('',#52,115.);
#52 = AXIS2_PLACEMENT_2D('',#53,#54);
#53 = CARTESIAN_POINT('',(0.,3.28626015289E-14));
#54 = DIRECTION('',(-0.185688317427,0.982608695652));
#55 = ( GEOMETRIC_REPRESENTATION_CONTEXT(2) 
PARAMETRIC_REPRESENTATION_CONTEXT() REPRESENTATION_CONTEXT('2D SPACE',''
  ) );
#56 = ORIENTED_EDGE('',*,*,#57,.T.);
#57 = EDGE_CURVE('',#24,#58,#60,.T.);
#58 = VERTEX_POINT('',#59);
#59 = CARTESIAN_POINT('',(21.354156504062,296.,-113.));
#60 = SURFACE_CURVE('',#61,(#65,#71),.PCURVE_S1.);
#61 = LINE('',#62,#63);
#62 = CARTESIAN_POINT('',(21.354156504063,0.,-113.));
#63 = VECTOR('',#64,1.);
#64 = DIRECTION('',(0.,1.,2.22044604925E-16));
#65 = PCURVE('',#33,#66);
#66 = DEFINITIONAL_REPRESENTATION('',(#67),#70);
#67 = B_SPLINE_CURVE_WITH_KNOTS('',1,(#68,#69),.UNSPECIFIED.,.F.,.F.,(2,
    2),(34.,296.),.PIECEWISE_BEZIER_KNOTS.);
#68 = CARTESIAN_POINT('',(7.667209317909,34.));
#69 = CARTESIAN_POINT('',(7.667209317909,296.));
#70 = ( GEOMETRIC_REPRESENTATION_CONTEXT(2) 
PARAMETRIC_REPRESENTATION_CONTEXT() REPRESENTATION_CONTEXT('2D SPACE',''
  ) );
#71 = PCURVE('',#72,#77);
#72 = PLANE('',#73);
#73 = AXIS2_PLACEMENT_3D('',#74,#75,#76);
#74 = CARTESIAN_POINT('',(-127.,30.,-113.));
#75 = DIRECTION('',(0.,0.,1.));
#76 = DIRECTION('',(1.,0.,-0.));
#77 = DEFINITIONAL_REPRESENTATION('',(#78),#81);
#78 = B_SPLINE_CURVE_WITH_KNOTS('',1,(#79,#80),.UNSPECIFIED.,.F.,.F.,(2,
    2),(33.9999976,296.0000024),.PIECEWISE_BEZIER_KNOTS.);
#79 = CARTESIAN_POINT('',(148.35415650406,3.9999976));
#80 = CARTESIAN_POINT('',(148.35415650406,266.0000024));
#81 = ( GEOMETRIC_REPRESENTATION_CONTEXT(2) 
PARAMETRIC_REPRESENTATION_CONTEXT() REPRESENTATION_CONTEXT('2D SPACE',''
  ) );
#82 = ORIENTED_EDGE('',*,*,#83,.T.);
#83 = EDGE_CURVE('',#58,#84,#86,.T.);
#84 = VERTEX_POINT('',#85);
#85 = CARTESIAN_POINT('',(-21.35415650406,296.,-113.));
#86 = SURFACE_CURVE('',#87,(#92,#99),.PCURVE_S1.);
#87 = CIRCLE('',#88,115.);
#88 = AXIS2_PLACEMENT_3D('',#89,#90,#91);
#89 = CARTESIAN_POINT('',(0.,296.,2.908784324518E-14));
#90 = DIRECTION('',(0.,-1.,0.));
#91 = DIRECTION('',(0.185688317427,0.,-0.982608695652));
#92 = PCURVE('',#33,#93);
#93 = DEFINITIONAL_REPRESENTATION('',(#94),#98);
#94 = LINE('',#95,#96);
#95 = CARTESIAN_POINT('',(7.667209317909,296.));
#96 = VECTOR('',#97,1.);
#97 = DIRECTION('',(-1.,-0.));
#98 = ( GEOMETRIC_REPRESENTATION_CONTEXT(2) 
PARAMETRIC_REPRESENTATION_CONTEXT() REPRESENTATION_CONTEXT('2D SPACE',''
  ) );
#99 = PCURVE('',#100,#105);
#100 = PLANE('',#101);
#101 = AXIS2_PLACEMENT_3D('',#102,#103,#104);
#102 = CARTESIAN_POINT('',(0.,296.,-3.774758283726E-15));
#103 = DIRECTION('',(0.,1.,2.22044604925E-16));
#104 = DIRECTION('',(1.,0.,-0.));
#105 = DEFINITIONAL_REPRESENTATION('',(#106),#114);
#106 = ( BOUNDED_CURVE() B_SPLINE_CURVE(2,(#107,#108,#109,#110,#111,#112
,#113),.UNSPECIFIED.,.T.,.F.) B_SPLINE_CURVE_WITH_KNOTS((1,2,2,2,2,1),(
    -2.094395102393,0.,2.094395102393,4.188790204786,6.28318530718,
8.377580409573),.UNSPECIFIED.) CURVE() GEOMETRIC_REPRESENTATION_ITEM() 
RATIONAL_B_SPLINE_CURVE((1.,0.5,1.,0.5,1.,0.5,1.)) REPRESENTATION_ITEM(
  '') );
#107 = CARTESIAN_POINT('',(21.354156504062,113.));
#108 = CARTESIAN_POINT('',(217.07589775934,76.013515982186));
#109 = CARTESIAN_POINT('',(87.18379237561,-74.9932420089));
#110 = CARTESIAN_POINT('',(-42.70831300812,-226.));
#111 = CARTESIAN_POINT('',(-108.5379488796,-38.00675799109));
#112 = CARTESIAN_POINT('',(-174.3675847512,149.98648401781));
#113 = CARTESIAN_POINT('',(21.354156504062,113.));
#114 = ( GEOMETRIC_REPRESENTATION_CONTEXT(2) 
PARAMETRIC_REPRESENTATION_CONTEXT() REPRESENTATION_CONTEXT('2D SPACE',''
  ) );
#115 = ORIENTED_EDGE('',*,*,#116,.F.);
#116 = EDGE_CURVE('',#22,#84,#117,.T.);
#117 = SURFACE_CURVE('',#118,(#122,#128),.PCURVE_S1.);
#118 = LINE('',#119,#120);
#119 = CARTESIAN_POINT('',(-21.35415650406,0.,-113.));
#120 = VECTOR('',#121,1.);
#121 = DIRECTION('',(0.,1.,2.22044604925E-16));
#122 = PCURVE('',#33,#123);
#123 = DEFINITIONAL_REPRESENTATION('',(#124),#127);
#124 = B_SPLINE_CURVE_WITH_KNOTS('',1,(#125,#126),.UNSPECIFIED.,.F.,.F.,
  (2,2),(34.,296.),.PIECEWISE_BEZIER_KNOTS.);
#125 = CARTESIAN_POINT('',(1.75756864286,34.));
#126 = CARTESIAN_POINT('',(1.75756864286,296.));
#127 = ( GEOMETRIC_REPRESENTATION_CONTEXT(2) 
PARAMETRIC_REPRESENTATION_CONTEXT() REPRESENTATION_CONTEXT('2D SPACE',''
  ) );
#128 = PCURVE('',#129,#134);
#129 = PLANE('',#130);
#130 = AXIS2_PLACEMENT_3D('',#131,#132,#133);
#131 = CARTESIAN_POINT('',(-127.,30.,-113.));
#132 = DIRECTION('',(0.,0.,1.));
#133 = DIRECTION('',(1.,0.,-0.));
#134 = DEFINITIONAL_REPRESENTATION('',(#135),#138);
#135 = B_SPLINE_CURVE_WITH_KNOTS('',1,(#136,#137),.UNSPECIFIED.,.F.,.F.,
  (2,2),(33.9999976,296.0000024),.PIECEWISE_BEZIER_KNOTS.);
#136 = CARTESIAN_POINT('',(105.64584349593,3.9999976));
#137 = CARTESIAN_POINT('',(105.64584349593,266.0000024));
#138 = ( GEOMETRIC_REPRESENTATION_CONTEXT(2) 
PARAMETRIC_REPRESENTATION_CONTEXT() REPRESENTATION_CONTEXT('2D SPACE',''
  ) );
#139 = FACE_BOUND('',#140,.T.);
#140 = EDGE_LOOP('',(#141,#171,#197,#225));
#141 = ORIENTED_EDGE('',*,*,#142,.F.);
#142 = EDGE_CURVE('',#143,#145,#147,.T.);
#143 = VERTEX_POINT('',#144);
#144 = CARTESIAN_POINT('',(-64.80740698407,90.,95.));
#145 = VERTEX_POINT('',#146);
#146 = CARTESIAN_POINT('',(64.807406984079,90.,95.));
#147 = SURFACE_CURVE('',#148,(#153,#159),.PCURVE_S1.);
#148 = CIRCLE('',#149,115.);
#149 = AXIS2_PLACEMENT_3D('',#150,#151,#152);
#150 = CARTESIAN_POINT('',(0.,90.,-1.665334536938E-14));
#151 = DIRECTION('',(0.,1.,2.22044604925E-16));
#152 = DIRECTION('',(1.,0.,-0.));
#153 = PCURVE('',#33,#154);
#154 = DEFINITIONAL_REPRESENTATION('',(#155),#158);
#155 = B_SPLINE_CURVE_WITH_KNOTS('',1,(#156,#157),.UNSPECIFIED.,.F.,.F.,
  (2,2),(4.113720927549,5.31105703322),.PIECEWISE_BEZIER_KNOTS.);
#156 = CARTESIAN_POINT('',(4.113720927549,90.));
#157 = CARTESIAN_POINT('',(5.31105703322,90.));
#158 = ( GEOMETRIC_REPRESENTATION_CONTEXT(2) 
PARAMETRIC_REPRESENTATION_CONTEXT() REPRESENTATION_CONTEXT('2D SPACE',''
  ) );
#159 = PCURVE('',#160,#165);
#160 = PLANE('',#161);
#161 = AXIS2_PLACEMENT_3D('',#162,#163,#164);
#162 = CARTESIAN_POINT('',(-65.,90.,95.));
#163 = DIRECTION('',(-0.,1.,0.));
#164 = DIRECTION('',(0.,0.,1.));
#165 = DEFINITIONAL_REPRESENTATION('',(#166),#170);
#166 = CIRCLE('',#167,115.);
#167 = AXIS2_PLACEMENT_2D('',#168,#169);
#168 = CARTESIAN_POINT('',(-95.,65.));
#169 = DIRECTION('',(0.,1.));
#170 = ( GEOMETRIC_REPRESENTATION_CONTEXT(2) 
PARAMETRIC_REPRESENTATION_CONTEXT() REPRESENTATION_CONTEXT('2D SPACE',''
  ) );
#171 = ORIENTED_EDGE('',*,*,#172,.T.);
#172 = EDGE_CURVE('',#143,#173,#175,.T.);
#173 = VERTEX_POINT('',#174);
#174 = CARTESIAN_POINT('',(-64.80740698407,240.,95.));
#175 = SURFACE_CURVE('',#176,(#180,#186),.PCURVE_S1.);
#176 = LINE('',#177,#178);
#177 = CARTESIAN_POINT('',(-64.80740698407,0.,95.));
#178 = VECTOR('',#179,1.);
#179 = DIRECTION('',(0.,1.,2.22044604925E-16));
#180 = PCURVE('',#33,#181);
#181 = DEFINITIONAL_REPRESENTATION('',(#182),#185);
#182 = B_SPLINE_CURVE_WITH_KNOTS('',1,(#183,#184),.UNSPECIFIED.,.F.,.F.,
  (2,2),(90.,240.),.PIECEWISE_BEZIER_KNOTS.);
#183 = CARTESIAN_POINT('',(4.113720927549,90.));
#184 = CARTESIAN_POINT('',(4.113720927549,240.));
#185 = ( GEOMETRIC_REPRESENTATION_CONTEXT(2) 
PARAMETRIC_REPRESENTATION_CONTEXT() REPRESENTATION_CONTEXT('2D SPACE',''
  ) );
#186 = PCURVE('',#187,#192);
#187 = PLANE('',#188);
#188 = AXIS2_PLACEMENT_3D('',#189,#190,#191);
#189 = CARTESIAN_POINT('',(-65.,90.,95.));
#190 = DIRECTION('',(0.,0.,1.));
#191 = DIRECTION('',(1.,0.,-0.));
#192 = DEFINITIONAL_REPRESENTATION('',(#193),#196);
#193 = B_SPLINE_CURVE_WITH_KNOTS('',1,(#194,#195),.UNSPECIFIED.,.F.,.F.,
  (2,2),(75.,255.),.PIECEWISE_BEZIER_KNOTS.);
#194 = CARTESIAN_POINT('',(0.192593015921,-15.));
#195 = CARTESIAN_POINT('',(0.192593015921,165.));
#196 = ( GEOMETRIC_REPRESENTATION_CONTEXT(2) 
PARAMETRIC_REPRESENTATION_CONTEXT() REPRESENTATION_CONTEXT('2D SPACE',''
  ) );
#197 = ORIENTED_EDGE('',*,*,#198,.T.);
#198 = EDGE_CURVE('',#173,#199,#201,.T.);
#199 = VERTEX_POINT('',#200);
#200 = CARTESIAN_POINT('',(64.807406984079,240.,95.));
#201 = SURFACE_CURVE('',#202,(#207,#213),.PCURVE_S1.);
#202 = CIRCLE('',#203,115.);
#203 = AXIS2_PLACEMENT_3D('',#204,#205,#206);
#204 = CARTESIAN_POINT('',(0.,240.,1.665334536938E-14));
#205 = DIRECTION('',(0.,1.,2.22044604925E-16));
#206 = DIRECTION('',(1.,0.,-0.));
#207 = PCURVE('',#33,#208);
#208 = DEFINITIONAL_REPRESENTATION('',(#209),#212);
#209 = B_SPLINE_CURVE_WITH_KNOTS('',1,(#210,#211),.UNSPECIFIED.,.F.,.F.,
  (2,2),(4.113720927549,5.31105703322),.PIECEWISE_BEZIER_KNOTS.);
#210 = CARTESIAN_POINT('',(4.113720927549,240.));
#211 = CARTESIAN_POINT('',(5.31105703322,240.));
#212 = ( GEOMETRIC_REPRESENTATION_CONTEXT(2) 
PARAMETRIC_REPRESENTATION_CONTEXT() REPRESENTATION_CONTEXT('2D SPACE',''
  ) );
#213 = PCURVE('',#214,#219);
#214 = PLANE('',#215);
#215 = AXIS2_PLACEMENT_3D('',#216,#217,#218);
#216 = CARTESIAN_POINT('',(-65.,240.,95.));
#217 = DIRECTION('',(-0.,1.,0.));
#218 = DIRECTION('',(0.,0.,1.));
#219 = DEFINITIONAL_REPRESENTATION('',(#220),#224);
#220 = CIRCLE('',#221,115.);
#221 = AXIS2_PLACEMENT_2D('',#222,#223);
#222 = CARTESIAN_POINT('',(-95.,65.));
#223 = DIRECTION('',(0.,1.));
#224 = ( GEOMETRIC_REPRESENTATION_CONTEXT(2) 
PARAMETRIC_REPRESENTATION_CONTEXT() REPRESENTATION_CONTEXT('2D SPACE',''
  ) );
#225 = ORIENTED_EDGE('',*,*,#226,.F.);
#226 = EDGE_CURVE('',#145,#199,#227,.T.);
#227 = SURFACE_CURVE('',#228,(#232,#238),.PCURVE_S1.);
#228 = LINE('',#229,#230);
#229 = CARTESIAN_POINT('',(64.807406984079,0.,95.));
#230 = VECTOR('',#231,1.);
#231 = DIRECTION('',(0.,1.,2.22044604925E-16));
#232 = PCURVE('',#33,#233);
#233 = DEFINITIONAL_REPRESENTATION('',(#234),#237);
#234 = B_SPLINE_CURVE_WITH_KNOTS('',1,(#235,#236),.UNSPECIFIED.,.F.,.F.,
  (2,2),(90.,240.),.PIECEWISE_BEZIER_KNOTS.);
#235 = CARTESIAN_POINT('',(5.31105703322,90.));
#236 = CARTESIAN_POINT('',(5.31105703322,240.));
#237 = ( GEOMETRIC_REPRESENTATION_CONTEXT(2) 
PARAMETRIC_REPRESENTATION_CONTEXT() REPRESENTATION_CONTEXT('2D SPACE',''
  ) );
#238 = PCURVE('',#239,#244);
#239 = PLANE('',#240);
#240 = AXIS2_PLACEMENT_3D('',#241,#242,#243);
#241 = CARTESIAN_POINT('',(-65.,90.,95.));
#242 = DIRECTION('',(0.,0.,1.));
#243 = DIRECTION('',(1.,0.,-0.));
#244 = DEFINITIONAL_REPRESENTATION('',(#245),#248);
#245 = B_SPLINE_CURVE_WITH_KNOTS('',1,(#246,#247),.UNSPECIFIED.,.F.,.F.,
  (2,2),(75.,255.),.PIECEWISE_BEZIER_KNOTS.);
#246 = CARTESIAN_POINT('',(129.80740698407,-15.));
#247 = CARTESIAN_POINT('',(129.80740698407,165.));
#248 = ( GEOMETRIC_REPRESENTATION_CONTEXT(2) 
PARAMETRIC_REPRESENTATION_CONTEXT() REPRESENTATION_CONTEXT('2D SPACE',''
  ) );
#249 = ADVANCED_FACE('',(#250),#239,.F.);
#250 = FACE_BOUND('',#251,.F.);
#251 = EDGE_LOOP('',(#252,#275,#276,#299));
#252 = ORIENTED_EDGE('',*,*,#253,.F.);
#253 = EDGE_CURVE('',#199,#254,#256,.T.);
#254 = VERTEX_POINT('',#255);
#255 = CARTESIAN_POINT('',(65.,240.,95.));
#256 = SURFACE_CURVE('',#257,(#261,#268),.PCURVE_S1.);
#257 = LINE('',#258,#259);
#258 = CARTESIAN_POINT('',(-65.,240.,95.));
#259 = VECTOR('',#260,1.);
#260 = DIRECTION('',(1.,0.,-0.));
#261 = PCURVE('',#239,#262);
#262 = DEFINITIONAL_REPRESENTATION('',(#263),#267);
#263 = LINE('',#264,#265);
#264 = CARTESIAN_POINT('',(0.,150.));
#265 = VECTOR('',#266,1.);
#266 = DIRECTION('',(1.,0.));
#267 = ( GEOMETRIC_REPRESENTATION_CONTEXT(2) 
PARAMETRIC_REPRESENTATION_CONTEXT() REPRESENTATION_CONTEXT('2D SPACE',''
  ) );
#268 = PCURVE('',#214,#269);
#269 = DEFINITIONAL_REPRESENTATION('',(#270),#274);
#270 = LINE('',#271,#272);
#271 = CARTESIAN_POINT('',(0.,0.));
#272 = VECTOR('',#273,1.);
#273 = DIRECTION('',(0.,1.));
#274 = ( GEOMETRIC_REPRESENTATION_CONTEXT(2) 
PARAMETRIC_REPRESENTATION_CONTEXT() REPRESENTATION_CONTEXT('2D SPACE',''
  ) );
#275 = ORIENTED_EDGE('',*,*,#226,.F.);
#276 = ORIENTED_EDGE('',*,*,#277,.T.);
#277 = EDGE_CURVE('',#145,#278,#280,.T.);
#278 = VERTEX_POINT('',#279);
#279 = CARTESIAN_POINT('',(65.,90.,95.));
#280 = SURFACE_CURVE('',#281,(#285,#292),.PCURVE_S1.);
#281 = LINE('',#282,#283);
#282 = CARTESIAN_POINT('',(-65.,90.,95.));
#283 = VECTOR('',#284,1.);
#284 = DIRECTION('',(1.,0.,-0.));
#285 = PCURVE('',#239,#286);
#286 = DEFINITIONAL_REPRESENTATION('',(#287),#291);
#287 = LINE('',#288,#289);
#288 = CARTESIAN_POINT('',(0.,0.));
#289 = VECTOR('',#290,1.);
#290 = DIRECTION('',(1.,0.));
#291 = ( GEOMETRIC_REPRESENTATION_CONTEXT(2) 
PARAMETRIC_REPRESENTATION_CONTEXT() REPRESENTATION_CONTEXT('2D SPACE',''
  ) );
#292 = PCURVE('',#160,#293);
#293 = DEFINITIONAL_REPRESENTATION('',(#294),#298);
#294 = LINE('',#295,#296);
#295 = CARTESIAN_POINT('',(0.,0.));
#296 = VECTOR('',#297,1.);
#297 = DIRECTION('',(0.,1.));
#298 = ( GEOMETRIC_REPRESENTATION_CONTEXT(2) 
PARAMETRIC_REPRESENTATION_CONTEXT() REPRESENTATION_CONTEXT('2D SPACE',''
  ) );
#299 = ORIENTED_EDGE('',*,*,#300,.T.);
#300 = EDGE_CURVE('',#278,#254,#301,.T.);
#301 = SURFACE_CURVE('',#302,(#306,#313),.PCURVE_S1.);
#302 = LINE('',#303,#304);
#303 = CARTESIAN_POINT('',(65.,90.,95.));
#304 = VECTOR('',#305,1.);
#305 = DIRECTION('',(-0.,1.,0.));
#306 = PCURVE('',#239,#307);
#307 = DEFINITIONAL_REPRESENTATION('',(#308),#312);
#308 = LINE('',#309,#310);
#309 = CARTESIAN_POINT('',(130.,0.));
#310 = VECTOR('',#311,1.);
#311 = DIRECTION('',(0.,1.));
#312 = ( GEOMETRIC_REPRESENTATION_CONTEXT(2) 
PARAMETRIC_REPRESENTATION_CONTEXT() REPRESENTATION_CONTEXT('2D SPACE',''
  ) );
#313 = PCURVE('',#314,#319);
#314 = PLANE('',#315);
#315 = AXIS2_PLACEMENT_3D('',#316,#317,#318);
#316 = CARTESIAN_POINT('',(65.,90.,95.));
#317 = DIRECTION('',(1.,0.,-0.));
#318 = DIRECTION('',(0.,0.,1.));
#319 = DEFINITIONAL_REPRESENTATION('',(#320),#324);
#320 = LINE('',#321,#322);
#321 = CARTESIAN_POINT('',(0.,0.));
#322 = VECTOR('',#323,1.);
#323 = DIRECTION('',(0.,-1.));
#324 = ( GEOMETRIC_REPRESENTATION_CONTEXT(2) 
PARAMETRIC_REPRESENTATION_CONTEXT() REPRESENTATION_CONTEXT('2D SPACE',''
  ) );
#325 = ADVANCED_FACE('',(#326),#314,.T.);
#326 = FACE_BOUND('',#327,.T.);
#327 = EDGE_LOOP('',(#328,#351,#352,#375));
#328 = ORIENTED_EDGE('',*,*,#329,.F.);
#329 = EDGE_CURVE('',#278,#330,#332,.T.);
#330 = VERTEX_POINT('',#331);
#331 = CARTESIAN_POINT('',(65.,90.,167.));
#332 = SURFACE_CURVE('',#333,(#337,#344),.PCURVE_S1.);
#333 = LINE('',#334,#335);
#334 = CARTESIAN_POINT('',(65.,90.,95.));
#335 = VECTOR('',#336,1.);
#336 = DIRECTION('',(0.,0.,1.));
#337 = PCURVE('',#314,#338);
#338 = DEFINITIONAL_REPRESENTATION('',(#339),#343);
#339 = LINE('',#340,#341);
#340 = CARTESIAN_POINT('',(0.,0.));
#341 = VECTOR('',#342,1.);
#342 = DIRECTION('',(1.,0.));
#343 = ( GEOMETRIC_REPRESENTATION_CONTEXT(2) 
PARAMETRIC_REPRESENTATION_CONTEXT() REPRESENTATION_CONTEXT('2D SPACE',''
  ) );
#344 = PCURVE('',#160,#345);
#345 = DEFINITIONAL_REPRESENTATION('',(#346),#350);
#346 = LINE('',#347,#348);
#347 = CARTESIAN_POINT('',(0.,130.));
#348 = VECTOR('',#349,1.);
#349 = DIRECTION('',(1.,0.));
#350 = ( GEOMETRIC_REPRESENTATION_CONTEXT(2) 
PARAMETRIC_REPRESENTATION_CONTEXT() REPRESENTATION_CONTEXT('2D SPACE',''
  ) );
#351 = ORIENTED_EDGE('',*,*,#300,.T.);
#352 = ORIENTED_EDGE('',*,*,#353,.T.);
#353 = EDGE_CURVE('',#254,#354,#356,.T.);
#354 = VERTEX_POINT('',#355);
#355 = CARTESIAN_POINT('',(65.,240.,167.));
#356 = SURFACE_CURVE('',#357,(#361,#368),.PCURVE_S1.);
#357 = LINE('',#358,#359);
#358 = CARTESIAN_POINT('',(65.,240.,95.));
#359 = VECTOR('',#360,1.);
#360 = DIRECTION('',(0.,0.,1.));
#361 = PCURVE('',#314,#362);
#362 = DEFINITIONAL_REPRESENTATION('',(#363),#367);
#363 = LINE('',#364,#365);
#364 = CARTESIAN_POINT('',(0.,-150.));
#365 = VECTOR('',#366,1.);
#366 = DIRECTION('',(1.,0.));
#367 = ( GEOMETRIC_REPRESENTATION_CONTEXT(2) 
PARAMETRIC_REPRESENTATION_CONTEXT() REPRESENTATION_CONTEXT('2D SPACE',''
  ) );
#368 = PCURVE('',#214,#369);
#369 = DEFINITIONAL_REPRESENTATION('',(#370),#374);
#370 = LINE('',#371,#372);
#371 = CARTESIAN_POINT('',(0.,130.));
#372 = VECTOR('',#373,1.);
#373 = DIRECTION('',(1.,0.));
#374 = ( GEOMETRIC_REPRESENTATION_CONTEXT(2) 
PARAMETRIC_REPRESENTATION_CONTEXT() REPRESENTATION_CONTEXT('2D SPACE',''
  ) );
#375 = ORIENTED_EDGE('',*,*,#376,.F.);
#376 = EDGE_CURVE('',#330,#354,#377,.T.);
#377 = SURFACE_CURVE('',#378,(#382,#389),.PCURVE_S1.);
#378 = LINE('',#379,#380);
#379 = CARTESIAN_POINT('',(65.,90.,167.));
#380 = VECTOR('',#381,1.);
#381 = DIRECTION('',(-0.,1.,0.));
#382 = PCURVE('',#314,#383);
#383 = DEFINITIONAL_REPRESENTATION('',(#384),#388);
#384 = LINE('',#385,#386);
#385 = CARTESIAN_POINT('',(72.,0.));
#386 = VECTOR('',#387,1.);
#387 = DIRECTION('',(0.,-1.));
#388 = ( GEOMETRIC_REPRESENTATION_CONTEXT(2) 
PARAMETRIC_REPRESENTATION_CONTEXT() REPRESENTATION_CONTEXT('2D SPACE',''
  ) );
#389 = PCURVE('',#390,#395);
#390 = PLANE('',#391);
#391 = AXIS2_PLACEMENT_3D('',#392,#393,#394);
#392 = CARTESIAN_POINT('',(-65.,90.,167.));
#393 = DIRECTION('',(0.,0.,1.));
#394 = DIRECTION('',(1.,0.,-0.));
#395 = DEFINITIONAL_REPRESENTATION('',(#396),#400);
#396 = LINE('',#397,#398);
#397 = CARTESIAN_POINT('',(130.,0.));
#398 = VECTOR('',#399,1.);
#399 = DIRECTION('',(0.,1.));
#400 = ( GEOMETRIC_REPRESENTATION_CONTEXT(2) 
PARAMETRIC_REPRESENTATION_CONTEXT() REPRESENTATION_CONTEXT('2D SPACE',''
  ) );
#401 = ADVANCED_FACE('',(#402),#390,.T.);
#402 = FACE_BOUND('',#403,.T.);
#403 = EDGE_LOOP('',(#404,#434,#455,#456));
#404 = ORIENTED_EDGE('',*,*,#405,.F.);
#405 = EDGE_CURVE('',#406,#408,#410,.T.);
#406 = VERTEX_POINT('',#407);
#407 = CARTESIAN_POINT('',(-65.,90.,167.));
#408 = VERTEX_POINT('',#409);
#409 = CARTESIAN_POINT('',(-65.,240.,167.));
#410 = SURFACE_CURVE('',#411,(#415,#422),.PCURVE_S1.);
#411 = LINE('',#412,#413);
#412 = CARTESIAN_POINT('',(-65.,90.,167.));
#413 = VECTOR('',#414,1.);
#414 = DIRECTION('',(-0.,1.,0.));
#415 = PCURVE('',#390,#416);
#416 = DEFINITIONAL_REPRESENTATION('',(#417),#421);
#417 = LINE('',#418,#419);
#418 = CARTESIAN_POINT('',(0.,0.));
#419 = VECTOR('',#420,1.);
#420 = DIRECTION('',(0.,1.));
#421 = ( GEOMETRIC_REPRESENTATION_CONTEXT(2) 
PARAMETRIC_REPRESENTATION_CONTEXT() REPRESENTATION_CONTEXT('2D SPACE',''
  ) );
#422 = PCURVE('',#423,#428);
#423 = PLANE('',#424);
#424 = AXIS2_PLACEMENT_3D('',#425,#426,#427);
#425 = CARTESIAN_POINT('',(-65.,90.,95.));
#426 = DIRECTION('',(1.,0.,-0.));
#427 = DIRECTION('',(0.,0.,1.));
#428 = DEFINITIONAL_REPRESENTATION('',(#429),#433);
#429 = LINE('',#430,#431);
#430 = CARTESIAN_POINT('',(72.,0.));
#431 = VECTOR('',#432,1.);
#432 = DIRECTION('',(0.,-1.));
#433 = ( GEOMETRIC_REPRESENTATION_CONTEXT(2) 
PARAMETRIC_REPRESENTATION_CONTEXT() REPRESENTATION_CONTEXT('2D SPACE',''
  ) );
#434 = ORIENTED_EDGE('',*,*,#435,.T.);
#435 = EDGE_CURVE('',#406,#330,#436,.T.);
#436 = SURFACE_CURVE('',#437,(#441,#448),.PCURVE_S1.);
#437 = LINE('',#438,#439);
#438 = CARTESIAN_POINT('',(-65.,90.,167.));
#439 = VECTOR('',#440,1.);
#440 = DIRECTION('',(1.,0.,-0.));
#441 = PCURVE('',#390,#442);
#442 = DEFINITIONAL_REPRESENTATION('',(#443),#447);
#443 = LINE('',#444,#445);
#444 = CARTESIAN_POINT('',(0.,0.));
#445 = VECTOR('',#446,1.);
#446 = DIRECTION('',(1.,0.));
#447 = ( GEOMETRIC_REPRESENTATION_CONTEXT(2) 
PARAMETRIC_REPRESENTATION_CONTEXT() REPRESENTATION_CONTEXT('2D SPACE',''
  ) );
#448 = PCURVE('',#160,#449);
#449 = DEFINITIONAL_REPRESENTATION('',(#450),#454);
#450 = LINE('',#451,#452);
#451 = CARTESIAN_POINT('',(72.,0.));
#452 = VECTOR('',#453,1.);
#453 = DIRECTION('',(0.,1.));
#454 = ( GEOMETRIC_REPRESENTATION_CONTEXT(2) 
PARAMETRIC_REPRESENTATION_CONTEXT() REPRESENTATION_CONTEXT('2D SPACE',''
  ) );
#455 = ORIENTED_EDGE('',*,*,#376,.T.);
#456 = ORIENTED_EDGE('',*,*,#457,.F.);
#457 = EDGE_CURVE('',#408,#354,#458,.T.);
#458 = SURFACE_CURVE('',#459,(#463,#470),.PCURVE_S1.);
#459 = LINE('',#460,#461);
#460 = CARTESIAN_POINT('',(-65.,240.,167.));
#461 = VECTOR('',#462,1.);
#462 = DIRECTION('',(1.,0.,-0.));
#463 = PCURVE('',#390,#464);
#464 = DEFINITIONAL_REPRESENTATION('',(#465),#469);
#465 = LINE('',#466,#467);
#466 = CARTESIAN_POINT('',(0.,150.));
#467 = VECTOR('',#468,1.);
#468 = DIRECTION('',(1.,0.));
#469 = ( GEOMETRIC_REPRESENTATION_CONTEXT(2) 
PARAMETRIC_REPRESENTATION_CONTEXT() REPRESENTATION_CONTEXT('2D SPACE',''
  ) );
#470 = PCURVE('',#214,#471);
#471 = DEFINITIONAL_REPRESENTATION('',(#472),#476);
#472 = LINE('',#473,#474);
#473 = CARTESIAN_POINT('',(72.,0.));
#474 = VECTOR('',#475,1.);
#475 = DIRECTION('',(0.,1.));
#476 = ( GEOMETRIC_REPRESENTATION_CONTEXT(2) 
PARAMETRIC_REPRESENTATION_CONTEXT() REPRESENTATION_CONTEXT('2D SPACE',''
  ) );
#477 = ADVANCED_FACE('',(#478),#423,.F.);
#478 = FACE_BOUND('',#479,.F.);
#479 = EDGE_LOOP('',(#480,#503,#526,#547));
#480 = ORIENTED_EDGE('',*,*,#481,.F.);
#481 = EDGE_CURVE('',#482,#406,#484,.T.);
#482 = VERTEX_POINT('',#483);
#483 = CARTESIAN_POINT('',(-65.,90.,95.));
#484 = SURFACE_CURVE('',#485,(#489,#496),.PCURVE_S1.);
#485 = LINE('',#486,#487);
#486 = CARTESIAN_POINT('',(-65.,90.,95.));
#487 = VECTOR('',#488,1.);
#488 = DIRECTION('',(0.,0.,1.));
#489 = PCURVE('',#423,#490);
#490 = DEFINITIONAL_REPRESENTATION('',(#491),#495);
#491 = LINE('',#492,#493);
#492 = CARTESIAN_POINT('',(0.,0.));
#493 = VECTOR('',#494,1.);
#494 = DIRECTION('',(1.,0.));
#495 = ( GEOMETRIC_REPRESENTATION_CONTEXT(2) 
PARAMETRIC_REPRESENTATION_CONTEXT() REPRESENTATION_CONTEXT('2D SPACE',''
  ) );
#496 = PCURVE('',#160,#497);
#497 = DEFINITIONAL_REPRESENTATION('',(#498),#502);
#498 = LINE('',#499,#500);
#499 = CARTESIAN_POINT('',(0.,0.));
#500 = VECTOR('',#501,1.);
#501 = DIRECTION('',(1.,0.));
#502 = ( GEOMETRIC_REPRESENTATION_CONTEXT(2) 
PARAMETRIC_REPRESENTATION_CONTEXT() REPRESENTATION_CONTEXT('2D SPACE',''
  ) );
#503 = ORIENTED_EDGE('',*,*,#504,.T.);
#504 = EDGE_CURVE('',#482,#505,#507,.T.);
#505 = VERTEX_POINT('',#506);
#506 = CARTESIAN_POINT('',(-65.,240.,95.));
#507 = SURFACE_CURVE('',#508,(#512,#519),.PCURVE_S1.);
#508 = LINE('',#509,#510);
#509 = CARTESIAN_POINT('',(-65.,90.,95.));
#510 = VECTOR('',#511,1.);
#511 = DIRECTION('',(-0.,1.,0.));
#512 = PCURVE('',#423,#513);
#513 = DEFINITIONAL_REPRESENTATION('',(#514),#518);
#514 = LINE('',#515,#516);
#515 = CARTESIAN_POINT('',(0.,0.));
#516 = VECTOR('',#517,1.);
#517 = DIRECTION('',(0.,-1.));
#518 = ( GEOMETRIC_REPRESENTATION_CONTEXT(2) 
PARAMETRIC_REPRESENTATION_CONTEXT() REPRESENTATION_CONTEXT('2D SPACE',''
  ) );
#519 = PCURVE('',#187,#520);
#520 = DEFINITIONAL_REPRESENTATION('',(#521),#525);
#521 = LINE('',#522,#523);
#522 = CARTESIAN_POINT('',(0.,0.));
#523 = VECTOR('',#524,1.);
#524 = DIRECTION('',(0.,1.));
#525 = ( GEOMETRIC_REPRESENTATION_CONTEXT(2) 
PARAMETRIC_REPRESENTATION_CONTEXT() REPRESENTATION_CONTEXT('2D SPACE',''
  ) );
#526 = ORIENTED_EDGE('',*,*,#527,.T.);
#527 = EDGE_CURVE('',#505,#408,#528,.T.);
#528 = SURFACE_CURVE('',#529,(#533,#540),.PCURVE_S1.);
#529 = LINE('',#530,#531);
#530 = CARTESIAN_POINT('',(-65.,240.,95.));
#531 = VECTOR('',#532,1.);
#532 = DIRECTION('',(0.,0.,1.));
#533 = PCURVE('',#423,#534);
#534 = DEFINITIONAL_REPRESENTATION('',(#535),#539);
#535 = LINE('',#536,#537);
#536 = CARTESIAN_POINT('',(0.,-150.));
#537 = VECTOR('',#538,1.);
#538 = DIRECTION('',(1.,0.));
#539 = ( GEOMETRIC_REPRESENTATION_CONTEXT(2) 
PARAMETRIC_REPRESENTATION_CONTEXT() REPRESENTATION_CONTEXT('2D SPACE',''
  ) );
#540 = PCURVE('',#214,#541);
#541 = DEFINITIONAL_REPRESENTATION('',(#542),#546);
#542 = LINE('',#543,#544);
#543 = CARTESIAN_POINT('',(0.,0.));
#544 = VECTOR('',#545,1.);
#545 = DIRECTION('',(1.,0.));
#546 = ( GEOMETRIC_REPRESENTATION_CONTEXT(2) 
PARAMETRIC_REPRESENTATION_CONTEXT() REPRESENTATION_CONTEXT('2D SPACE',''
  ) );
#547 = ORIENTED_EDGE('',*,*,#405,.F.);
#548 = ADVANCED_FACE('',(#549,#577,#683,#789,#895,#1001),#214,.T.);
#549 = FACE_BOUND('',#550,.T.);
#550 = EDGE_LOOP('',(#551,#572,#573,#574,#575,#576));
#551 = ORIENTED_EDGE('',*,*,#552,.F.);
#552 = EDGE_CURVE('',#505,#173,#553,.T.);
#553 = SURFACE_CURVE('',#554,(#558,#565),.PCURVE_S1.);
#554 = LINE('',#555,#556);
#555 = CARTESIAN_POINT('',(-65.,240.,95.));
#556 = VECTOR('',#557,1.);
#557 = DIRECTION('',(1.,0.,-0.));
#558 = PCURVE('',#214,#559);
#559 = DEFINITIONAL_REPRESENTATION('',(#560),#564);
#560 = LINE('',#561,#562);
#561 = CARTESIAN_POINT('',(0.,0.));
#562 = VECTOR('',#563,1.);
#563 = DIRECTION('',(0.,1.));
#564 = ( GEOMETRIC_REPRESENTATION_CONTEXT(2) 
PARAMETRIC_REPRESENTATION_CONTEXT() REPRESENTATION_CONTEXT('2D SPACE',''
  ) );
#565 = PCURVE('',#187,#566);
#566 = DEFINITIONAL_REPRESENTATION('',(#567),#571);
#567 = LINE('',#568,#569);
#568 = CARTESIAN_POINT('',(0.,150.));
#569 = VECTOR('',#570,1.);
#570 = DIRECTION('',(1.,0.));
#571 = ( GEOMETRIC_REPRESENTATION_CONTEXT(2) 
PARAMETRIC_REPRESENTATION_CONTEXT() REPRESENTATION_CONTEXT('2D SPACE',''
  ) );
#572 = ORIENTED_EDGE('',*,*,#527,.T.);
#573 = ORIENTED_EDGE('',*,*,#457,.T.);
#574 = ORIENTED_EDGE('',*,*,#353,.F.);
#575 = ORIENTED_EDGE('',*,*,#253,.F.);
#576 = ORIENTED_EDGE('',*,*,#198,.F.);
#577 = FACE_BOUND('',#578,.T.);
#578 = EDGE_LOOP('',(#579,#607,#633,#659));
#579 = ORIENTED_EDGE('',*,*,#580,.F.);
#580 = EDGE_CURVE('',#581,#583,#585,.T.);
#581 = VERTEX_POINT('',#582);
#582 = CARTESIAN_POINT('',(-60.39171037478,240.,104.66179493018));
#583 = VERTEX_POINT('',#584);
#584 = CARTESIAN_POINT('',(-63.42889654861,240.,110.9685770055));
#585 = SURFACE_CURVE('',#586,(#590,#596),.PCURVE_S1.);
#586 = LINE('',#587,#588);
#587 = CARTESIAN_POINT('',(-58.93700352136,240.,101.64106502331));
#588 = VECTOR('',#589,1.);
#589 = DIRECTION('',(-0.433883739118,-0.,0.900968867902));
#590 = PCURVE('',#214,#591);
#591 = DEFINITIONAL_REPRESENTATION('',(#592),#595);
#592 = B_SPLINE_CURVE_WITH_KNOTS('',1,(#593,#594),.UNSPECIFIED.,.F.,.F.,
  (2,2),(3.352757253314,10.352757253314),.PIECEWISE_BEZIER_KNOTS.);
#593 = CARTESIAN_POINT('',(9.661794930183,4.608289625212));
#594 = CARTESIAN_POINT('',(15.9685770055,1.57110345139));
#595 = ( GEOMETRIC_REPRESENTATION_CONTEXT(2) 
PARAMETRIC_REPRESENTATION_CONTEXT() REPRESENTATION_CONTEXT('2D SPACE',''
  ) );
#596 = PCURVE('',#597,#602);
#597 = PLANE('',#598);
#598 = AXIS2_PLACEMENT_3D('',#599,#600,#601);
#599 = CARTESIAN_POINT('',(-60.39171037478,25.,104.66179493018));
#600 = DIRECTION('',(0.900968867902,0.,0.433883739118));
#601 = DIRECTION('',(-0.433883739118,0.,0.900968867902));
#602 = DEFINITIONAL_REPRESENTATION('',(#603),#606);
#603 = B_SPLINE_CURVE_WITH_KNOTS('',1,(#604,#605),.UNSPECIFIED.,.F.,.F.,
  (2,2),(3.352757253314,10.352757253314),.PIECEWISE_BEZIER_KNOTS.);
#604 = CARTESIAN_POINT('',(0.,-215.));
#605 = CARTESIAN_POINT('',(7.,-215.));
#606 = ( GEOMETRIC_REPRESENTATION_CONTEXT(2) 
PARAMETRIC_REPRESENTATION_CONTEXT() REPRESENTATION_CONTEXT('2D SPACE',''
  ) );
#607 = ORIENTED_EDGE('',*,*,#608,.F.);
#608 = EDGE_CURVE('',#609,#581,#611,.T.);
#609 = VERTEX_POINT('',#610);
#610 = CARTESIAN_POINT('',(-44.17427075254,240.,112.4717022343));
#611 = SURFACE_CURVE('',#612,(#616,#622),.PCURVE_S1.);
#612 = LINE('',#613,#614);
#613 = CARTESIAN_POINT('',(-64.15056204081,240.,102.85162737196));
#614 = VECTOR('',#615,1.);
#615 = DIRECTION('',(-0.900968867902,0.,-0.433883739118));
#616 = PCURVE('',#214,#617);
#617 = DEFINITIONAL_REPRESENTATION('',(#618),#621);
#618 = B_SPLINE_CURVE_WITH_KNOTS('',1,(#619,#620),.UNSPECIFIED.,.F.,.F.,
  (2,2),(-22.17201059874,-4.172010598745),.PIECEWISE_BEZIER_KNOTS.);
#619 = CARTESIAN_POINT('',(17.4717022343,20.825729247456));
#620 = CARTESIAN_POINT('',(9.661794930183,4.608289625212));
#621 = ( GEOMETRIC_REPRESENTATION_CONTEXT(2) 
PARAMETRIC_REPRESENTATION_CONTEXT() REPRESENTATION_CONTEXT('2D SPACE',''
  ) );
#622 = PCURVE('',#623,#628);
#623 = PLANE('',#624);
#624 = AXIS2_PLACEMENT_3D('',#625,#626,#627);
#625 = CARTESIAN_POINT('',(-60.39171037478,25.,104.66179493018));
#626 = DIRECTION('',(-0.433883739118,0.,0.900968867902));
#627 = DIRECTION('',(0.900968867902,0.,0.433883739118));
#628 = DEFINITIONAL_REPRESENTATION('',(#629),#632);
#629 = B_SPLINE_CURVE_WITH_KNOTS('',1,(#630,#631),.UNSPECIFIED.,.F.,.F.,
  (2,2),(-22.17201059874,-4.172010598745),.PIECEWISE_BEZIER_KNOTS.);
#630 = CARTESIAN_POINT('',(18.,215.));
#631 = CARTESIAN_POINT('',(0.,215.));
#632 = ( GEOMETRIC_REPRESENTATION_CONTEXT(2) 
PARAMETRIC_REPRESENTATION_CONTEXT() REPRESENTATION_CONTEXT('2D SPACE',''
  ) );
#633 = ORIENTED_EDGE('',*,*,#634,.T.);
#634 = EDGE_CURVE('',#609,#635,#637,.T.);
#635 = VERTEX_POINT('',#636);
#636 = CARTESIAN_POINT('',(-47.21145692636,240.,118.77848430961));
#637 = SURFACE_CURVE('',#638,(#642,#648),.PCURVE_S1.);
#638 = LINE('',#639,#640);
#639 = CARTESIAN_POINT('',(-42.71956389912,240.,109.45097232742));
#640 = VECTOR('',#641,1.);
#641 = DIRECTION('',(-0.433883739118,-0.,0.900968867902));
#642 = PCURVE('',#214,#643);
#643 = DEFINITIONAL_REPRESENTATION('',(#644),#647);
#644 = B_SPLINE_CURVE_WITH_KNOTS('',1,(#645,#646),.UNSPECIFIED.,.F.,.F.,
  (2,2),(3.352757253314,10.352757253314),.PIECEWISE_BEZIER_KNOTS.);
#645 = CARTESIAN_POINT('',(17.4717022343,20.825729247456));
#646 = CARTESIAN_POINT('',(23.778484309616,17.788543073633));
#647 = ( GEOMETRIC_REPRESENTATION_CONTEXT(2) 
PARAMETRIC_REPRESENTATION_CONTEXT() REPRESENTATION_CONTEXT('2D SPACE',''
  ) );
#648 = PCURVE('',#649,#654);
#649 = PLANE('',#650);
#650 = AXIS2_PLACEMENT_3D('',#651,#652,#653);
#651 = CARTESIAN_POINT('',(-44.17427075254,25.,112.4717022343));
#652 = DIRECTION('',(0.900968867902,0.,0.433883739118));
#653 = DIRECTION('',(-0.433883739118,0.,0.900968867902));
#654 = DEFINITIONAL_REPRESENTATION('',(#655),#658);
#655 = B_SPLINE_CURVE_WITH_KNOTS('',1,(#656,#657),.UNSPECIFIED.,.F.,.F.,
  (2,2),(3.352757253314,10.352757253314),.PIECEWISE_BEZIER_KNOTS.);
#656 = CARTESIAN_POINT('',(0.,-215.));
#657 = CARTESIAN_POINT('',(7.,-215.));
#658 = ( GEOMETRIC_REPRESENTATION_CONTEXT(2) 
PARAMETRIC_REPRESENTATION_CONTEXT() REPRESENTATION_CONTEXT('2D SPACE',''
  ) );
#659 = ORIENTED_EDGE('',*,*,#660,.T.);
#660 = EDGE_CURVE('',#635,#583,#661,.T.);
#661 = SURFACE_CURVE('',#662,(#666,#672),.PCURVE_S1.);
#662 = LINE('',#663,#664);
#663 = CARTESIAN_POINT('',(-67.18774821463,240.,109.15840944727));
#664 = VECTOR('',#665,1.);
#665 = DIRECTION('',(-0.900968867902,0.,-0.433883739118));
#666 = PCURVE('',#214,#667);
#667 = DEFINITIONAL_REPRESENTATION('',(#668),#671);
#668 = B_SPLINE_CURVE_WITH_KNOTS('',1,(#669,#670),.UNSPECIFIED.,.F.,.F.,
  (2,2),(-22.17201059874,-4.172010598745),.PIECEWISE_BEZIER_KNOTS.);
#669 = CARTESIAN_POINT('',(23.778484309616,17.788543073633));
#670 = CARTESIAN_POINT('',(15.9685770055,1.57110345139));
#671 = ( GEOMETRIC_REPRESENTATION_CONTEXT(2) 
PARAMETRIC_REPRESENTATION_CONTEXT() REPRESENTATION_CONTEXT('2D SPACE',''
  ) );
#672 = PCURVE('',#673,#678);
#673 = PLANE('',#674);
#674 = AXIS2_PLACEMENT_3D('',#675,#676,#677);
#675 = CARTESIAN_POINT('',(-63.42889654861,25.,110.9685770055));
#676 = DIRECTION('',(-0.433883739118,0.,0.900968867902));
#677 = DIRECTION('',(0.900968867902,0.,0.433883739118));
#678 = DEFINITIONAL_REPRESENTATION('',(#679),#682);
#679 = B_SPLINE_CURVE_WITH_KNOTS('',1,(#680,#681),.UNSPECIFIED.,.F.,.F.,
  (2,2),(-22.17201059874,-4.172010598745),.PIECEWISE_BEZIER_KNOTS.);
#680 = CARTESIAN_POINT('',(18.,215.));
#681 = CARTESIAN_POINT('',(0.,215.));
#682 = ( GEOMETRIC_REPRESENTATION_CONTEXT(2) 
PARAMETRIC_REPRESENTATION_CONTEXT() REPRESENTATION_CONTEXT('2D SPACE',''
  ) );
#683 = FACE_BOUND('',#684,.T.);
#684 = EDGE_LOOP('',(#685,#713,#739,#765));
#685 = ORIENTED_EDGE('',*,*,#686,.F.);
#686 = EDGE_CURVE('',#687,#689,#691,.T.);
#687 = VERTEX_POINT('',#688);
#688 = CARTESIAN_POINT('',(-35.58812375137,240.,115.4761250123));
#689 = VERTEX_POINT('',#690);
#690 = CARTESIAN_POINT('',(-37.14577028906,240.,122.30062039757));
#691 = SURFACE_CURVE('',#692,(#696,#702),.PCURVE_S1.);
#692 = LINE('',#693,#694);
#693 = CARTESIAN_POINT('',(-34.09523218113,240.,108.93533967669));
#694 = VECTOR('',#695,1.);
#695 = DIRECTION('',(-0.222520933956,-0.,0.974927912182));
#696 = PCURVE('',#214,#697);
#697 = DEFINITIONAL_REPRESENTATION('',(#698),#701);
#698 = B_SPLINE_CURVE_WITH_KNOTS('',1,(#699,#700),.UNSPECIFIED.,.F.,.F.,
  (2,2),(6.708993817783,13.708993817783),.PIECEWISE_BEZIER_KNOTS.);
#699 = CARTESIAN_POINT('',(20.476125012303,29.411876248628));
#700 = CARTESIAN_POINT('',(27.300620397576,27.854229710934));
#701 = ( GEOMETRIC_REPRESENTATION_CONTEXT(2) 
PARAMETRIC_REPRESENTATION_CONTEXT() REPRESENTATION_CONTEXT('2D SPACE',''
  ) );
#702 = PCURVE('',#703,#708);
#703 = PLANE('',#704);
#704 = AXIS2_PLACEMENT_3D('',#705,#706,#707);
#705 = CARTESIAN_POINT('',(-35.58812375137,25.,115.4761250123));
#706 = DIRECTION('',(0.974927912182,0.,0.222520933956));
#707 = DIRECTION('',(-0.222520933956,0.,0.974927912182));
#708 = DEFINITIONAL_REPRESENTATION('',(#709),#712);
#709 = B_SPLINE_CURVE_WITH_KNOTS('',1,(#710,#711),.UNSPECIFIED.,.F.,.F.,
  (2,2),(6.708993817783,13.708993817783),.PIECEWISE_BEZIER_KNOTS.);
#710 = CARTESIAN_POINT('',(0.,-215.));
#711 = CARTESIAN_POINT('',(7.,-215.));
#712 = ( GEOMETRIC_REPRESENTATION_CONTEXT(2) 
PARAMETRIC_REPRESENTATION_CONTEXT() REPRESENTATION_CONTEXT('2D SPACE',''
  ) );
#713 = ORIENTED_EDGE('',*,*,#714,.F.);
#714 = EDGE_CURVE('',#715,#687,#717,.T.);
#715 = VERTEX_POINT('',#716);
#716 = CARTESIAN_POINT('',(-18.03942133209,240.,119.48150182351));
#717 = SURFACE_CURVE('',#718,(#722,#728),.PCURVE_S1.);
#718 = LINE('',#719,#720);
#719 = CARTESIAN_POINT('',(-51.78695344592,240.,111.77884784176));
#720 = VECTOR('',#721,1.);
#721 = DIRECTION('',(-0.974927912182,0.,-0.222520933956));
#722 = PCURVE('',#214,#723);
#723 = DEFINITIONAL_REPRESENTATION('',(#724),#727);
#724 = B_SPLINE_CURVE_WITH_KNOTS('',1,(#725,#726),.UNSPECIFIED.,.F.,.F.,
  (2,2),(-34.61541278298,-16.61541278298),.PIECEWISE_BEZIER_KNOTS.);
#725 = CARTESIAN_POINT('',(24.481501823517,46.960578667901));
#726 = CARTESIAN_POINT('',(20.476125012303,29.411876248628));
#727 = ( GEOMETRIC_REPRESENTATION_CONTEXT(2) 
PARAMETRIC_REPRESENTATION_CONTEXT() REPRESENTATION_CONTEXT('2D SPACE',''
  ) );
#728 = PCURVE('',#729,#734);
#729 = PLANE('',#730);
#730 = AXIS2_PLACEMENT_3D('',#731,#732,#733);
#731 = CARTESIAN_POINT('',(-35.58812375137,25.,115.4761250123));
#732 = DIRECTION('',(-0.222520933956,0.,0.974927912182));
#733 = DIRECTION('',(0.974927912182,0.,0.222520933956));
#734 = DEFINITIONAL_REPRESENTATION('',(#735),#738);
#735 = B_SPLINE_CURVE_WITH_KNOTS('',1,(#736,#737),.UNSPECIFIED.,.F.,.F.,
  (2,2),(-34.61541278298,-16.61541278298),.PIECEWISE_BEZIER_KNOTS.);
#736 = CARTESIAN_POINT('',(18.,215.));
#737 = CARTESIAN_POINT('',(0.,215.));
#738 = ( GEOMETRIC_REPRESENTATION_CONTEXT(2) 
PARAMETRIC_REPRESENTATION_CONTEXT() REPRESENTATION_CONTEXT('2D SPACE',''
  ) );
#739 = ORIENTED_EDGE('',*,*,#740,.T.);
#740 = EDGE_CURVE('',#715,#741,#743,.T.);
#741 = VERTEX_POINT('',#742);
#742 = CARTESIAN_POINT('',(-19.59706786979,240.,126.30599720878));
#743 = SURFACE_CURVE('',#744,(#748,#754),.PCURVE_S1.);
#744 = LINE('',#745,#746);
#745 = CARTESIAN_POINT('',(-16.54652976185,240.,112.9407164879));
#746 = VECTOR('',#747,1.);
#747 = DIRECTION('',(-0.222520933956,-0.,0.974927912182));
#748 = PCURVE('',#214,#749);
#749 = DEFINITIONAL_REPRESENTATION('',(#750),#753);
#750 = B_SPLINE_CURVE_WITH_KNOTS('',1,(#751,#752),.UNSPECIFIED.,.F.,.F.,
  (2,2),(6.708993817783,13.708993817783),.PIECEWISE_BEZIER_KNOTS.);
#751 = CARTESIAN_POINT('',(24.481501823517,46.960578667901));
#752 = CARTESIAN_POINT('',(31.305997208789,45.402932130206));
#753 = ( GEOMETRIC_REPRESENTATION_CONTEXT(2) 
PARAMETRIC_REPRESENTATION_CONTEXT() REPRESENTATION_CONTEXT('2D SPACE',''
  ) );
#754 = PCURVE('',#755,#760);
#755 = PLANE('',#756);
#756 = AXIS2_PLACEMENT_3D('',#757,#758,#759);
#757 = CARTESIAN_POINT('',(-18.03942133209,25.,119.48150182351));
#758 = DIRECTION('',(0.974927912182,0.,0.222520933956));
#759 = DIRECTION('',(-0.222520933956,0.,0.974927912182));
#760 = DEFINITIONAL_REPRESENTATION('',(#761),#764);
#761 = B_SPLINE_CURVE_WITH_KNOTS('',1,(#762,#763),.UNSPECIFIED.,.F.,.F.,
  (2,2),(6.708993817783,13.708993817783),.PIECEWISE_BEZIER_KNOTS.);
#762 = CARTESIAN_POINT('',(0.,-215.));
#763 = CARTESIAN_POINT('',(7.,-215.));
#764 = ( GEOMETRIC_REPRESENTATION_CONTEXT(2) 
PARAMETRIC_REPRESENTATION_CONTEXT() REPRESENTATION_CONTEXT('2D SPACE',''
  ) );
#765 = ORIENTED_EDGE('',*,*,#766,.T.);
#766 = EDGE_CURVE('',#741,#689,#767,.T.);
#767 = SURFACE_CURVE('',#768,(#772,#778),.PCURVE_S1.);
#768 = LINE('',#769,#770);
#769 = CARTESIAN_POINT('',(-53.34459998362,240.,118.60334322703));
#770 = VECTOR('',#771,1.);
#771 = DIRECTION('',(-0.974927912182,0.,-0.222520933956));
#772 = PCURVE('',#214,#773);
#773 = DEFINITIONAL_REPRESENTATION('',(#774),#777);
#774 = B_SPLINE_CURVE_WITH_KNOTS('',1,(#775,#776),.UNSPECIFIED.,.F.,.F.,
  (2,2),(-34.61541278298,-16.61541278298),.PIECEWISE_BEZIER_KNOTS.);
#775 = CARTESIAN_POINT('',(31.305997208789,45.402932130206));
#776 = CARTESIAN_POINT('',(27.300620397576,27.854229710934));
#777 = ( GEOMETRIC_REPRESENTATION_CONTEXT(2) 
PARAMETRIC_REPRESENTATION_CONTEXT() REPRESENTATION_CONTEXT('2D SPACE',''
  ) );
#778 = PCURVE('',#779,#784);
#779 = PLANE('',#780);
#780 = AXIS2_PLACEMENT_3D('',#781,#782,#783);
#781 = CARTESIAN_POINT('',(-37.14577028906,25.,122.30062039757));
#782 = DIRECTION('',(-0.222520933956,0.,0.974927912182));
#783 = DIRECTION('',(0.974927912182,0.,0.222520933956));
#784 = DEFINITIONAL_REPRESENTATION('',(#785),#788);
#785 = B_SPLINE_CURVE_WITH_KNOTS('',1,(#786,#787),.UNSPECIFIED.,.F.,.F.,
  (2,2),(-34.61541278298,-16.61541278298),.PIECEWISE_BEZIER_KNOTS.);
#786 = CARTESIAN_POINT('',(18.,215.));
#787 = CARTESIAN_POINT('',(0.,215.));
#788 = ( GEOMETRIC_REPRESENTATION_CONTEXT(2) 
PARAMETRIC_REPRESENTATION_CONTEXT() REPRESENTATION_CONTEXT('2D SPACE',''
  ) );
#789 = FACE_BOUND('',#790,.T.);
#790 = EDGE_LOOP('',(#791,#819,#845,#871));
#791 = ORIENTED_EDGE('',*,*,#792,.F.);
#792 = EDGE_CURVE('',#793,#795,#797,.T.);
#793 = VERTEX_POINT('',#794);
#794 = CARTESIAN_POINT('',(44.174270752544,240.,112.4717022343));
#795 = VERTEX_POINT('',#796);
#796 = CARTESIAN_POINT('',(47.211456926367,240.,118.77848430961));
#797 = SURFACE_CURVE('',#798,(#802,#808),.PCURVE_S1.);
#798 = LINE('',#799,#800);
#799 = CARTESIAN_POINT('',(30.482982459531,240.,84.041449147218));
#800 = VECTOR('',#801,1.);
#801 = DIRECTION('',(0.433883739118,0.,0.900968867902));
#802 = PCURVE('',#214,#803);
#803 = DEFINITIONAL_REPRESENTATION('',(#804),#807);
#804 = B_SPLINE_CURVE_WITH_KNOTS('',1,(#805,#806),.UNSPECIFIED.,.F.,.F.,
  (2,2),(31.555200295956,38.555200295956),.PIECEWISE_BEZIER_KNOTS.);
#805 = CARTESIAN_POINT('',(17.4717022343,109.17427075254));
#806 = CARTESIAN_POINT('',(23.778484309616,112.21145692636));
#807 = ( GEOMETRIC_REPRESENTATION_CONTEXT(2) 
PARAMETRIC_REPRESENTATION_CONTEXT() REPRESENTATION_CONTEXT('2D SPACE',''
  ) );
#808 = PCURVE('',#809,#814);
#809 = PLANE('',#810);
#810 = AXIS2_PLACEMENT_3D('',#811,#812,#813);
#811 = CARTESIAN_POINT('',(44.174270752544,25.,112.4717022343));
#812 = DIRECTION('',(0.900968867902,0.,-0.433883739118));
#813 = DIRECTION('',(0.433883739118,0.,0.900968867902));
#814 = DEFINITIONAL_REPRESENTATION('',(#815),#818);
#815 = B_SPLINE_CURVE_WITH_KNOTS('',1,(#816,#817),.UNSPECIFIED.,.F.,.F.,
  (2,2),(31.555200295956,38.555200295956),.PIECEWISE_BEZIER_KNOTS.);
#816 = CARTESIAN_POINT('',(0.,-215.));
#817 = CARTESIAN_POINT('',(7.,-215.));
#818 = ( GEOMETRIC_REPRESENTATION_CONTEXT(2) 
PARAMETRIC_REPRESENTATION_CONTEXT() REPRESENTATION_CONTEXT('2D SPACE',''
  ) );
#819 = ORIENTED_EDGE('',*,*,#820,.F.);
#820 = EDGE_CURVE('',#821,#793,#823,.T.);
#821 = VERTEX_POINT('',#822);
#822 = CARTESIAN_POINT('',(60.391710374788,240.,104.66179493018));
#823 = SURFACE_CURVE('',#824,(#828,#834),.PCURVE_S1.);
#824 = LINE('',#825,#826);
#825 = CARTESIAN_POINT('',(3.278423669285,240.,132.16610420423));
#826 = VECTOR('',#827,1.);
#827 = DIRECTION('',(-0.900968867902,-0.,0.433883739118));
#828 = PCURVE('',#214,#829);
#829 = DEFINITIONAL_REPRESENTATION('',(#830),#833);
#830 = B_SPLINE_CURVE_WITH_KNOTS('',1,(#831,#832),.UNSPECIFIED.,.F.,.F.,
  (2,2),(-63.39096581491,-45.39096581491),.PIECEWISE_BEZIER_KNOTS.);
#831 = CARTESIAN_POINT('',(9.661794930183,125.39171037478));
#832 = CARTESIAN_POINT('',(17.4717022343,109.17427075254));
#833 = ( GEOMETRIC_REPRESENTATION_CONTEXT(2) 
PARAMETRIC_REPRESENTATION_CONTEXT() REPRESENTATION_CONTEXT('2D SPACE',''
  ) );
#834 = PCURVE('',#835,#840);
#835 = PLANE('',#836);
#836 = AXIS2_PLACEMENT_3D('',#837,#838,#839);
#837 = CARTESIAN_POINT('',(44.174270752544,25.,112.4717022343));
#838 = DIRECTION('',(0.433883739118,0.,0.900968867902));
#839 = DIRECTION('',(0.900968867902,0.,-0.433883739118));
#840 = DEFINITIONAL_REPRESENTATION('',(#841),#844);
#841 = B_SPLINE_CURVE_WITH_KNOTS('',1,(#842,#843),.UNSPECIFIED.,.F.,.F.,
  (2,2),(-63.39096581491,-45.39096581491),.PIECEWISE_BEZIER_KNOTS.);
#842 = CARTESIAN_POINT('',(18.,215.));
#843 = CARTESIAN_POINT('',(0.,215.));
#844 = ( GEOMETRIC_REPRESENTATION_CONTEXT(2) 
PARAMETRIC_REPRESENTATION_CONTEXT() REPRESENTATION_CONTEXT('2D SPACE',''
  ) );
#845 = ORIENTED_EDGE('',*,*,#846,.T.);
#846 = EDGE_CURVE('',#821,#847,#849,.T.);
#847 = VERTEX_POINT('',#848);
#848 = CARTESIAN_POINT('',(63.42889654861,240.,110.9685770055));
#849 = SURFACE_CURVE('',#850,(#854,#860),.PCURVE_S1.);
#850 = LINE('',#851,#852);
#851 = CARTESIAN_POINT('',(46.700422081775,240.,76.231541843102));
#852 = VECTOR('',#853,1.);
#853 = DIRECTION('',(0.433883739118,0.,0.900968867902));
#854 = PCURVE('',#214,#855);
#855 = DEFINITIONAL_REPRESENTATION('',(#856),#859);
#856 = B_SPLINE_CURVE_WITH_KNOTS('',1,(#857,#858),.UNSPECIFIED.,.F.,.F.,
  (2,2),(31.555200295956,38.555200295956),.PIECEWISE_BEZIER_KNOTS.);
#857 = CARTESIAN_POINT('',(9.661794930183,125.39171037478));
#858 = CARTESIAN_POINT('',(15.9685770055,128.42889654861));
#859 = ( GEOMETRIC_REPRESENTATION_CONTEXT(2) 
PARAMETRIC_REPRESENTATION_CONTEXT() REPRESENTATION_CONTEXT('2D SPACE',''
  ) );
#860 = PCURVE('',#861,#866);
#861 = PLANE('',#862);
#862 = AXIS2_PLACEMENT_3D('',#863,#864,#865);
#863 = CARTESIAN_POINT('',(60.391710374788,25.,104.66179493018));
#864 = DIRECTION('',(0.900968867902,0.,-0.433883739118));
#865 = DIRECTION('',(0.433883739118,0.,0.900968867902));
#866 = DEFINITIONAL_REPRESENTATION('',(#867),#870);
#867 = B_SPLINE_CURVE_WITH_KNOTS('',1,(#868,#869),.UNSPECIFIED.,.F.,.F.,
  (2,2),(31.555200295956,38.555200295956),.PIECEWISE_BEZIER_KNOTS.);
#868 = CARTESIAN_POINT('',(0.,-215.));
#869 = CARTESIAN_POINT('',(7.,-215.));
#870 = ( GEOMETRIC_REPRESENTATION_CONTEXT(2) 
PARAMETRIC_REPRESENTATION_CONTEXT() REPRESENTATION_CONTEXT('2D SPACE',''
  ) );
#871 = ORIENTED_EDGE('',*,*,#872,.T.);
#872 = EDGE_CURVE('',#847,#795,#873,.T.);
#873 = SURFACE_CURVE('',#874,(#878,#884),.PCURVE_S1.);
#874 = LINE('',#875,#876);
#875 = CARTESIAN_POINT('',(6.315609843108,240.,138.47288627954));
#876 = VECTOR('',#877,1.);
#877 = DIRECTION('',(-0.900968867902,-0.,0.433883739118));
#878 = PCURVE('',#214,#879);
#879 = DEFINITIONAL_REPRESENTATION('',(#880),#883);
#880 = B_SPLINE_CURVE_WITH_KNOTS('',1,(#881,#882),.UNSPECIFIED.,.F.,.F.,
  (2,2),(-63.39096581491,-45.39096581491),.PIECEWISE_BEZIER_KNOTS.);
#881 = CARTESIAN_POINT('',(15.9685770055,128.42889654861));
#882 = CARTESIAN_POINT('',(23.778484309616,112.21145692636));
#883 = ( GEOMETRIC_REPRESENTATION_CONTEXT(2) 
PARAMETRIC_REPRESENTATION_CONTEXT() REPRESENTATION_CONTEXT('2D SPACE',''
  ) );
#884 = PCURVE('',#885,#890);
#885 = PLANE('',#886);
#886 = AXIS2_PLACEMENT_3D('',#887,#888,#889);
#887 = CARTESIAN_POINT('',(47.211456926367,25.,118.77848430961));
#888 = DIRECTION('',(0.433883739118,0.,0.900968867902));
#889 = DIRECTION('',(0.900968867902,0.,-0.433883739118));
#890 = DEFINITIONAL_REPRESENTATION('',(#891),#894);
#891 = B_SPLINE_CURVE_WITH_KNOTS('',1,(#892,#893),.UNSPECIFIED.,.F.,.F.,
  (2,2),(-63.39096581491,-45.39096581491),.PIECEWISE_BEZIER_KNOTS.);
#892 = CARTESIAN_POINT('',(18.,215.));
#893 = CARTESIAN_POINT('',(0.,215.));
#894 = ( GEOMETRIC_REPRESENTATION_CONTEXT(2) 
PARAMETRIC_REPRESENTATION_CONTEXT() REPRESENTATION_CONTEXT('2D SPACE',''
  ) );
#895 = FACE_BOUND('',#896,.T.);
#896 = EDGE_LOOP('',(#897,#925,#951,#977));
#897 = ORIENTED_EDGE('',*,*,#898,.F.);
#898 = EDGE_CURVE('',#899,#901,#903,.T.);
#899 = VERTEX_POINT('',#900);
#900 = CARTESIAN_POINT('',(18.039421332099,240.,119.48150182351));
#901 = VERTEX_POINT('',#902);
#902 = CARTESIAN_POINT('',(19.597067869794,240.,126.30599720878));
#903 = SURFACE_CURVE('',#904,(#908,#914),.PCURVE_S1.);
#904 = LINE('',#905,#906);
#905 = CARTESIAN_POINT('',(13.328017968688,240.,98.839494966584));
#906 = VECTOR('',#907,1.);
#907 = DIRECTION('',(0.222520933956,0.,0.974927912182));
#908 = PCURVE('',#214,#909);
#909 = DEFINITIONAL_REPRESENTATION('',(#910),#913);
#910 = B_SPLINE_CURVE_WITH_KNOTS('',1,(#911,#912),.UNSPECIFIED.,.F.,.F.,
  (2,2),(21.172854524944,28.172854524944),.PIECEWISE_BEZIER_KNOTS.);
#911 = CARTESIAN_POINT('',(24.481501823517,83.039421332099));
#912 = CARTESIAN_POINT('',(31.305997208789,84.597067869794));
#913 = ( GEOMETRIC_REPRESENTATION_CONTEXT(2) 
PARAMETRIC_REPRESENTATION_CONTEXT() REPRESENTATION_CONTEXT('2D SPACE',''
  ) );
#914 = PCURVE('',#915,#920);
#915 = PLANE('',#916);
#916 = AXIS2_PLACEMENT_3D('',#917,#918,#919);
#917 = CARTESIAN_POINT('',(18.039421332099,25.,119.48150182351));
#918 = DIRECTION('',(0.974927912182,0.,-0.222520933956));
#919 = DIRECTION('',(0.222520933956,0.,0.974927912182));
#920 = DEFINITIONAL_REPRESENTATION('',(#921),#924);
#921 = B_SPLINE_CURVE_WITH_KNOTS('',1,(#922,#923),.UNSPECIFIED.,.F.,.F.,
  (2,2),(21.172854524944,28.172854524944),.PIECEWISE_BEZIER_KNOTS.);
#922 = CARTESIAN_POINT('',(0.,-215.));
#923 = CARTESIAN_POINT('',(7.,-215.));
#924 = ( GEOMETRIC_REPRESENTATION_CONTEXT(2) 
PARAMETRIC_REPRESENTATION_CONTEXT() REPRESENTATION_CONTEXT('2D SPACE',''
  ) );
#925 = ORIENTED_EDGE('',*,*,#926,.F.);
#926 = EDGE_CURVE('',#927,#899,#929,.T.);
#927 = VERTEX_POINT('',#928);
#928 = CARTESIAN_POINT('',(35.588123751372,240.,115.4761250123));
#929 = SURFACE_CURVE('',#930,(#934,#940),.PCURVE_S1.);
#930 = LINE('',#931,#932);
#931 = CARTESIAN_POINT('',(-18.76888597053,240.,127.88275776869));
#932 = VECTOR('',#933,1.);
#933 = DIRECTION('',(-0.974927912182,-0.,0.222520933956));
#934 = PCURVE('',#214,#935);
#935 = DEFINITIONAL_REPRESENTATION('',(#936),#939);
#936 = B_SPLINE_CURVE_WITH_KNOTS('',1,(#937,#938),.UNSPECIFIED.,.F.,.F.,
  (2,2),(-55.75490150883,-37.75490150883),.PIECEWISE_BEZIER_KNOTS.);
#937 = CARTESIAN_POINT('',(20.476125012303,100.58812375137));
#938 = CARTESIAN_POINT('',(24.481501823517,83.039421332099));
#939 = ( GEOMETRIC_REPRESENTATION_CONTEXT(2) 
PARAMETRIC_REPRESENTATION_CONTEXT() REPRESENTATION_CONTEXT('2D SPACE',''
  ) );
#940 = PCURVE('',#941,#946);
#941 = PLANE('',#942);
#942 = AXIS2_PLACEMENT_3D('',#943,#944,#945);
#943 = CARTESIAN_POINT('',(18.039421332099,25.,119.48150182351));
#944 = DIRECTION('',(0.222520933956,0.,0.974927912182));
#945 = DIRECTION('',(0.974927912182,0.,-0.222520933956));
#946 = DEFINITIONAL_REPRESENTATION('',(#947),#950);
#947 = B_SPLINE_CURVE_WITH_KNOTS('',1,(#948,#949),.UNSPECIFIED.,.F.,.F.,
  (2,2),(-55.75490150883,-37.75490150883),.PIECEWISE_BEZIER_KNOTS.);
#948 = CARTESIAN_POINT('',(18.,215.));
#949 = CARTESIAN_POINT('',(0.,215.));
#950 = ( GEOMETRIC_REPRESENTATION_CONTEXT(2) 
PARAMETRIC_REPRESENTATION_CONTEXT() REPRESENTATION_CONTEXT('2D SPACE',''
  ) );
#951 = ORIENTED_EDGE('',*,*,#952,.T.);
#952 = EDGE_CURVE('',#927,#953,#955,.T.);
#953 = VERTEX_POINT('',#954);
#954 = CARTESIAN_POINT('',(37.145770289066,240.,122.30062039757));
#955 = SURFACE_CURVE('',#956,(#960,#966),.PCURVE_S1.);
#956 = LINE('',#957,#958);
#957 = CARTESIAN_POINT('',(30.876720387961,240.,94.83411815537));
#958 = VECTOR('',#959,1.);
#959 = DIRECTION('',(0.222520933956,0.,0.974927912182));
#960 = PCURVE('',#214,#961);
#961 = DEFINITIONAL_REPRESENTATION('',(#962),#965);
#962 = B_SPLINE_CURVE_WITH_KNOTS('',1,(#963,#964),.UNSPECIFIED.,.F.,.F.,
  (2,2),(21.172854524944,28.172854524944),.PIECEWISE_BEZIER_KNOTS.);
#963 = CARTESIAN_POINT('',(20.476125012303,100.58812375137));
#964 = CARTESIAN_POINT('',(27.300620397576,102.14577028906));
#965 = ( GEOMETRIC_REPRESENTATION_CONTEXT(2) 
PARAMETRIC_REPRESENTATION_CONTEXT() REPRESENTATION_CONTEXT('2D SPACE',''
  ) );
#966 = PCURVE('',#967,#972);
#967 = PLANE('',#968);
#968 = AXIS2_PLACEMENT_3D('',#969,#970,#971);
#969 = CARTESIAN_POINT('',(35.588123751372,25.,115.4761250123));
#970 = DIRECTION('',(0.974927912182,0.,-0.222520933956));
#971 = DIRECTION('',(0.222520933956,0.,0.974927912182));
#972 = DEFINITIONAL_REPRESENTATION('',(#973),#976);
#973 = B_SPLINE_CURVE_WITH_KNOTS('',1,(#974,#975),.UNSPECIFIED.,.F.,.F.,
  (2,2),(21.172854524944,28.172854524944),.PIECEWISE_BEZIER_KNOTS.);
#974 = CARTESIAN_POINT('',(0.,-215.));
#975 = CARTESIAN_POINT('',(7.,-215.));
#976 = ( GEOMETRIC_REPRESENTATION_CONTEXT(2) 
PARAMETRIC_REPRESENTATION_CONTEXT() REPRESENTATION_CONTEXT('2D SPACE',''
  ) );
#977 = ORIENTED_EDGE('',*,*,#978,.T.);
#978 = EDGE_CURVE('',#953,#901,#979,.T.);
#979 = SURFACE_CURVE('',#980,(#984,#990),.PCURVE_S1.);
#980 = LINE('',#981,#982);
#981 = CARTESIAN_POINT('',(-17.21123943284,240.,134.70725315396));
#982 = VECTOR('',#983,1.);
#983 = DIRECTION('',(-0.974927912182,-0.,0.222520933956));
#984 = PCURVE('',#214,#985);
#985 = DEFINITIONAL_REPRESENTATION('',(#986),#989);
#986 = B_SPLINE_CURVE_WITH_KNOTS('',1,(#987,#988),.UNSPECIFIED.,.F.,.F.,
  (2,2),(-55.75490150883,-37.75490150883),.PIECEWISE_BEZIER_KNOTS.);
#987 = CARTESIAN_POINT('',(27.300620397576,102.14577028906));
#988 = CARTESIAN_POINT('',(31.305997208789,84.597067869794));
#989 = ( GEOMETRIC_REPRESENTATION_CONTEXT(2) 
PARAMETRIC_REPRESENTATION_CONTEXT() REPRESENTATION_CONTEXT('2D SPACE',''
  ) );
#990 = PCURVE('',#991,#996);
#991 = PLANE('',#992);
#992 = AXIS2_PLACEMENT_3D('',#993,#994,#995);
#993 = CARTESIAN_POINT('',(19.597067869794,25.,126.30599720878));
#994 = DIRECTION('',(0.222520933956,0.,0.974927912182));
#995 = DIRECTION('',(0.974927912182,0.,-0.222520933956));
#996 = DEFINITIONAL_REPRESENTATION('',(#997),#1000);
#997 = B_SPLINE_CURVE_WITH_KNOTS('',1,(#998,#999),.UNSPECIFIED.,.F.,.F.,
  (2,2),(-55.75490150883,-37.75490150883),.PIECEWISE_BEZIER_KNOTS.);
#998 = CARTESIAN_POINT('',(18.,215.));
#999 = CARTESIAN_POINT('',(0.,215.));
#1000 = ( GEOMETRIC_REPRESENTATION_CONTEXT(2) 
PARAMETRIC_REPRESENTATION_CONTEXT() REPRESENTATION_CONTEXT('2D SPACE',''
  ) );
#1001 = FACE_BOUND('',#1002,.T.);
#1002 = EDGE_LOOP('',(#1003,#1031,#1057,#1083));
#1003 = ORIENTED_EDGE('',*,*,#1004,.F.);
#1004 = EDGE_CURVE('',#1005,#1007,#1009,.T.);
#1005 = VERTEX_POINT('',#1006);
#1006 = CARTESIAN_POINT('',(-9.,240.,120.5));
#1007 = VERTEX_POINT('',#1008);
#1008 = CARTESIAN_POINT('',(-9.,240.,127.5));
#1009 = SURFACE_CURVE('',#1010,(#1014,#1020),.PCURVE_S1.);
#1010 = LINE('',#1011,#1012);
#1011 = CARTESIAN_POINT('',(-9.,240.,107.75));
#1012 = VECTOR('',#1013,1.);
#1013 = DIRECTION('',(0.,-0.,1.));
#1014 = PCURVE('',#214,#1015);
#1015 = DEFINITIONAL_REPRESENTATION('',(#1016),#1019);
#1016 = B_SPLINE_CURVE_WITH_KNOTS('',1,(#1017,#1018),.UNSPECIFIED.,.F.,
  .F.,(2,2),(12.75,19.75),.PIECEWISE_BEZIER_KNOTS.);
#1017 = CARTESIAN_POINT('',(25.5,56.));
#1018 = CARTESIAN_POINT('',(32.5,56.));
#1019 = ( GEOMETRIC_REPRESENTATION_CONTEXT(2) 
PARAMETRIC_REPRESENTATION_CONTEXT() REPRESENTATION_CONTEXT('2D SPACE',''
  ) );
#1020 = PCURVE('',#1021,#1026);
#1021 = PLANE('',#1022);
#1022 = AXIS2_PLACEMENT_3D('',#1023,#1024,#1025);
#1023 = CARTESIAN_POINT('',(-9.,25.,120.5));
#1024 = DIRECTION('',(1.,0.,0.));
#1025 = DIRECTION('',(0.,0.,1.));
#1026 = DEFINITIONAL_REPRESENTATION('',(#1027),#1030);
#1027 = B_SPLINE_CURVE_WITH_KNOTS('',1,(#1028,#1029),.UNSPECIFIED.,.F.,
  .F.,(2,2),(12.75,19.75),.PIECEWISE_BEZIER_KNOTS.);
#1028 = CARTESIAN_POINT('',(0.,-215.));
#1029 = CARTESIAN_POINT('',(7.,-215.));
#1030 = ( GEOMETRIC_REPRESENTATION_CONTEXT(2) 
PARAMETRIC_REPRESENTATION_CONTEXT() REPRESENTATION_CONTEXT('2D SPACE',''
  ) );
#1031 = ORIENTED_EDGE('',*,*,#1032,.F.);
#1032 = EDGE_CURVE('',#1033,#1005,#1035,.T.);
#1033 = VERTEX_POINT('',#1034);
#1034 = CARTESIAN_POINT('',(9.,240.,120.5));
#1035 = SURFACE_CURVE('',#1036,(#1040,#1046),.PCURVE_S1.);
#1036 = LINE('',#1037,#1038);
#1037 = CARTESIAN_POINT('',(-37.,240.,120.5));
#1038 = VECTOR('',#1039,1.);
#1039 = DIRECTION('',(-1.,-0.,0.));
#1040 = PCURVE('',#214,#1041);
#1041 = DEFINITIONAL_REPRESENTATION('',(#1042),#1045);
#1042 = B_SPLINE_CURVE_WITH_KNOTS('',1,(#1043,#1044),.UNSPECIFIED.,.F.,
  .F.,(2,2),(-46.,-28.),.PIECEWISE_BEZIER_KNOTS.);
#1043 = CARTESIAN_POINT('',(25.5,74.));
#1044 = CARTESIAN_POINT('',(25.5,56.));
#1045 = ( GEOMETRIC_REPRESENTATION_CONTEXT(2) 
PARAMETRIC_REPRESENTATION_CONTEXT() REPRESENTATION_CONTEXT('2D SPACE',''
  ) );
#1046 = PCURVE('',#1047,#1052);
#1047 = PLANE('',#1048);
#1048 = AXIS2_PLACEMENT_3D('',#1049,#1050,#1051);
#1049 = CARTESIAN_POINT('',(-9.,25.,120.5));
#1050 = DIRECTION('',(0.,0.,1.));
#1051 = DIRECTION('',(1.,0.,0.));
#1052 = DEFINITIONAL_REPRESENTATION('',(#1053),#1056);
#1053 = B_SPLINE_CURVE_WITH_KNOTS('',1,(#1054,#1055),.UNSPECIFIED.,.F.,
  .F.,(2,2),(-46.,-28.),.PIECEWISE_BEZIER_KNOTS.);
#1054 = CARTESIAN_POINT('',(18.,215.));
#1055 = CARTESIAN_POINT('',(0.,215.));
#1056 = ( GEOMETRIC_REPRESENTATION_CONTEXT(2) 
PARAMETRIC_REPRESENTATION_CONTEXT() REPRESENTATION_CONTEXT('2D SPACE',''
  ) );
#1057 = ORIENTED_EDGE('',*,*,#1058,.T.);
#1058 = EDGE_CURVE('',#1033,#1059,#1061,.T.);
#1059 = VERTEX_POINT('',#1060);
#1060 = CARTESIAN_POINT('',(9.,240.,127.5));
#1061 = SURFACE_CURVE('',#1062,(#1066,#1072),.PCURVE_S1.);
#1062 = LINE('',#1063,#1064);
#1063 = CARTESIAN_POINT('',(9.,240.,107.75));
#1064 = VECTOR('',#1065,1.);
#1065 = DIRECTION('',(0.,-0.,1.));
#1066 = PCURVE('',#214,#1067);
#1067 = DEFINITIONAL_REPRESENTATION('',(#1068),#1071);
#1068 = B_SPLINE_CURVE_WITH_KNOTS('',1,(#1069,#1070),.UNSPECIFIED.,.F.,
  .F.,(2,2),(12.75,19.75),.PIECEWISE_BEZIER_KNOTS.);
#1069 = CARTESIAN_POINT('',(25.5,74.));
#1070 = CARTESIAN_POINT('',(32.5,74.));
#1071 = ( GEOMETRIC_REPRESENTATION_CONTEXT(2) 
PARAMETRIC_REPRESENTATION_CONTEXT() REPRESENTATION_CONTEXT('2D SPACE',''
  ) );
#1072 = PCURVE('',#1073,#1078);
#1073 = PLANE('',#1074);
#1074 = AXIS2_PLACEMENT_3D('',#1075,#1076,#1077);
#1075 = CARTESIAN_POINT('',(9.,25.,120.5));
#1076 = DIRECTION('',(1.,0.,0.));
#1077 = DIRECTION('',(0.,0.,1.));
#1078 = DEFINITIONAL_REPRESENTATION('',(#1079),#1082);
#1079 = B_SPLINE_CURVE_WITH_KNOTS('',1,(#1080,#1081),.UNSPECIFIED.,.F.,
  .F.,(2,2),(12.75,19.75),.PIECEWISE_BEZIER_KNOTS.);
#1080 = CARTESIAN_POINT('',(0.,-215.));
#1081 = CARTESIAN_POINT('',(7.,-215.));
#1082 = ( GEOMETRIC_REPRESENTATION_CONTEXT(2) 
PARAMETRIC_REPRESENTATION_CONTEXT() REPRESENTATION_CONTEXT('2D SPACE',''
  ) );
#1083 = ORIENTED_EDGE('',*,*,#1084,.T.);
#1084 = EDGE_CURVE('',#1059,#1007,#1085,.T.);
#1085 = SURFACE_CURVE('',#1086,(#1090,#1096),.PCURVE_S1.);
#1086 = LINE('',#1087,#1088);
#1087 = CARTESIAN_POINT('',(-37.,240.,127.5));
#1088 = VECTOR('',#1089,1.);
#1089 = DIRECTION('',(-1.,-0.,0.));
#1090 = PCURVE('',#214,#1091);
#1091 = DEFINITIONAL_REPRESENTATION('',(#1092),#1095);
#1092 = B_SPLINE_CURVE_WITH_KNOTS('',1,(#1093,#1094),.UNSPECIFIED.,.F.,
  .F.,(2,2),(-46.,-28.),.PIECEWISE_BEZIER_KNOTS.);
#1093 = CARTESIAN_POINT('',(32.5,74.));
#1094 = CARTESIAN_POINT('',(32.5,56.));
#1095 = ( GEOMETRIC_REPRESENTATION_CONTEXT(2) 
PARAMETRIC_REPRESENTATION_CONTEXT() REPRESENTATION_CONTEXT('2D SPACE',''
  ) );
#1096 = PCURVE('',#1097,#1102);
#1097 = PLANE('',#1098);
#1098 = AXIS2_PLACEMENT_3D('',#1099,#1100,#1101);
#1099 = CARTESIAN_POINT('',(-9.,25.,127.5));
#1100 = DIRECTION('',(0.,0.,1.));
#1101 = DIRECTION('',(1.,0.,0.));
#1102 = DEFINITIONAL_REPRESENTATION('',(#1103),#1106);
#1103 = B_SPLINE_CURVE_WITH_KNOTS('',1,(#1104,#1105),.UNSPECIFIED.,.F.,
  .F.,(2,2),(-46.,-28.),.PIECEWISE_BEZIER_KNOTS.);
#1104 = CARTESIAN_POINT('',(18.,215.));
#1105 = CARTESIAN_POINT('',(0.,215.));
#1106 = ( GEOMETRIC_REPRESENTATION_CONTEXT(2) 
PARAMETRIC_REPRESENTATION_CONTEXT() REPRESENTATION_CONTEXT('2D SPACE',''
  ) );
#1107 = ADVANCED_FACE('',(#1108),#1047,.F.);
#1108 = FACE_BOUND('',#1109,.F.);
#1109 = EDGE_LOOP('',(#1110,#1133,#1134,#1157));
#1110 = ORIENTED_EDGE('',*,*,#1111,.F.);
#1111 = EDGE_CURVE('',#1005,#1112,#1114,.T.);
#1112 = VERTEX_POINT('',#1113);
#1113 = CARTESIAN_POINT('',(-9.,305.,120.5));
#1114 = SURFACE_CURVE('',#1115,(#1119,#1126),.PCURVE_S1.);
#1115 = LINE('',#1116,#1117);
#1116 = CARTESIAN_POINT('',(-9.,25.,120.5));
#1117 = VECTOR('',#1118,1.);
#1118 = DIRECTION('',(0.,1.,0.));
#1119 = PCURVE('',#1047,#1120);
#1120 = DEFINITIONAL_REPRESENTATION('',(#1121),#1125);
#1121 = LINE('',#1122,#1123);
#1122 = CARTESIAN_POINT('',(0.,0.));
#1123 = VECTOR('',#1124,1.);
#1124 = DIRECTION('',(0.,1.));
#1125 = ( GEOMETRIC_REPRESENTATION_CONTEXT(2) 
PARAMETRIC_REPRESENTATION_CONTEXT() REPRESENTATION_CONTEXT('2D SPACE',''
  ) );
#1126 = PCURVE('',#1021,#1127);
#1127 = DEFINITIONAL_REPRESENTATION('',(#1128),#1132);
#1128 = LINE('',#1129,#1130);
#1129 = CARTESIAN_POINT('',(0.,0.));
#1130 = VECTOR('',#1131,1.);
#1131 = DIRECTION('',(0.,-1.));
#1132 = ( GEOMETRIC_REPRESENTATION_CONTEXT(2) 
PARAMETRIC_REPRESENTATION_CONTEXT() REPRESENTATION_CONTEXT('2D SPACE',''
  ) );
#1133 = ORIENTED_EDGE('',*,*,#1032,.F.);
#1134 = ORIENTED_EDGE('',*,*,#1135,.T.);
#1135 = EDGE_CURVE('',#1033,#1136,#1138,.T.);
#1136 = VERTEX_POINT('',#1137);
#1137 = CARTESIAN_POINT('',(9.,305.,120.5));
#1138 = SURFACE_CURVE('',#1139,(#1143,#1150),.PCURVE_S1.);
#1139 = LINE('',#1140,#1141);
#1140 = CARTESIAN_POINT('',(9.,25.,120.5));
#1141 = VECTOR('',#1142,1.);
#1142 = DIRECTION('',(0.,1.,0.));
#1143 = PCURVE('',#1047,#1144);
#1144 = DEFINITIONAL_REPRESENTATION('',(#1145),#1149);
#1145 = LINE('',#1146,#1147);
#1146 = CARTESIAN_POINT('',(18.,0.));
#1147 = VECTOR('',#1148,1.);
#1148 = DIRECTION('',(0.,1.));
#1149 = ( GEOMETRIC_REPRESENTATION_CONTEXT(2) 
PARAMETRIC_REPRESENTATION_CONTEXT() REPRESENTATION_CONTEXT('2D SPACE',''
  ) );
#1150 = PCURVE('',#1073,#1151);
#1151 = DEFINITIONAL_REPRESENTATION('',(#1152),#1156);
#1152 = LINE('',#1153,#1154);
#1153 = CARTESIAN_POINT('',(0.,0.));
#1154 = VECTOR('',#1155,1.);
#1155 = DIRECTION('',(0.,-1.));
#1156 = ( GEOMETRIC_REPRESENTATION_CONTEXT(2) 
PARAMETRIC_REPRESENTATION_CONTEXT() REPRESENTATION_CONTEXT('2D SPACE',''
  ) );
#1157 = ORIENTED_EDGE('',*,*,#1158,.F.);
#1158 = EDGE_CURVE('',#1112,#1136,#1159,.T.);
#1159 = SURFACE_CURVE('',#1160,(#1164,#1171),.PCURVE_S1.);
#1160 = LINE('',#1161,#1162);
#1161 = CARTESIAN_POINT('',(-9.,305.,120.5));
#1162 = VECTOR('',#1163,1.);
#1163 = DIRECTION('',(1.,0.,0.));
#1164 = PCURVE('',#1047,#1165);
#1165 = DEFINITIONAL_REPRESENTATION('',(#1166),#1170);
#1166 = LINE('',#1167,#1168);
#1167 = CARTESIAN_POINT('',(0.,280.));
#1168 = VECTOR('',#1169,1.);
#1169 = DIRECTION('',(1.,0.));
#1170 = ( GEOMETRIC_REPRESENTATION_CONTEXT(2) 
PARAMETRIC_REPRESENTATION_CONTEXT() REPRESENTATION_CONTEXT('2D SPACE',''
  ) );
#1171 = PCURVE('',#1172,#1177);
#1172 = PLANE('',#1173);
#1173 = AXIS2_PLACEMENT_3D('',#1174,#1175,#1176);
#1174 = CARTESIAN_POINT('',(-9.,305.,120.5));
#1175 = DIRECTION('',(0.,1.,0.));
#1176 = DIRECTION('',(0.,0.,1.));
#1177 = DEFINITIONAL_REPRESENTATION('',(#1178),#1182);
#1178 = LINE('',#1179,#1180);
#1179 = CARTESIAN_POINT('',(0.,0.));
#1180 = VECTOR('',#1181,1.);
#1181 = DIRECTION('',(0.,1.));
#1182 = ( GEOMETRIC_REPRESENTATION_CONTEXT(2) 
PARAMETRIC_REPRESENTATION_CONTEXT() REPRESENTATION_CONTEXT('2D SPACE',''
  ) );
#1183 = ADVANCED_FACE('',(#1184),#1172,.T.);
#1184 = FACE_BOUND('',#1185,.T.);
#1185 = EDGE_LOOP('',(#1186,#1187,#1210,#1233));
#1186 = ORIENTED_EDGE('',*,*,#1158,.F.);
#1187 = ORIENTED_EDGE('',*,*,#1188,.T.);
#1188 = EDGE_CURVE('',#1112,#1189,#1191,.T.);
#1189 = VERTEX_POINT('',#1190);
#1190 = CARTESIAN_POINT('',(-9.,305.,127.5));
#1191 = SURFACE_CURVE('',#1192,(#1196,#1203),.PCURVE_S1.);
#1192 = LINE('',#1193,#1194);
#1193 = CARTESIAN_POINT('',(-9.,305.,120.5));
#1194 = VECTOR('',#1195,1.);
#1195 = DIRECTION('',(0.,0.,1.));
#1196 = PCURVE('',#1172,#1197);
#1197 = DEFINITIONAL_REPRESENTATION('',(#1198),#1202);
#1198 = LINE('',#1199,#1200);
#1199 = CARTESIAN_POINT('',(0.,0.));
#1200 = VECTOR('',#1201,1.);
#1201 = DIRECTION('',(1.,0.));
#1202 = ( GEOMETRIC_REPRESENTATION_CONTEXT(2) 
PARAMETRIC_REPRESENTATION_CONTEXT() REPRESENTATION_CONTEXT('2D SPACE',''
  ) );
#1203 = PCURVE('',#1021,#1204);
#1204 = DEFINITIONAL_REPRESENTATION('',(#1205),#1209);
#1205 = LINE('',#1206,#1207);
#1206 = CARTESIAN_POINT('',(0.,-280.));
#1207 = VECTOR('',#1208,1.);
#1208 = DIRECTION('',(1.,0.));
#1209 = ( GEOMETRIC_REPRESENTATION_CONTEXT(2) 
PARAMETRIC_REPRESENTATION_CONTEXT() REPRESENTATION_CONTEXT('2D SPACE',''
  ) );
#1210 = ORIENTED_EDGE('',*,*,#1211,.T.);
#1211 = EDGE_CURVE('',#1189,#1212,#1214,.T.);
#1212 = VERTEX_POINT('',#1213);
#1213 = CARTESIAN_POINT('',(9.,305.,127.5));
#1214 = SURFACE_CURVE('',#1215,(#1219,#1226),.PCURVE_S1.);
#1215 = LINE('',#1216,#1217);
#1216 = CARTESIAN_POINT('',(-9.,305.,127.5));
#1217 = VECTOR('',#1218,1.);
#1218 = DIRECTION('',(1.,0.,0.));
#1219 = PCURVE('',#1172,#1220);
#1220 = DEFINITIONAL_REPRESENTATION('',(#1221),#1225);
#1221 = LINE('',#1222,#1223);
#1222 = CARTESIAN_POINT('',(7.,0.));
#1223 = VECTOR('',#1224,1.);
#1224 = DIRECTION('',(0.,1.));
#1225 = ( GEOMETRIC_REPRESENTATION_CONTEXT(2) 
PARAMETRIC_REPRESENTATION_CONTEXT() REPRESENTATION_CONTEXT('2D SPACE',''
  ) );
#1226 = PCURVE('',#1097,#1227);
#1227 = DEFINITIONAL_REPRESENTATION('',(#1228),#1232);
#1228 = LINE('',#1229,#1230);
#1229 = CARTESIAN_POINT('',(0.,280.));
#1230 = VECTOR('',#1231,1.);
#1231 = DIRECTION('',(1.,0.));
#1232 = ( GEOMETRIC_REPRESENTATION_CONTEXT(2) 
PARAMETRIC_REPRESENTATION_CONTEXT() REPRESENTATION_CONTEXT('2D SPACE',''
  ) );
#1233 = ORIENTED_EDGE('',*,*,#1234,.F.);
#1234 = EDGE_CURVE('',#1136,#1212,#1235,.T.);
#1235 = SURFACE_CURVE('',#1236,(#1240,#1247),.PCURVE_S1.);
#1236 = LINE('',#1237,#1238);
#1237 = CARTESIAN_POINT('',(9.,305.,120.5));
#1238 = VECTOR('',#1239,1.);
#1239 = DIRECTION('',(0.,0.,1.));
#1240 = PCURVE('',#1172,#1241);
#1241 = DEFINITIONAL_REPRESENTATION('',(#1242),#1246);
#1242 = LINE('',#1243,#1244);
#1243 = CARTESIAN_POINT('',(0.,18.));
#1244 = VECTOR('',#1245,1.);
#1245 = DIRECTION('',(1.,0.));
#1246 = ( GEOMETRIC_REPRESENTATION_CONTEXT(2) 
PARAMETRIC_REPRESENTATION_CONTEXT() REPRESENTATION_CONTEXT('2D SPACE',''
  ) );
#1247 = PCURVE('',#1073,#1248);
#1248 = DEFINITIONAL_REPRESENTATION('',(#1249),#1253);
#1249 = LINE('',#1250,#1251);
#1250 = CARTESIAN_POINT('',(0.,-280.));
#1251 = VECTOR('',#1252,1.);
#1252 = DIRECTION('',(1.,0.));
#1253 = ( GEOMETRIC_REPRESENTATION_CONTEXT(2) 
PARAMETRIC_REPRESENTATION_CONTEXT() REPRESENTATION_CONTEXT('2D SPACE',''
  ) );
#1254 = ADVANCED_FACE('',(#1255),#1073,.T.);
#1255 = FACE_BOUND('',#1256,.T.);
#1256 = EDGE_LOOP('',(#1257,#1278,#1279,#1280));
#1257 = ORIENTED_EDGE('',*,*,#1258,.F.);
#1258 = EDGE_CURVE('',#1059,#1212,#1259,.T.);
#1259 = SURFACE_CURVE('',#1260,(#1264,#1271),.PCURVE_S1.);
#1260 = LINE('',#1261,#1262);
#1261 = CARTESIAN_POINT('',(9.,25.,127.5));
#1262 = VECTOR('',#1263,1.);
#1263 = DIRECTION('',(0.,1.,0.));
#1264 = PCURVE('',#1073,#1265);
#1265 = DEFINITIONAL_REPRESENTATION('',(#1266),#1270);
#1266 = LINE('',#1267,#1268);
#1267 = CARTESIAN_POINT('',(7.,0.));
#1268 = VECTOR('',#1269,1.);
#1269 = DIRECTION('',(0.,-1.));
#1270 = ( GEOMETRIC_REPRESENTATION_CONTEXT(2) 
PARAMETRIC_REPRESENTATION_CONTEXT() REPRESENTATION_CONTEXT('2D SPACE',''
  ) );
#1271 = PCURVE('',#1097,#1272);
#1272 = DEFINITIONAL_REPRESENTATION('',(#1273),#1277);
#1273 = LINE('',#1274,#1275);
#1274 = CARTESIAN_POINT('',(18.,0.));
#1275 = VECTOR('',#1276,1.);
#1276 = DIRECTION('',(0.,1.));
#1277 = ( GEOMETRIC_REPRESENTATION_CONTEXT(2) 
PARAMETRIC_REPRESENTATION_CONTEXT() REPRESENTATION_CONTEXT('2D SPACE',''
  ) );
#1278 = ORIENTED_EDGE('',*,*,#1058,.F.);
#1279 = ORIENTED_EDGE('',*,*,#1135,.T.);
#1280 = ORIENTED_EDGE('',*,*,#1234,.T.);
#1281 = ADVANCED_FACE('',(#1282),#1097,.T.);
#1282 = FACE_BOUND('',#1283,.T.);
#1283 = EDGE_LOOP('',(#1284,#1305,#1306,#1307));
#1284 = ORIENTED_EDGE('',*,*,#1285,.F.);
#1285 = EDGE_CURVE('',#1007,#1189,#1286,.T.);
#1286 = SURFACE_CURVE('',#1287,(#1291,#1298),.PCURVE_S1.);
#1287 = LINE('',#1288,#1289);
#1288 = CARTESIAN_POINT('',(-9.,25.,127.5));
#1289 = VECTOR('',#1290,1.);
#1290 = DIRECTION('',(0.,1.,0.));
#1291 = PCURVE('',#1097,#1292);
#1292 = DEFINITIONAL_REPRESENTATION('',(#1293),#1297);
#1293 = LINE('',#1294,#1295);
#1294 = CARTESIAN_POINT('',(0.,0.));
#1295 = VECTOR('',#1296,1.);
#1296 = DIRECTION('',(0.,1.));
#1297 = ( GEOMETRIC_REPRESENTATION_CONTEXT(2) 
PARAMETRIC_REPRESENTATION_CONTEXT() REPRESENTATION_CONTEXT('2D SPACE',''
  ) );
#1298 = PCURVE('',#1021,#1299);
#1299 = DEFINITIONAL_REPRESENTATION('',(#1300),#1304);
#1300 = LINE('',#1301,#1302);
#1301 = CARTESIAN_POINT('',(7.,0.));
#1302 = VECTOR('',#1303,1.);
#1303 = DIRECTION('',(0.,-1.));
#1304 = ( GEOMETRIC_REPRESENTATION_CONTEXT(2) 
PARAMETRIC_REPRESENTATION_CONTEXT() REPRESENTATION_CONTEXT('2D SPACE',''
  ) );
#1305 = ORIENTED_EDGE('',*,*,#1084,.F.);
#1306 = ORIENTED_EDGE('',*,*,#1258,.T.);
#1307 = ORIENTED_EDGE('',*,*,#1211,.F.);
#1308 = ADVANCED_FACE('',(#1309),#1021,.F.);
#1309 = FACE_BOUND('',#1310,.F.);
#1310 = EDGE_LOOP('',(#1311,#1312,#1313,#1314));
#1311 = ORIENTED_EDGE('',*,*,#1285,.F.);
#1312 = ORIENTED_EDGE('',*,*,#1004,.F.);
#1313 = ORIENTED_EDGE('',*,*,#1111,.T.);
#1314 = ORIENTED_EDGE('',*,*,#1188,.T.);
#1315 = ADVANCED_FACE('',(#1316),#941,.F.);
#1316 = FACE_BOUND('',#1317,.F.);
#1317 = EDGE_LOOP('',(#1318,#1341,#1342,#1365));
#1318 = ORIENTED_EDGE('',*,*,#1319,.F.);
#1319 = EDGE_CURVE('',#899,#1320,#1322,.T.);
#1320 = VERTEX_POINT('',#1321);
#1321 = CARTESIAN_POINT('',(18.039421332099,305.,119.48150182351));
#1322 = SURFACE_CURVE('',#1323,(#1327,#1334),.PCURVE_S1.);
#1323 = LINE('',#1324,#1325);
#1324 = CARTESIAN_POINT('',(18.039421332099,25.,119.48150182351));
#1325 = VECTOR('',#1326,1.);
#1326 = DIRECTION('',(0.,1.,0.));
#1327 = PCURVE('',#941,#1328);
#1328 = DEFINITIONAL_REPRESENTATION('',(#1329),#1333);
#1329 = LINE('',#1330,#1331);
#1330 = CARTESIAN_POINT('',(0.,0.));
#1331 = VECTOR('',#1332,1.);
#1332 = DIRECTION('',(0.,1.));
#1333 = ( GEOMETRIC_REPRESENTATION_CONTEXT(2) 
PARAMETRIC_REPRESENTATION_CONTEXT() REPRESENTATION_CONTEXT('2D SPACE',''
  ) );
#1334 = PCURVE('',#915,#1335);
#1335 = DEFINITIONAL_REPRESENTATION('',(#1336),#1340);
#1336 = LINE('',#1337,#1338);
#1337 = CARTESIAN_POINT('',(0.,0.));
#1338 = VECTOR('',#1339,1.);
#1339 = DIRECTION('',(0.,-1.));
#1340 = ( GEOMETRIC_REPRESENTATION_CONTEXT(2) 
PARAMETRIC_REPRESENTATION_CONTEXT() REPRESENTATION_CONTEXT('2D SPACE',''
  ) );
#1341 = ORIENTED_EDGE('',*,*,#926,.F.);
#1342 = ORIENTED_EDGE('',*,*,#1343,.T.);
#1343 = EDGE_CURVE('',#927,#1344,#1346,.T.);
#1344 = VERTEX_POINT('',#1345);
#1345 = CARTESIAN_POINT('',(35.588123751372,305.,115.4761250123));
#1346 = SURFACE_CURVE('',#1347,(#1351,#1358),.PCURVE_S1.);
#1347 = LINE('',#1348,#1349);
#1348 = CARTESIAN_POINT('',(35.588123751372,25.,115.4761250123));
#1349 = VECTOR('',#1350,1.);
#1350 = DIRECTION('',(0.,1.,0.));
#1351 = PCURVE('',#941,#1352);
#1352 = DEFINITIONAL_REPRESENTATION('',(#1353),#1357);
#1353 = LINE('',#1354,#1355);
#1354 = CARTESIAN_POINT('',(18.,0.));
#1355 = VECTOR('',#1356,1.);
#1356 = DIRECTION('',(0.,1.));
#1357 = ( GEOMETRIC_REPRESENTATION_CONTEXT(2) 
PARAMETRIC_REPRESENTATION_CONTEXT() REPRESENTATION_CONTEXT('2D SPACE',''
  ) );
#1358 = PCURVE('',#967,#1359);
#1359 = DEFINITIONAL_REPRESENTATION('',(#1360),#1364);
#1360 = LINE('',#1361,#1362);
#1361 = CARTESIAN_POINT('',(0.,0.));
#1362 = VECTOR('',#1363,1.);
#1363 = DIRECTION('',(0.,-1.));
#1364 = ( GEOMETRIC_REPRESENTATION_CONTEXT(2) 
PARAMETRIC_REPRESENTATION_CONTEXT() REPRESENTATION_CONTEXT('2D SPACE',''
  ) );
#1365 = ORIENTED_EDGE('',*,*,#1366,.F.);
#1366 = EDGE_CURVE('',#1320,#1344,#1367,.T.);
#1367 = SURFACE_CURVE('',#1368,(#1372,#1379),.PCURVE_S1.);
#1368 = LINE('',#1369,#1370);
#1369 = CARTESIAN_POINT('',(18.039421332099,305.,119.48150182351));
#1370 = VECTOR('',#1371,1.);
#1371 = DIRECTION('',(0.974927912182,0.,-0.222520933956));
#1372 = PCURVE('',#941,#1373);
#1373 = DEFINITIONAL_REPRESENTATION('',(#1374),#1378);
#1374 = LINE('',#1375,#1376);
#1375 = CARTESIAN_POINT('',(0.,280.));
#1376 = VECTOR('',#1377,1.);
#1377 = DIRECTION('',(1.,0.));
#1378 = ( GEOMETRIC_REPRESENTATION_CONTEXT(2) 
PARAMETRIC_REPRESENTATION_CONTEXT() REPRESENTATION_CONTEXT('2D SPACE',''
  ) );
#1379 = PCURVE('',#1380,#1385);
#1380 = PLANE('',#1381);
#1381 = AXIS2_PLACEMENT_3D('',#1382,#1383,#1384);
#1382 = CARTESIAN_POINT('',(18.039421332099,305.,119.48150182351));
#1383 = DIRECTION('',(0.,1.,0.));
#1384 = DIRECTION('',(0.222520933956,0.,0.974927912182));
#1385 = DEFINITIONAL_REPRESENTATION('',(#1386),#1390);
#1386 = LINE('',#1387,#1388);
#1387 = CARTESIAN_POINT('',(0.,0.));
#1388 = VECTOR('',#1389,1.);
#1389 = DIRECTION('',(0.,1.));
#1390 = ( GEOMETRIC_REPRESENTATION_CONTEXT(2) 
PARAMETRIC_REPRESENTATION_CONTEXT() REPRESENTATION_CONTEXT('2D SPACE',''
  ) );
#1391 = ADVANCED_FACE('',(#1392),#1380,.T.);
#1392 = FACE_BOUND('',#1393,.T.);
#1393 = EDGE_LOOP('',(#1394,#1395,#1418,#1441));
#1394 = ORIENTED_EDGE('',*,*,#1366,.F.);
#1395 = ORIENTED_EDGE('',*,*,#1396,.T.);
#1396 = EDGE_CURVE('',#1320,#1397,#1399,.T.);
#1397 = VERTEX_POINT('',#1398);
#1398 = CARTESIAN_POINT('',(19.597067869794,305.,126.30599720878));
#1399 = SURFACE_CURVE('',#1400,(#1404,#1411),.PCURVE_S1.);
#1400 = LINE('',#1401,#1402);
#1401 = CARTESIAN_POINT('',(18.039421332099,305.,119.48150182351));
#1402 = VECTOR('',#1403,1.);
#1403 = DIRECTION('',(0.222520933956,0.,0.974927912182));
#1404 = PCURVE('',#1380,#1405);
#1405 = DEFINITIONAL_REPRESENTATION('',(#1406),#1410);
#1406 = LINE('',#1407,#1408);
#1407 = CARTESIAN_POINT('',(0.,0.));
#1408 = VECTOR('',#1409,1.);
#1409 = DIRECTION('',(1.,0.));
#1410 = ( GEOMETRIC_REPRESENTATION_CONTEXT(2) 
PARAMETRIC_REPRESENTATION_CONTEXT() REPRESENTATION_CONTEXT('2D SPACE',''
  ) );
#1411 = PCURVE('',#915,#1412);
#1412 = DEFINITIONAL_REPRESENTATION('',(#1413),#1417);
#1413 = LINE('',#1414,#1415);
#1414 = CARTESIAN_POINT('',(0.,-280.));
#1415 = VECTOR('',#1416,1.);
#1416 = DIRECTION('',(1.,0.));
#1417 = ( GEOMETRIC_REPRESENTATION_CONTEXT(2) 
PARAMETRIC_REPRESENTATION_CONTEXT() REPRESENTATION_CONTEXT('2D SPACE',''
  ) );
#1418 = ORIENTED_EDGE('',*,*,#1419,.T.);
#1419 = EDGE_CURVE('',#1397,#1420,#1422,.T.);
#1420 = VERTEX_POINT('',#1421);
#1421 = CARTESIAN_POINT('',(37.145770289066,305.,122.30062039757));
#1422 = SURFACE_CURVE('',#1423,(#1427,#1434),.PCURVE_S1.);
#1423 = LINE('',#1424,#1425);
#1424 = CARTESIAN_POINT('',(19.597067869794,305.,126.30599720878));
#1425 = VECTOR('',#1426,1.);
#1426 = DIRECTION('',(0.974927912182,0.,-0.222520933956));
#1427 = PCURVE('',#1380,#1428);
#1428 = DEFINITIONAL_REPRESENTATION('',(#1429),#1433);
#1429 = LINE('',#1430,#1431);
#1430 = CARTESIAN_POINT('',(7.,0.));
#1431 = VECTOR('',#1432,1.);
#1432 = DIRECTION('',(0.,1.));
#1433 = ( GEOMETRIC_REPRESENTATION_CONTEXT(2) 
PARAMETRIC_REPRESENTATION_CONTEXT() REPRESENTATION_CONTEXT('2D SPACE',''
  ) );
#1434 = PCURVE('',#991,#1435);
#1435 = DEFINITIONAL_REPRESENTATION('',(#1436),#1440);
#1436 = LINE('',#1437,#1438);
#1437 = CARTESIAN_POINT('',(0.,280.));
#1438 = VECTOR('',#1439,1.);
#1439 = DIRECTION('',(1.,0.));
#1440 = ( GEOMETRIC_REPRESENTATION_CONTEXT(2) 
PARAMETRIC_REPRESENTATION_CONTEXT() REPRESENTATION_CONTEXT('2D SPACE',''
  ) );
#1441 = ORIENTED_EDGE('',*,*,#1442,.F.);
#1442 = EDGE_CURVE('',#1344,#1420,#1443,.T.);
#1443 = SURFACE_CURVE('',#1444,(#1448,#1455),.PCURVE_S1.);
#1444 = LINE('',#1445,#1446);
#1445 = CARTESIAN_POINT('',(35.588123751372,305.,115.4761250123));
#1446 = VECTOR('',#1447,1.);
#1447 = DIRECTION('',(0.222520933956,0.,0.974927912182));
#1448 = PCURVE('',#1380,#1449);
#1449 = DEFINITIONAL_REPRESENTATION('',(#1450),#1454);
#1450 = LINE('',#1451,#1452);
#1451 = CARTESIAN_POINT('',(0.,18.));
#1452 = VECTOR('',#1453,1.);
#1453 = DIRECTION('',(1.,0.));
#1454 = ( GEOMETRIC_REPRESENTATION_CONTEXT(2) 
PARAMETRIC_REPRESENTATION_CONTEXT() REPRESENTATION_CONTEXT('2D SPACE',''
  ) );
#1455 = PCURVE('',#967,#1456);
#1456 = DEFINITIONAL_REPRESENTATION('',(#1457),#1461);
#1457 = LINE('',#1458,#1459);
#1458 = CARTESIAN_POINT('',(0.,-280.));
#1459 = VECTOR('',#1460,1.);
#1460 = DIRECTION('',(1.,0.));
#1461 = ( GEOMETRIC_REPRESENTATION_CONTEXT(2) 
PARAMETRIC_REPRESENTATION_CONTEXT() REPRESENTATION_CONTEXT('2D SPACE',''
  ) );
#1462 = ADVANCED_FACE('',(#1463),#967,.T.);
#1463 = FACE_BOUND('',#1464,.T.);
#1464 = EDGE_LOOP('',(#1465,#1486,#1487,#1488));
#1465 = ORIENTED_EDGE('',*,*,#1466,.F.);
#1466 = EDGE_CURVE('',#953,#1420,#1467,.T.);
#1467 = SURFACE_CURVE('',#1468,(#1472,#1479),.PCURVE_S1.);
#1468 = LINE('',#1469,#1470);
#1469 = CARTESIAN_POINT('',(37.145770289066,25.,122.30062039757));
#1470 = VECTOR('',#1471,1.);
#1471 = DIRECTION('',(0.,1.,0.));
#1472 = PCURVE('',#967,#1473);
#1473 = DEFINITIONAL_REPRESENTATION('',(#1474),#1478);
#1474 = LINE('',#1475,#1476);
#1475 = CARTESIAN_POINT('',(7.,0.));
#1476 = VECTOR('',#1477,1.);
#1477 = DIRECTION('',(0.,-1.));
#1478 = ( GEOMETRIC_REPRESENTATION_CONTEXT(2) 
PARAMETRIC_REPRESENTATION_CONTEXT() REPRESENTATION_CONTEXT('2D SPACE',''
  ) );
#1479 = PCURVE('',#991,#1480);
#1480 = DEFINITIONAL_REPRESENTATION('',(#1481),#1485);
#1481 = LINE('',#1482,#1483);
#1482 = CARTESIAN_POINT('',(18.,0.));
#1483 = VECTOR('',#1484,1.);
#1484 = DIRECTION('',(0.,1.));
#1485 = ( GEOMETRIC_REPRESENTATION_CONTEXT(2) 
PARAMETRIC_REPRESENTATION_CONTEXT() REPRESENTATION_CONTEXT('2D SPACE',''
  ) );
#1486 = ORIENTED_EDGE('',*,*,#952,.F.);
#1487 = ORIENTED_EDGE('',*,*,#1343,.T.);
#1488 = ORIENTED_EDGE('',*,*,#1442,.T.);
#1489 = ADVANCED_FACE('',(#1490),#991,.T.);
#1490 = FACE_BOUND('',#1491,.T.);
#1491 = EDGE_LOOP('',(#1492,#1513,#1514,#1515));
#1492 = ORIENTED_EDGE('',*,*,#1493,.F.);
#1493 = EDGE_CURVE('',#901,#1397,#1494,.T.);
#1494 = SURFACE_CURVE('',#1495,(#1499,#1506),.PCURVE_S1.);
#1495 = LINE('',#1496,#1497);
#1496 = CARTESIAN_POINT('',(19.597067869794,25.,126.30599720878));
#1497 = VECTOR('',#1498,1.);
#1498 = DIRECTION('',(0.,1.,0.));
#1499 = PCURVE('',#991,#1500);
#1500 = DEFINITIONAL_REPRESENTATION('',(#1501),#1505);
#1501 = LINE('',#1502,#1503);
#1502 = CARTESIAN_POINT('',(0.,0.));
#1503 = VECTOR('',#1504,1.);
#1504 = DIRECTION('',(0.,1.));
#1505 = ( GEOMETRIC_REPRESENTATION_CONTEXT(2) 
PARAMETRIC_REPRESENTATION_CONTEXT() REPRESENTATION_CONTEXT('2D SPACE',''
  ) );
#1506 = PCURVE('',#915,#1507);
#1507 = DEFINITIONAL_REPRESENTATION('',(#1508),#1512);
#1508 = LINE('',#1509,#1510);
#1509 = CARTESIAN_POINT('',(7.,0.));
#1510 = VECTOR('',#1511,1.);
#1511 = DIRECTION('',(0.,-1.));
#1512 = ( GEOMETRIC_REPRESENTATION_CONTEXT(2) 
PARAMETRIC_REPRESENTATION_CONTEXT() REPRESENTATION_CONTEXT('2D SPACE',''
  ) );
#1513 = ORIENTED_EDGE('',*,*,#978,.F.);
#1514 = ORIENTED_EDGE('',*,*,#1466,.T.);
#1515 = ORIENTED_EDGE('',*,*,#1419,.F.);
#1516 = ADVANCED_FACE('',(#1517),#915,.F.);
#1517 = FACE_BOUND('',#1518,.F.);
#1518 = EDGE_LOOP('',(#1519,#1520,#1521,#1522));
#1519 = ORIENTED_EDGE('',*,*,#1493,.F.);
#1520 = ORIENTED_EDGE('',*,*,#898,.F.);
#1521 = ORIENTED_EDGE('',*,*,#1319,.T.);
#1522 = ORIENTED_EDGE('',*,*,#1396,.T.);
#1523 = ADVANCED_FACE('',(#1524),#835,.F.);
#1524 = FACE_BOUND('',#1525,.F.);
#1525 = EDGE_LOOP('',(#1526,#1549,#1550,#1573));
#1526 = ORIENTED_EDGE('',*,*,#1527,.F.);
#1527 = EDGE_CURVE('',#793,#1528,#1530,.T.);
#1528 = VERTEX_POINT('',#1529);
#1529 = CARTESIAN_POINT('',(44.174270752544,305.,112.4717022343));
#1530 = SURFACE_CURVE('',#1531,(#1535,#1542),.PCURVE_S1.);
#1531 = LINE('',#1532,#1533);
#1532 = CARTESIAN_POINT('',(44.174270752544,25.,112.4717022343));
#1533 = VECTOR('',#1534,1.);
#1534 = DIRECTION('',(0.,1.,0.));
#1535 = PCURVE('',#835,#1536);
#1536 = DEFINITIONAL_REPRESENTATION('',(#1537),#1541);
#1537 = LINE('',#1538,#1539);
#1538 = CARTESIAN_POINT('',(0.,0.));
#1539 = VECTOR('',#1540,1.);
#1540 = DIRECTION('',(0.,1.));
#1541 = ( GEOMETRIC_REPRESENTATION_CONTEXT(2) 
PARAMETRIC_REPRESENTATION_CONTEXT() REPRESENTATION_CONTEXT('2D SPACE',''
  ) );
#1542 = PCURVE('',#809,#1543);
#1543 = DEFINITIONAL_REPRESENTATION('',(#1544),#1548);
#1544 = LINE('',#1545,#1546);
#1545 = CARTESIAN_POINT('',(0.,0.));
#1546 = VECTOR('',#1547,1.);
#1547 = DIRECTION('',(0.,-1.));
#1548 = ( GEOMETRIC_REPRESENTATION_CONTEXT(2) 
PARAMETRIC_REPRESENTATION_CONTEXT() REPRESENTATION_CONTEXT('2D SPACE',''
  ) );
#1549 = ORIENTED_EDGE('',*,*,#820,.F.);
#1550 = ORIENTED_EDGE('',*,*,#1551,.T.);
#1551 = EDGE_CURVE('',#821,#1552,#1554,.T.);
#1552 = VERTEX_POINT('',#1553);
#1553 = CARTESIAN_POINT('',(60.391710374788,305.,104.66179493018));
#1554 = SURFACE_CURVE('',#1555,(#1559,#1566),.PCURVE_S1.);
#1555 = LINE('',#1556,#1557);
#1556 = CARTESIAN_POINT('',(60.391710374788,25.,104.66179493018));
#1557 = VECTOR('',#1558,1.);
#1558 = DIRECTION('',(0.,1.,0.));
#1559 = PCURVE('',#835,#1560);
#1560 = DEFINITIONAL_REPRESENTATION('',(#1561),#1565);
#1561 = LINE('',#1562,#1563);
#1562 = CARTESIAN_POINT('',(18.,0.));
#1563 = VECTOR('',#1564,1.);
#1564 = DIRECTION('',(0.,1.));
#1565 = ( GEOMETRIC_REPRESENTATION_CONTEXT(2) 
PARAMETRIC_REPRESENTATION_CONTEXT() REPRESENTATION_CONTEXT('2D SPACE',''
  ) );
#1566 = PCURVE('',#861,#1567);
#1567 = DEFINITIONAL_REPRESENTATION('',(#1568),#1572);
#1568 = LINE('',#1569,#1570);
#1569 = CARTESIAN_POINT('',(0.,0.));
#1570 = VECTOR('',#1571,1.);
#1571 = DIRECTION('',(0.,-1.));
#1572 = ( GEOMETRIC_REPRESENTATION_CONTEXT(2) 
PARAMETRIC_REPRESENTATION_CONTEXT() REPRESENTATION_CONTEXT('2D SPACE',''
  ) );
#1573 = ORIENTED_EDGE('',*,*,#1574,.F.);
#1574 = EDGE_CURVE('',#1528,#1552,#1575,.T.);
#1575 = SURFACE_CURVE('',#1576,(#1580,#1587),.PCURVE_S1.);
#1576 = LINE('',#1577,#1578);
#1577 = CARTESIAN_POINT('',(44.174270752544,305.,112.4717022343));
#1578 = VECTOR('',#1579,1.);
#1579 = DIRECTION('',(0.900968867902,0.,-0.433883739118));
#1580 = PCURVE('',#835,#1581);
#1581 = DEFINITIONAL_REPRESENTATION('',(#1582),#1586);
#1582 = LINE('',#1583,#1584);
#1583 = CARTESIAN_POINT('',(0.,280.));
#1584 = VECTOR('',#1585,1.);
#1585 = DIRECTION('',(1.,0.));
#1586 = ( GEOMETRIC_REPRESENTATION_CONTEXT(2) 
PARAMETRIC_REPRESENTATION_CONTEXT() REPRESENTATION_CONTEXT('2D SPACE',''
  ) );
#1587 = PCURVE('',#1588,#1593);
#1588 = PLANE('',#1589);
#1589 = AXIS2_PLACEMENT_3D('',#1590,#1591,#1592);
#1590 = CARTESIAN_POINT('',(44.174270752544,305.,112.4717022343));
#1591 = DIRECTION('',(0.,1.,0.));
#1592 = DIRECTION('',(0.433883739118,0.,0.900968867902));
#1593 = DEFINITIONAL_REPRESENTATION('',(#1594),#1598);
#1594 = LINE('',#1595,#1596);
#1595 = CARTESIAN_POINT('',(0.,0.));
#1596 = VECTOR('',#1597,1.);
#1597 = DIRECTION('',(0.,1.));
#1598 = ( GEOMETRIC_REPRESENTATION_CONTEXT(2) 
PARAMETRIC_REPRESENTATION_CONTEXT() REPRESENTATION_CONTEXT('2D SPACE',''
  ) );
#1599 = ADVANCED_FACE('',(#1600),#1588,.T.);
#1600 = FACE_BOUND('',#1601,.T.);
#1601 = EDGE_LOOP('',(#1602,#1603,#1626,#1649));
#1602 = ORIENTED_EDGE('',*,*,#1574,.F.);
#1603 = ORIENTED_EDGE('',*,*,#1604,.T.);
#1604 = EDGE_CURVE('',#1528,#1605,#1607,.T.);
#1605 = VERTEX_POINT('',#1606);
#1606 = CARTESIAN_POINT('',(47.211456926367,305.,118.77848430961));
#1607 = SURFACE_CURVE('',#1608,(#1612,#1619),.PCURVE_S1.);
#1608 = LINE('',#1609,#1610);
#1609 = CARTESIAN_POINT('',(44.174270752544,305.,112.4717022343));
#1610 = VECTOR('',#1611,1.);
#1611 = DIRECTION('',(0.433883739118,0.,0.900968867902));
#1612 = PCURVE('',#1588,#1613);
#1613 = DEFINITIONAL_REPRESENTATION('',(#1614),#1618);
#1614 = LINE('',#1615,#1616);
#1615 = CARTESIAN_POINT('',(0.,0.));
#1616 = VECTOR('',#1617,1.);
#1617 = DIRECTION('',(1.,0.));
#1618 = ( GEOMETRIC_REPRESENTATION_CONTEXT(2) 
PARAMETRIC_REPRESENTATION_CONTEXT() REPRESENTATION_CONTEXT('2D SPACE',''
  ) );
#1619 = PCURVE('',#809,#1620);
#1620 = DEFINITIONAL_REPRESENTATION('',(#1621),#1625);
#1621 = LINE('',#1622,#1623);
#1622 = CARTESIAN_POINT('',(0.,-280.));
#1623 = VECTOR('',#1624,1.);
#1624 = DIRECTION('',(1.,0.));
#1625 = ( GEOMETRIC_REPRESENTATION_CONTEXT(2) 
PARAMETRIC_REPRESENTATION_CONTEXT() REPRESENTATION_CONTEXT('2D SPACE',''
  ) );
#1626 = ORIENTED_EDGE('',*,*,#1627,.T.);
#1627 = EDGE_CURVE('',#1605,#1628,#1630,.T.);
#1628 = VERTEX_POINT('',#1629);
#1629 = CARTESIAN_POINT('',(63.42889654861,305.,110.9685770055));
#1630 = SURFACE_CURVE('',#1631,(#1635,#1642),.PCURVE_S1.);
#1631 = LINE('',#1632,#1633);
#1632 = CARTESIAN_POINT('',(47.211456926367,305.,118.77848430961));
#1633 = VECTOR('',#1634,1.);
#1634 = DIRECTION('',(0.900968867902,0.,-0.433883739118));
#1635 = PCURVE('',#1588,#1636);
#1636 = DEFINITIONAL_REPRESENTATION('',(#1637),#1641);
#1637 = LINE('',#1638,#1639);
#1638 = CARTESIAN_POINT('',(7.,0.));
#1639 = VECTOR('',#1640,1.);
#1640 = DIRECTION('',(0.,1.));
#1641 = ( GEOMETRIC_REPRESENTATION_CONTEXT(2) 
PARAMETRIC_REPRESENTATION_CONTEXT() REPRESENTATION_CONTEXT('2D SPACE',''
  ) );
#1642 = PCURVE('',#885,#1643);
#1643 = DEFINITIONAL_REPRESENTATION('',(#1644),#1648);
#1644 = LINE('',#1645,#1646);
#1645 = CARTESIAN_POINT('',(0.,280.));
#1646 = VECTOR('',#1647,1.);
#1647 = DIRECTION('',(1.,0.));
#1648 = ( GEOMETRIC_REPRESENTATION_CONTEXT(2) 
PARAMETRIC_REPRESENTATION_CONTEXT() REPRESENTATION_CONTEXT('2D SPACE',''
  ) );
#1649 = ORIENTED_EDGE('',*,*,#1650,.F.);
#1650 = EDGE_CURVE('',#1552,#1628,#1651,.T.);
#1651 = SURFACE_CURVE('',#1652,(#1656,#1663),.PCURVE_S1.);
#1652 = LINE('',#1653,#1654);
#1653 = CARTESIAN_POINT('',(60.391710374788,305.,104.66179493018));
#1654 = VECTOR('',#1655,1.);
#1655 = DIRECTION('',(0.433883739118,0.,0.900968867902));
#1656 = PCURVE('',#1588,#1657);
#1657 = DEFINITIONAL_REPRESENTATION('',(#1658),#1662);
#1658 = LINE('',#1659,#1660);
#1659 = CARTESIAN_POINT('',(0.,18.));
#1660 = VECTOR('',#1661,1.);
#1661 = DIRECTION('',(1.,0.));
#1662 = ( GEOMETRIC_REPRESENTATION_CONTEXT(2) 
PARAMETRIC_REPRESENTATION_CONTEXT() REPRESENTATION_CONTEXT('2D SPACE',''
  ) );
#1663 = PCURVE('',#861,#1664);
#1664 = DEFINITIONAL_REPRESENTATION('',(#1665),#1669);
#1665 = LINE('',#1666,#1667);
#1666 = CARTESIAN_POINT('',(0.,-280.));
#1667 = VECTOR('',#1668,1.);
#1668 = DIRECTION('',(1.,0.));
#1669 = ( GEOMETRIC_REPRESENTATION_CONTEXT(2) 
PARAMETRIC_REPRESENTATION_CONTEXT() REPRESENTATION_CONTEXT('2D SPACE',''
  ) );
#1670 = ADVANCED_FACE('',(#1671),#861,.T.);
#1671 = FACE_BOUND('',#1672,.T.);
#1672 = EDGE_LOOP('',(#1673,#1694,#1695,#1696));
#1673 = ORIENTED_EDGE('',*,*,#1674,.F.);
#1674 = EDGE_CURVE('',#847,#1628,#1675,.T.);
#1675 = SURFACE_CURVE('',#1676,(#1680,#1687),.PCURVE_S1.);
#1676 = LINE('',#1677,#1678);
#1677 = CARTESIAN_POINT('',(63.42889654861,25.,110.9685770055));
#1678 = VECTOR('',#1679,1.);
#1679 = DIRECTION('',(0.,1.,0.));
#1680 = PCURVE('',#861,#1681);
#1681 = DEFINITIONAL_REPRESENTATION('',(#1682),#1686);
#1682 = LINE('',#1683,#1684);
#1683 = CARTESIAN_POINT('',(7.,0.));
#1684 = VECTOR('',#1685,1.);
#1685 = DIRECTION('',(0.,-1.));
#1686 = ( GEOMETRIC_REPRESENTATION_CONTEXT(2) 
PARAMETRIC_REPRESENTATION_CONTEXT() REPRESENTATION_CONTEXT('2D SPACE',''
  ) );
#1687 = PCURVE('',#885,#1688);
#1688 = DEFINITIONAL_REPRESENTATION('',(#1689),#1693);
#1689 = LINE('',#1690,#1691);
#1690 = CARTESIAN_POINT('',(18.,0.));
#1691 = VECTOR('',#1692,1.);
#1692 = DIRECTION('',(0.,1.));
#1693 = ( GEOMETRIC_REPRESENTATION_CONTEXT(2) 
PARAMETRIC_REPRESENTATION_CONTEXT() REPRESENTATION_CONTEXT('2D SPACE',''
  ) );
#1694 = ORIENTED_EDGE('',*,*,#846,.F.);
#1695 = ORIENTED_EDGE('',*,*,#1551,.T.);
#1696 = ORIENTED_EDGE('',*,*,#1650,.T.);
#1697 = ADVANCED_FACE('',(#1698),#885,.T.);
#1698 = FACE_BOUND('',#1699,.T.);
#1699 = EDGE_LOOP('',(#1700,#1721,#1722,#1723));
#1700 = ORIENTED_EDGE('',*,*,#1701,.F.);
#1701 = EDGE_CURVE('',#795,#1605,#1702,.T.);
#1702 = SURFACE_CURVE('',#1703,(#1707,#1714),.PCURVE_S1.);
#1703 = LINE('',#1704,#1705);
#1704 = CARTESIAN_POINT('',(47.211456926367,25.,118.77848430961));
#1705 = VECTOR('',#1706,1.);
#1706 = DIRECTION('',(0.,1.,0.));
#1707 = PCURVE('',#885,#1708);
#1708 = DEFINITIONAL_REPRESENTATION('',(#1709),#1713);
#1709 = LINE('',#1710,#1711);
#1710 = CARTESIAN_POINT('',(0.,0.));
#1711 = VECTOR('',#1712,1.);
#1712 = DIRECTION('',(0.,1.));
#1713 = ( GEOMETRIC_REPRESENTATION_CONTEXT(2) 
PARAMETRIC_REPRESENTATION_CONTEXT() REPRESENTATION_CONTEXT('2D SPACE',''
  ) );
#1714 = PCURVE('',#809,#1715);
#1715 = DEFINITIONAL_REPRESENTATION('',(#1716),#1720);
#1716 = LINE('',#1717,#1718);
#1717 = CARTESIAN_POINT('',(7.,0.));
#1718 = VECTOR('',#1719,1.);
#1719 = DIRECTION('',(0.,-1.));
#1720 = ( GEOMETRIC_REPRESENTATION_CONTEXT(2) 
PARAMETRIC_REPRESENTATION_CONTEXT() REPRESENTATION_CONTEXT('2D SPACE',''
  ) );
#1721 = ORIENTED_EDGE('',*,*,#872,.F.);
#1722 = ORIENTED_EDGE('',*,*,#1674,.T.);
#1723 = ORIENTED_EDGE('',*,*,#1627,.F.);
#1724 = ADVANCED_FACE('',(#1725),#809,.F.);
#1725 = FACE_BOUND('',#1726,.F.);
#1726 = EDGE_LOOP('',(#1727,#1728,#1729,#1730));
#1727 = ORIENTED_EDGE('',*,*,#1701,.F.);
#1728 = ORIENTED_EDGE('',*,*,#792,.F.);
#1729 = ORIENTED_EDGE('',*,*,#1527,.T.);
#1730 = ORIENTED_EDGE('',*,*,#1604,.T.);
#1731 = ADVANCED_FACE('',(#1732),#729,.F.);
#1732 = FACE_BOUND('',#1733,.F.);
#1733 = EDGE_LOOP('',(#1734,#1757,#1758,#1781));
#1734 = ORIENTED_EDGE('',*,*,#1735,.F.);
#1735 = EDGE_CURVE('',#687,#1736,#1738,.T.);
#1736 = VERTEX_POINT('',#1737);
#1737 = CARTESIAN_POINT('',(-35.58812375137,305.,115.4761250123));
#1738 = SURFACE_CURVE('',#1739,(#1743,#1750),.PCURVE_S1.);
#1739 = LINE('',#1740,#1741);
#1740 = CARTESIAN_POINT('',(-35.58812375137,25.,115.4761250123));
#1741 = VECTOR('',#1742,1.);
#1742 = DIRECTION('',(0.,1.,0.));
#1743 = PCURVE('',#729,#1744);
#1744 = DEFINITIONAL_REPRESENTATION('',(#1745),#1749);
#1745 = LINE('',#1746,#1747);
#1746 = CARTESIAN_POINT('',(0.,0.));
#1747 = VECTOR('',#1748,1.);
#1748 = DIRECTION('',(0.,1.));
#1749 = ( GEOMETRIC_REPRESENTATION_CONTEXT(2) 
PARAMETRIC_REPRESENTATION_CONTEXT() REPRESENTATION_CONTEXT('2D SPACE',''
  ) );
#1750 = PCURVE('',#703,#1751);
#1751 = DEFINITIONAL_REPRESENTATION('',(#1752),#1756);
#1752 = LINE('',#1753,#1754);
#1753 = CARTESIAN_POINT('',(0.,0.));
#1754 = VECTOR('',#1755,1.);
#1755 = DIRECTION('',(0.,-1.));
#1756 = ( GEOMETRIC_REPRESENTATION_CONTEXT(2) 
PARAMETRIC_REPRESENTATION_CONTEXT() REPRESENTATION_CONTEXT('2D SPACE',''
  ) );
#1757 = ORIENTED_EDGE('',*,*,#714,.F.);
#1758 = ORIENTED_EDGE('',*,*,#1759,.T.);
#1759 = EDGE_CURVE('',#715,#1760,#1762,.T.);
#1760 = VERTEX_POINT('',#1761);
#1761 = CARTESIAN_POINT('',(-18.03942133209,305.,119.48150182351));
#1762 = SURFACE_CURVE('',#1763,(#1767,#1774),.PCURVE_S1.);
#1763 = LINE('',#1764,#1765);
#1764 = CARTESIAN_POINT('',(-18.03942133209,25.,119.48150182351));
#1765 = VECTOR('',#1766,1.);
#1766 = DIRECTION('',(0.,1.,0.));
#1767 = PCURVE('',#729,#1768);
#1768 = DEFINITIONAL_REPRESENTATION('',(#1769),#1773);
#1769 = LINE('',#1770,#1771);
#1770 = CARTESIAN_POINT('',(18.,0.));
#1771 = VECTOR('',#1772,1.);
#1772 = DIRECTION('',(0.,1.));
#1773 = ( GEOMETRIC_REPRESENTATION_CONTEXT(2) 
PARAMETRIC_REPRESENTATION_CONTEXT() REPRESENTATION_CONTEXT('2D SPACE',''
  ) );
#1774 = PCURVE('',#755,#1775);
#1775 = DEFINITIONAL_REPRESENTATION('',(#1776),#1780);
#1776 = LINE('',#1777,#1778);
#1777 = CARTESIAN_POINT('',(0.,0.));
#1778 = VECTOR('',#1779,1.);
#1779 = DIRECTION('',(0.,-1.));
#1780 = ( GEOMETRIC_REPRESENTATION_CONTEXT(2) 
PARAMETRIC_REPRESENTATION_CONTEXT() REPRESENTATION_CONTEXT('2D SPACE',''
  ) );
#1781 = ORIENTED_EDGE('',*,*,#1782,.F.);
#1782 = EDGE_CURVE('',#1736,#1760,#1783,.T.);
#1783 = SURFACE_CURVE('',#1784,(#1788,#1795),.PCURVE_S1.);
#1784 = LINE('',#1785,#1786);
#1785 = CARTESIAN_POINT('',(-35.58812375137,305.,115.4761250123));
#1786 = VECTOR('',#1787,1.);
#1787 = DIRECTION('',(0.974927912182,0.,0.222520933956));
#1788 = PCURVE('',#729,#1789);
#1789 = DEFINITIONAL_REPRESENTATION('',(#1790),#1794);
#1790 = LINE('',#1791,#1792);
#1791 = CARTESIAN_POINT('',(0.,280.));
#1792 = VECTOR('',#1793,1.);
#1793 = DIRECTION('',(1.,0.));
#1794 = ( GEOMETRIC_REPRESENTATION_CONTEXT(2) 
PARAMETRIC_REPRESENTATION_CONTEXT() REPRESENTATION_CONTEXT('2D SPACE',''
  ) );
#1795 = PCURVE('',#1796,#1801);
#1796 = PLANE('',#1797);
#1797 = AXIS2_PLACEMENT_3D('',#1798,#1799,#1800);
#1798 = CARTESIAN_POINT('',(-35.58812375137,305.,115.4761250123));
#1799 = DIRECTION('',(0.,1.,0.));
#1800 = DIRECTION('',(-0.222520933956,0.,0.974927912182));
#1801 = DEFINITIONAL_REPRESENTATION('',(#1802),#1806);
#1802 = LINE('',#1803,#1804);
#1803 = CARTESIAN_POINT('',(0.,0.));
#1804 = VECTOR('',#1805,1.);
#1805 = DIRECTION('',(0.,1.));
#1806 = ( GEOMETRIC_REPRESENTATION_CONTEXT(2) 
PARAMETRIC_REPRESENTATION_CONTEXT() REPRESENTATION_CONTEXT('2D SPACE',''
  ) );
#1807 = ADVANCED_FACE('',(#1808),#1796,.T.);
#1808 = FACE_BOUND('',#1809,.T.);
#1809 = EDGE_LOOP('',(#1810,#1811,#1834,#1857));
#1810 = ORIENTED_EDGE('',*,*,#1782,.F.);
#1811 = ORIENTED_EDGE('',*,*,#1812,.T.);
#1812 = EDGE_CURVE('',#1736,#1813,#1815,.T.);
#1813 = VERTEX_POINT('',#1814);
#1814 = CARTESIAN_POINT('',(-37.14577028906,305.,122.30062039757));
#1815 = SURFACE_CURVE('',#1816,(#1820,#1827),.PCURVE_S1.);
#1816 = LINE('',#1817,#1818);
#1817 = CARTESIAN_POINT('',(-35.58812375137,305.,115.4761250123));
#1818 = VECTOR('',#1819,1.);
#1819 = DIRECTION('',(-0.222520933956,0.,0.974927912182));
#1820 = PCURVE('',#1796,#1821);
#1821 = DEFINITIONAL_REPRESENTATION('',(#1822),#1826);
#1822 = LINE('',#1823,#1824);
#1823 = CARTESIAN_POINT('',(0.,0.));
#1824 = VECTOR('',#1825,1.);
#1825 = DIRECTION('',(1.,0.));
#1826 = ( GEOMETRIC_REPRESENTATION_CONTEXT(2) 
PARAMETRIC_REPRESENTATION_CONTEXT() REPRESENTATION_CONTEXT('2D SPACE',''
  ) );
#1827 = PCURVE('',#703,#1828);
#1828 = DEFINITIONAL_REPRESENTATION('',(#1829),#1833);
#1829 = LINE('',#1830,#1831);
#1830 = CARTESIAN_POINT('',(0.,-280.));
#1831 = VECTOR('',#1832,1.);
#1832 = DIRECTION('',(1.,0.));
#1833 = ( GEOMETRIC_REPRESENTATION_CONTEXT(2) 
PARAMETRIC_REPRESENTATION_CONTEXT() REPRESENTATION_CONTEXT('2D SPACE',''
  ) );
#1834 = ORIENTED_EDGE('',*,*,#1835,.T.);
#1835 = EDGE_CURVE('',#1813,#1836,#1838,.T.);
#1836 = VERTEX_POINT('',#1837);
#1837 = CARTESIAN_POINT('',(-19.59706786979,305.,126.30599720878));
#1838 = SURFACE_CURVE('',#1839,(#1843,#1850),.PCURVE_S1.);
#1839 = LINE('',#1840,#1841);
#1840 = CARTESIAN_POINT('',(-37.14577028906,305.,122.30062039757));
#1841 = VECTOR('',#1842,1.);
#1842 = DIRECTION('',(0.974927912182,0.,0.222520933956));
#1843 = PCURVE('',#1796,#1844);
#1844 = DEFINITIONAL_REPRESENTATION('',(#1845),#1849);
#1845 = LINE('',#1846,#1847);
#1846 = CARTESIAN_POINT('',(7.,0.));
#1847 = VECTOR('',#1848,1.);
#1848 = DIRECTION('',(0.,1.));
#1849 = ( GEOMETRIC_REPRESENTATION_CONTEXT(2) 
PARAMETRIC_REPRESENTATION_CONTEXT() REPRESENTATION_CONTEXT('2D SPACE',''
  ) );
#1850 = PCURVE('',#779,#1851);
#1851 = DEFINITIONAL_REPRESENTATION('',(#1852),#1856);
#1852 = LINE('',#1853,#1854);
#1853 = CARTESIAN_POINT('',(0.,280.));
#1854 = VECTOR('',#1855,1.);
#1855 = DIRECTION('',(1.,0.));
#1856 = ( GEOMETRIC_REPRESENTATION_CONTEXT(2) 
PARAMETRIC_REPRESENTATION_CONTEXT() REPRESENTATION_CONTEXT('2D SPACE',''
  ) );
#1857 = ORIENTED_EDGE('',*,*,#1858,.F.);
#1858 = EDGE_CURVE('',#1760,#1836,#1859,.T.);
#1859 = SURFACE_CURVE('',#1860,(#1864,#1871),.PCURVE_S1.);
#1860 = LINE('',#1861,#1862);
#1861 = CARTESIAN_POINT('',(-18.03942133209,305.,119.48150182351));
#1862 = VECTOR('',#1863,1.);
#1863 = DIRECTION('',(-0.222520933956,0.,0.974927912182));
#1864 = PCURVE('',#1796,#1865);
#1865 = DEFINITIONAL_REPRESENTATION('',(#1866),#1870);
#1866 = LINE('',#1867,#1868);
#1867 = CARTESIAN_POINT('',(0.,18.));
#1868 = VECTOR('',#1869,1.);
#1869 = DIRECTION('',(1.,0.));
#1870 = ( GEOMETRIC_REPRESENTATION_CONTEXT(2) 
PARAMETRIC_REPRESENTATION_CONTEXT() REPRESENTATION_CONTEXT('2D SPACE',''
  ) );
#1871 = PCURVE('',#755,#1872);
#1872 = DEFINITIONAL_REPRESENTATION('',(#1873),#1877);
#1873 = LINE('',#1874,#1875);
#1874 = CARTESIAN_POINT('',(0.,-280.));
#1875 = VECTOR('',#1876,1.);
#1876 = DIRECTION('',(1.,0.));
#1877 = ( GEOMETRIC_REPRESENTATION_CONTEXT(2) 
PARAMETRIC_REPRESENTATION_CONTEXT() REPRESENTATION_CONTEXT('2D SPACE',''
  ) );
#1878 = ADVANCED_FACE('',(#1879),#755,.T.);
#1879 = FACE_BOUND('',#1880,.T.);
#1880 = EDGE_LOOP('',(#1881,#1902,#1903,#1904));
#1881 = ORIENTED_EDGE('',*,*,#1882,.F.);
#1882 = EDGE_CURVE('',#741,#1836,#1883,.T.);
#1883 = SURFACE_CURVE('',#1884,(#1888,#1895),.PCURVE_S1.);
#1884 = LINE('',#1885,#1886);
#1885 = CARTESIAN_POINT('',(-19.59706786979,25.,126.30599720878));
#1886 = VECTOR('',#1887,1.);
#1887 = DIRECTION('',(0.,1.,0.));
#1888 = PCURVE('',#755,#1889);
#1889 = DEFINITIONAL_REPRESENTATION('',(#1890),#1894);
#1890 = LINE('',#1891,#1892);
#1891 = CARTESIAN_POINT('',(7.,0.));
#1892 = VECTOR('',#1893,1.);
#1893 = DIRECTION('',(0.,-1.));
#1894 = ( GEOMETRIC_REPRESENTATION_CONTEXT(2) 
PARAMETRIC_REPRESENTATION_CONTEXT() REPRESENTATION_CONTEXT('2D SPACE',''
  ) );
#1895 = PCURVE('',#779,#1896);
#1896 = DEFINITIONAL_REPRESENTATION('',(#1897),#1901);
#1897 = LINE('',#1898,#1899);
#1898 = CARTESIAN_POINT('',(18.,0.));
#1899 = VECTOR('',#1900,1.);
#1900 = DIRECTION('',(0.,1.));
#1901 = ( GEOMETRIC_REPRESENTATION_CONTEXT(2) 
PARAMETRIC_REPRESENTATION_CONTEXT() REPRESENTATION_CONTEXT('2D SPACE',''
  ) );
#1902 = ORIENTED_EDGE('',*,*,#740,.F.);
#1903 = ORIENTED_EDGE('',*,*,#1759,.T.);
#1904 = ORIENTED_EDGE('',*,*,#1858,.T.);
#1905 = ADVANCED_FACE('',(#1906),#779,.T.);
#1906 = FACE_BOUND('',#1907,.T.);
#1907 = EDGE_LOOP('',(#1908,#1929,#1930,#1931));
#1908 = ORIENTED_EDGE('',*,*,#1909,.F.);
#1909 = EDGE_CURVE('',#689,#1813,#1910,.T.);
#1910 = SURFACE_CURVE('',#1911,(#1915,#1922),.PCURVE_S1.);
#1911 = LINE('',#1912,#1913);
#1912 = CARTESIAN_POINT('',(-37.14577028906,25.,122.30062039757));
#1913 = VECTOR('',#1914,1.);
#1914 = DIRECTION('',(0.,1.,0.));
#1915 = PCURVE('',#779,#1916);
#1916 = DEFINITIONAL_REPRESENTATION('',(#1917),#1921);
#1917 = LINE('',#1918,#1919);
#1918 = CARTESIAN_POINT('',(0.,0.));
#1919 = VECTOR('',#1920,1.);
#1920 = DIRECTION('',(0.,1.));
#1921 = ( GEOMETRIC_REPRESENTATION_CONTEXT(2) 
PARAMETRIC_REPRESENTATION_CONTEXT() REPRESENTATION_CONTEXT('2D SPACE',''
  ) );
#1922 = PCURVE('',#703,#1923);
#1923 = DEFINITIONAL_REPRESENTATION('',(#1924),#1928);
#1924 = LINE('',#1925,#1926);
#1925 = CARTESIAN_POINT('',(7.,0.));
#1926 = VECTOR('',#1927,1.);
#1927 = DIRECTION('',(0.,-1.));
#1928 = ( GEOMETRIC_REPRESENTATION_CONTEXT(2) 
PARAMETRIC_REPRESENTATION_CONTEXT() REPRESENTATION_CONTEXT('2D SPACE',''
  ) );
#1929 = ORIENTED_EDGE('',*,*,#766,.F.);
#1930 = ORIENTED_EDGE('',*,*,#1882,.T.);
#1931 = ORIENTED_EDGE('',*,*,#1835,.F.);
#1932 = ADVANCED_FACE('',(#1933),#703,.F.);
#1933 = FACE_BOUND('',#1934,.F.);
#1934 = EDGE_LOOP('',(#1935,#1936,#1937,#1938));
#1935 = ORIENTED_EDGE('',*,*,#1909,.F.);
#1936 = ORIENTED_EDGE('',*,*,#686,.F.);
#1937 = ORIENTED_EDGE('',*,*,#1735,.T.);
#1938 = ORIENTED_EDGE('',*,*,#1812,.T.);
#1939 = ADVANCED_FACE('',(#1940),#623,.F.);
#1940 = FACE_BOUND('',#1941,.F.);
#1941 = EDGE_LOOP('',(#1942,#1965,#1966,#1989));
#1942 = ORIENTED_EDGE('',*,*,#1943,.F.);
#1943 = EDGE_CURVE('',#581,#1944,#1946,.T.);
#1944 = VERTEX_POINT('',#1945);
#1945 = CARTESIAN_POINT('',(-60.39171037478,305.,104.66179493018));
#1946 = SURFACE_CURVE('',#1947,(#1951,#1958),.PCURVE_S1.);
#1947 = LINE('',#1948,#1949);
#1948 = CARTESIAN_POINT('',(-60.39171037478,25.,104.66179493018));
#1949 = VECTOR('',#1950,1.);
#1950 = DIRECTION('',(0.,1.,0.));
#1951 = PCURVE('',#623,#1952);
#1952 = DEFINITIONAL_REPRESENTATION('',(#1953),#1957);
#1953 = LINE('',#1954,#1955);
#1954 = CARTESIAN_POINT('',(0.,0.));
#1955 = VECTOR('',#1956,1.);
#1956 = DIRECTION('',(0.,1.));
#1957 = ( GEOMETRIC_REPRESENTATION_CONTEXT(2) 
PARAMETRIC_REPRESENTATION_CONTEXT() REPRESENTATION_CONTEXT('2D SPACE',''
  ) );
#1958 = PCURVE('',#597,#1959);
#1959 = DEFINITIONAL_REPRESENTATION('',(#1960),#1964);
#1960 = LINE('',#1961,#1962);
#1961 = CARTESIAN_POINT('',(0.,0.));
#1962 = VECTOR('',#1963,1.);
#1963 = DIRECTION('',(0.,-1.));
#1964 = ( GEOMETRIC_REPRESENTATION_CONTEXT(2) 
PARAMETRIC_REPRESENTATION_CONTEXT() REPRESENTATION_CONTEXT('2D SPACE',''
  ) );
#1965 = ORIENTED_EDGE('',*,*,#608,.F.);
#1966 = ORIENTED_EDGE('',*,*,#1967,.T.);
#1967 = EDGE_CURVE('',#609,#1968,#1970,.T.);
#1968 = VERTEX_POINT('',#1969);
#1969 = CARTESIAN_POINT('',(-44.17427075254,305.,112.4717022343));
#1970 = SURFACE_CURVE('',#1971,(#1975,#1982),.PCURVE_S1.);
#1971 = LINE('',#1972,#1973);
#1972 = CARTESIAN_POINT('',(-44.17427075254,25.,112.4717022343));
#1973 = VECTOR('',#1974,1.);
#1974 = DIRECTION('',(0.,1.,0.));
#1975 = PCURVE('',#623,#1976);
#1976 = DEFINITIONAL_REPRESENTATION('',(#1977),#1981);
#1977 = LINE('',#1978,#1979);
#1978 = CARTESIAN_POINT('',(18.,0.));
#1979 = VECTOR('',#1980,1.);
#1980 = DIRECTION('',(0.,1.));
#1981 = ( GEOMETRIC_REPRESENTATION_CONTEXT(2) 
PARAMETRIC_REPRESENTATION_CONTEXT() REPRESENTATION_CONTEXT('2D SPACE',''
  ) );
#1982 = PCURVE('',#649,#1983);
#1983 = DEFINITIONAL_REPRESENTATION('',(#1984),#1988);
#1984 = LINE('',#1985,#1986);
#1985 = CARTESIAN_POINT('',(0.,0.));
#1986 = VECTOR('',#1987,1.);
#1987 = DIRECTION('',(0.,-1.));
#1988 = ( GEOMETRIC_REPRESENTATION_CONTEXT(2) 
PARAMETRIC_REPRESENTATION_CONTEXT() REPRESENTATION_CONTEXT('2D SPACE',''
  ) );
#1989 = ORIENTED_EDGE('',*,*,#1990,.F.);
#1990 = EDGE_CURVE('',#1944,#1968,#1991,.T.);
#1991 = SURFACE_CURVE('',#1992,(#1996,#2003),.PCURVE_S1.);
#1992 = LINE('',#1993,#1994);
#1993 = CARTESIAN_POINT('',(-60.39171037478,305.,104.66179493018));
#1994 = VECTOR('',#1995,1.);
#1995 = DIRECTION('',(0.900968867902,0.,0.433883739118));
#1996 = PCURVE('',#623,#1997);
#1997 = DEFINITIONAL_REPRESENTATION('',(#1998),#2002);
#1998 = LINE('',#1999,#2000);
#1999 = CARTESIAN_POINT('',(0.,280.));
#2000 = VECTOR('',#2001,1.);
#2001 = DIRECTION('',(1.,0.));
#2002 = ( GEOMETRIC_REPRESENTATION_CONTEXT(2) 
PARAMETRIC_REPRESENTATION_CONTEXT() REPRESENTATION_CONTEXT('2D SPACE',''
  ) );
#2003 = PCURVE('',#2004,#2009);
#2004 = PLANE('',#2005);
#2005 = AXIS2_PLACEMENT_3D('',#2006,#2007,#2008);
#2006 = CARTESIAN_POINT('',(-60.39171037478,305.,104.66179493018));
#2007 = DIRECTION('',(0.,1.,0.));
#2008 = DIRECTION('',(-0.433883739118,0.,0.900968867902));
#2009 = DEFINITIONAL_REPRESENTATION('',(#2010),#2014);
#2010 = LINE('',#2011,#2012);
#2011 = CARTESIAN_POINT('',(0.,0.));
#2012 = VECTOR('',#2013,1.);
#2013 = DIRECTION('',(0.,1.));
#2014 = ( GEOMETRIC_REPRESENTATION_CONTEXT(2) 
PARAMETRIC_REPRESENTATION_CONTEXT() REPRESENTATION_CONTEXT('2D SPACE',''
  ) );
#2015 = ADVANCED_FACE('',(#2016),#2004,.T.);
#2016 = FACE_BOUND('',#2017,.T.);
#2017 = EDGE_LOOP('',(#2018,#2019,#2042,#2065));
#2018 = ORIENTED_EDGE('',*,*,#1990,.F.);
#2019 = ORIENTED_EDGE('',*,*,#2020,.T.);
#2020 = EDGE_CURVE('',#1944,#2021,#2023,.T.);
#2021 = VERTEX_POINT('',#2022);
#2022 = CARTESIAN_POINT('',(-63.42889654861,305.,110.9685770055));
#2023 = SURFACE_CURVE('',#2024,(#2028,#2035),.PCURVE_S1.);
#2024 = LINE('',#2025,#2026);
#2025 = CARTESIAN_POINT('',(-60.39171037478,305.,104.66179493018));
#2026 = VECTOR('',#2027,1.);
#2027 = DIRECTION('',(-0.433883739118,0.,0.900968867902));
#2028 = PCURVE('',#2004,#2029);
#2029 = DEFINITIONAL_REPRESENTATION('',(#2030),#2034);
#2030 = LINE('',#2031,#2032);
#2031 = CARTESIAN_POINT('',(0.,0.));
#2032 = VECTOR('',#2033,1.);
#2033 = DIRECTION('',(1.,0.));
#2034 = ( GEOMETRIC_REPRESENTATION_CONTEXT(2) 
PARAMETRIC_REPRESENTATION_CONTEXT() REPRESENTATION_CONTEXT('2D SPACE',''
  ) );
#2035 = PCURVE('',#597,#2036);
#2036 = DEFINITIONAL_REPRESENTATION('',(#2037),#2041);
#2037 = LINE('',#2038,#2039);
#2038 = CARTESIAN_POINT('',(0.,-280.));
#2039 = VECTOR('',#2040,1.);
#2040 = DIRECTION('',(1.,0.));
#2041 = ( GEOMETRIC_REPRESENTATION_CONTEXT(2) 
PARAMETRIC_REPRESENTATION_CONTEXT() REPRESENTATION_CONTEXT('2D SPACE',''
  ) );
#2042 = ORIENTED_EDGE('',*,*,#2043,.T.);
#2043 = EDGE_CURVE('',#2021,#2044,#2046,.T.);
#2044 = VERTEX_POINT('',#2045);
#2045 = CARTESIAN_POINT('',(-47.21145692636,305.,118.77848430961));
#2046 = SURFACE_CURVE('',#2047,(#2051,#2058),.PCURVE_S1.);
#2047 = LINE('',#2048,#2049);
#2048 = CARTESIAN_POINT('',(-63.42889654861,305.,110.9685770055));
#2049 = VECTOR('',#2050,1.);
#2050 = DIRECTION('',(0.900968867902,0.,0.433883739118));
#2051 = PCURVE('',#2004,#2052);
#2052 = DEFINITIONAL_REPRESENTATION('',(#2053),#2057);
#2053 = LINE('',#2054,#2055);
#2054 = CARTESIAN_POINT('',(7.,0.));
#2055 = VECTOR('',#2056,1.);
#2056 = DIRECTION('',(0.,1.));
#2057 = ( GEOMETRIC_REPRESENTATION_CONTEXT(2) 
PARAMETRIC_REPRESENTATION_CONTEXT() REPRESENTATION_CONTEXT('2D SPACE',''
  ) );
#2058 = PCURVE('',#673,#2059);
#2059 = DEFINITIONAL_REPRESENTATION('',(#2060),#2064);
#2060 = LINE('',#2061,#2062);
#2061 = CARTESIAN_POINT('',(0.,280.));
#2062 = VECTOR('',#2063,1.);
#2063 = DIRECTION('',(1.,0.));
#2064 = ( GEOMETRIC_REPRESENTATION_CONTEXT(2) 
PARAMETRIC_REPRESENTATION_CONTEXT() REPRESENTATION_CONTEXT('2D SPACE',''
  ) );
#2065 = ORIENTED_EDGE('',*,*,#2066,.F.);
#2066 = EDGE_CURVE('',#1968,#2044,#2067,.T.);
#2067 = SURFACE_CURVE('',#2068,(#2072,#2079),.PCURVE_S1.);
#2068 = LINE('',#2069,#2070);
#2069 = CARTESIAN_POINT('',(-44.17427075254,305.,112.4717022343));
#2070 = VECTOR('',#2071,1.);
#2071 = DIRECTION('',(-0.433883739118,0.,0.900968867902));
#2072 = PCURVE('',#2004,#2073);
#2073 = DEFINITIONAL_REPRESENTATION('',(#2074),#2078);
#2074 = LINE('',#2075,#2076);
#2075 = CARTESIAN_POINT('',(0.,18.));
#2076 = VECTOR('',#2077,1.);
#2077 = DIRECTION('',(1.,0.));
#2078 = ( GEOMETRIC_REPRESENTATION_CONTEXT(2) 
PARAMETRIC_REPRESENTATION_CONTEXT() REPRESENTATION_CONTEXT('2D SPACE',''
  ) );
#2079 = PCURVE('',#649,#2080);
#2080 = DEFINITIONAL_REPRESENTATION('',(#2081),#2085);
#2081 = LINE('',#2082,#2083);
#2082 = CARTESIAN_POINT('',(0.,-280.));
#2083 = VECTOR('',#2084,1.);
#2084 = DIRECTION('',(1.,0.));
#2085 = ( GEOMETRIC_REPRESENTATION_CONTEXT(2) 
PARAMETRIC_REPRESENTATION_CONTEXT() REPRESENTATION_CONTEXT('2D SPACE',''
  ) );
#2086 = ADVANCED_FACE('',(#2087),#649,.T.);
#2087 = FACE_BOUND('',#2088,.T.);
#2088 = EDGE_LOOP('',(#2089,#2110,#2111,#2112));
#2089 = ORIENTED_EDGE('',*,*,#2090,.F.);
#2090 = EDGE_CURVE('',#635,#2044,#2091,.T.);
#2091 = SURFACE_CURVE('',#2092,(#2096,#2103),.PCURVE_S1.);
#2092 = LINE('',#2093,#2094);
#2093 = CARTESIAN_POINT('',(-47.21145692636,25.,118.77848430961));
#2094 = VECTOR('',#2095,1.);
#2095 = DIRECTION('',(0.,1.,0.));
#2096 = PCURVE('',#649,#2097);
#2097 = DEFINITIONAL_REPRESENTATION('',(#2098),#2102);
#2098 = LINE('',#2099,#2100);
#2099 = CARTESIAN_POINT('',(7.,0.));
#2100 = VECTOR('',#2101,1.);
#2101 = DIRECTION('',(0.,-1.));
#2102 = ( GEOMETRIC_REPRESENTATION_CONTEXT(2) 
PARAMETRIC_REPRESENTATION_CONTEXT() REPRESENTATION_CONTEXT('2D SPACE',''
  ) );
#2103 = PCURVE('',#673,#2104);
#2104 = DEFINITIONAL_REPRESENTATION('',(#2105),#2109);
#2105 = LINE('',#2106,#2107);
#2106 = CARTESIAN_POINT('',(18.,0.));
#2107 = VECTOR('',#2108,1.);
#2108 = DIRECTION('',(0.,1.));
#2109 = ( GEOMETRIC_REPRESENTATION_CONTEXT(2) 
PARAMETRIC_REPRESENTATION_CONTEXT() REPRESENTATION_CONTEXT('2D SPACE',''
  ) );
#2110 = ORIENTED_EDGE('',*,*,#634,.F.);
#2111 = ORIENTED_EDGE('',*,*,#1967,.T.);
#2112 = ORIENTED_EDGE('',*,*,#2066,.T.);
#2113 = ADVANCED_FACE('',(#2114),#673,.T.);
#2114 = FACE_BOUND('',#2115,.T.);
#2115 = EDGE_LOOP('',(#2116,#2137,#2138,#2139));
#2116 = ORIENTED_EDGE('',*,*,#2117,.F.);
#2117 = EDGE_CURVE('',#583,#2021,#2118,.T.);
#2118 = SURFACE_CURVE('',#2119,(#2123,#2130),.PCURVE_S1.);
#2119 = LINE('',#2120,#2121);
#2120 = CARTESIAN_POINT('',(-63.42889654861,25.,110.9685770055));
#2121 = VECTOR('',#2122,1.);
#2122 = DIRECTION('',(0.,1.,0.));
#2123 = PCURVE('',#673,#2124);
#2124 = DEFINITIONAL_REPRESENTATION('',(#2125),#2129);
#2125 = LINE('',#2126,#2127);
#2126 = CARTESIAN_POINT('',(0.,0.));
#2127 = VECTOR('',#2128,1.);
#2128 = DIRECTION('',(0.,1.));
#2129 = ( GEOMETRIC_REPRESENTATION_CONTEXT(2) 
PARAMETRIC_REPRESENTATION_CONTEXT() REPRESENTATION_CONTEXT('2D SPACE',''
  ) );
#2130 = PCURVE('',#597,#2131);
#2131 = DEFINITIONAL_REPRESENTATION('',(#2132),#2136);
#2132 = LINE('',#2133,#2134);
#2133 = CARTESIAN_POINT('',(7.,0.));
#2134 = VECTOR('',#2135,1.);
#2135 = DIRECTION('',(0.,-1.));
#2136 = ( GEOMETRIC_REPRESENTATION_CONTEXT(2) 
PARAMETRIC_REPRESENTATION_CONTEXT() REPRESENTATION_CONTEXT('2D SPACE',''
  ) );
#2137 = ORIENTED_EDGE('',*,*,#660,.F.);
#2138 = ORIENTED_EDGE('',*,*,#2090,.T.);
#2139 = ORIENTED_EDGE('',*,*,#2043,.F.);
#2140 = ADVANCED_FACE('',(#2141),#597,.F.);
#2141 = FACE_BOUND('',#2142,.F.);
#2142 = EDGE_LOOP('',(#2143,#2144,#2145,#2146));
#2143 = ORIENTED_EDGE('',*,*,#2117,.F.);
#2144 = ORIENTED_EDGE('',*,*,#580,.F.);
#2145 = ORIENTED_EDGE('',*,*,#1943,.T.);
#2146 = ORIENTED_EDGE('',*,*,#2020,.T.);
#2147 = ADVANCED_FACE('',(#2148),#187,.F.);
#2148 = FACE_BOUND('',#2149,.F.);
#2149 = EDGE_LOOP('',(#2150,#2151,#2152,#2173));
#2150 = ORIENTED_EDGE('',*,*,#552,.F.);
#2151 = ORIENTED_EDGE('',*,*,#504,.F.);
#2152 = ORIENTED_EDGE('',*,*,#2153,.T.);
#2153 = EDGE_CURVE('',#482,#143,#2154,.T.);
#2154 = SURFACE_CURVE('',#2155,(#2159,#2166),.PCURVE_S1.);
#2155 = LINE('',#2156,#2157);
#2156 = CARTESIAN_POINT('',(-65.,90.,95.));
#2157 = VECTOR('',#2158,1.);
#2158 = DIRECTION('',(1.,0.,-0.));
#2159 = PCURVE('',#187,#2160);
#2160 = DEFINITIONAL_REPRESENTATION('',(#2161),#2165);
#2161 = LINE('',#2162,#2163);
#2162 = CARTESIAN_POINT('',(0.,0.));
#2163 = VECTOR('',#2164,1.);
#2164 = DIRECTION('',(1.,0.));
#2165 = ( GEOMETRIC_REPRESENTATION_CONTEXT(2) 
PARAMETRIC_REPRESENTATION_CONTEXT() REPRESENTATION_CONTEXT('2D SPACE',''
  ) );
#2166 = PCURVE('',#160,#2167);
#2167 = DEFINITIONAL_REPRESENTATION('',(#2168),#2172);
#2168 = LINE('',#2169,#2170);
#2169 = CARTESIAN_POINT('',(0.,0.));
#2170 = VECTOR('',#2171,1.);
#2171 = DIRECTION('',(0.,1.));
#2172 = ( GEOMETRIC_REPRESENTATION_CONTEXT(2) 
PARAMETRIC_REPRESENTATION_CONTEXT() REPRESENTATION_CONTEXT('2D SPACE',''
  ) );
#2173 = ORIENTED_EDGE('',*,*,#172,.T.);
#2174 = ADVANCED_FACE('',(#2175,#2183,#2289,#2395,#2501,#2607),#160,.F.
  );
#2175 = FACE_BOUND('',#2176,.F.);
#2176 = EDGE_LOOP('',(#2177,#2178,#2179,#2180,#2181,#2182));
#2177 = ORIENTED_EDGE('',*,*,#2153,.F.);
#2178 = ORIENTED_EDGE('',*,*,#481,.T.);
#2179 = ORIENTED_EDGE('',*,*,#435,.T.);
#2180 = ORIENTED_EDGE('',*,*,#329,.F.);
#2181 = ORIENTED_EDGE('',*,*,#277,.F.);
#2182 = ORIENTED_EDGE('',*,*,#142,.F.);
#2183 = FACE_BOUND('',#2184,.F.);
#2184 = EDGE_LOOP('',(#2185,#2213,#2239,#2265));
#2185 = ORIENTED_EDGE('',*,*,#2186,.F.);
#2186 = EDGE_CURVE('',#2187,#2189,#2191,.T.);
#2187 = VERTEX_POINT('',#2188);
#2188 = CARTESIAN_POINT('',(-60.39171037478,90.,104.66179493018));
#2189 = VERTEX_POINT('',#2190);
#2190 = CARTESIAN_POINT('',(-63.42889654861,90.,110.9685770055));
#2191 = SURFACE_CURVE('',#2192,(#2196,#2202),.PCURVE_S1.);
#2192 = LINE('',#2193,#2194);
#2193 = CARTESIAN_POINT('',(-58.93700352136,90.,101.64106502331));
#2194 = VECTOR('',#2195,1.);
#2195 = DIRECTION('',(-0.433883739118,-0.,0.900968867902));
#2196 = PCURVE('',#160,#2197);
#2197 = DEFINITIONAL_REPRESENTATION('',(#2198),#2201);
#2198 = B_SPLINE_CURVE_WITH_KNOTS('',1,(#2199,#2200),.UNSPECIFIED.,.F.,
  .F.,(2,2),(3.352757253314,10.352757253314),.PIECEWISE_BEZIER_KNOTS.);
#2199 = CARTESIAN_POINT('',(9.661794930183,4.608289625212));
#2200 = CARTESIAN_POINT('',(15.9685770055,1.57110345139));
#2201 = ( GEOMETRIC_REPRESENTATION_CONTEXT(2) 
PARAMETRIC_REPRESENTATION_CONTEXT() REPRESENTATION_CONTEXT('2D SPACE',''
  ) );
#2202 = PCURVE('',#2203,#2208);
#2203 = PLANE('',#2204);
#2204 = AXIS2_PLACEMENT_3D('',#2205,#2206,#2207);
#2205 = CARTESIAN_POINT('',(-60.39171037478,25.,104.66179493018));
#2206 = DIRECTION('',(0.900968867902,0.,0.433883739118));
#2207 = DIRECTION('',(-0.433883739118,0.,0.900968867902));
#2208 = DEFINITIONAL_REPRESENTATION('',(#2209),#2212);
#2209 = B_SPLINE_CURVE_WITH_KNOTS('',1,(#2210,#2211),.UNSPECIFIED.,.F.,
  .F.,(2,2),(3.352757253314,10.352757253314),.PIECEWISE_BEZIER_KNOTS.);
#2210 = CARTESIAN_POINT('',(0.,-65.));
#2211 = CARTESIAN_POINT('',(7.,-65.));
#2212 = ( GEOMETRIC_REPRESENTATION_CONTEXT(2) 
PARAMETRIC_REPRESENTATION_CONTEXT() REPRESENTATION_CONTEXT('2D SPACE',''
  ) );
#2213 = ORIENTED_EDGE('',*,*,#2214,.F.);
#2214 = EDGE_CURVE('',#2215,#2187,#2217,.T.);
#2215 = VERTEX_POINT('',#2216);
#2216 = CARTESIAN_POINT('',(-44.17427075254,90.,112.4717022343));
#2217 = SURFACE_CURVE('',#2218,(#2222,#2228),.PCURVE_S1.);
#2218 = LINE('',#2219,#2220);
#2219 = CARTESIAN_POINT('',(-64.15056204081,90.,102.85162737196));
#2220 = VECTOR('',#2221,1.);
#2221 = DIRECTION('',(-0.900968867902,0.,-0.433883739118));
#2222 = PCURVE('',#160,#2223);
#2223 = DEFINITIONAL_REPRESENTATION('',(#2224),#2227);
#2224 = B_SPLINE_CURVE_WITH_KNOTS('',1,(#2225,#2226),.UNSPECIFIED.,.F.,
  .F.,(2,2),(-22.17201059874,-4.172010598745),.PIECEWISE_BEZIER_KNOTS.);
#2225 = CARTESIAN_POINT('',(17.4717022343,20.825729247456));
#2226 = CARTESIAN_POINT('',(9.661794930183,4.608289625212));
#2227 = ( GEOMETRIC_REPRESENTATION_CONTEXT(2) 
PARAMETRIC_REPRESENTATION_CONTEXT() REPRESENTATION_CONTEXT('2D SPACE',''
  ) );
#2228 = PCURVE('',#2229,#2234);
#2229 = PLANE('',#2230);
#2230 = AXIS2_PLACEMENT_3D('',#2231,#2232,#2233);
#2231 = CARTESIAN_POINT('',(-60.39171037478,25.,104.66179493018));
#2232 = DIRECTION('',(-0.433883739118,0.,0.900968867902));
#2233 = DIRECTION('',(0.900968867902,0.,0.433883739118));
#2234 = DEFINITIONAL_REPRESENTATION('',(#2235),#2238);
#2235 = B_SPLINE_CURVE_WITH_KNOTS('',1,(#2236,#2237),.UNSPECIFIED.,.F.,
  .F.,(2,2),(-22.17201059874,-4.172010598745),.PIECEWISE_BEZIER_KNOTS.);
#2236 = CARTESIAN_POINT('',(18.,65.));
#2237 = CARTESIAN_POINT('',(0.,65.));
#2238 = ( GEOMETRIC_REPRESENTATION_CONTEXT(2) 
PARAMETRIC_REPRESENTATION_CONTEXT() REPRESENTATION_CONTEXT('2D SPACE',''
  ) );
#2239 = ORIENTED_EDGE('',*,*,#2240,.T.);
#2240 = EDGE_CURVE('',#2215,#2241,#2243,.T.);
#2241 = VERTEX_POINT('',#2242);
#2242 = CARTESIAN_POINT('',(-47.21145692636,90.,118.77848430961));
#2243 = SURFACE_CURVE('',#2244,(#2248,#2254),.PCURVE_S1.);
#2244 = LINE('',#2245,#2246);
#2245 = CARTESIAN_POINT('',(-42.71956389912,90.,109.45097232742));
#2246 = VECTOR('',#2247,1.);
#2247 = DIRECTION('',(-0.433883739118,-0.,0.900968867902));
#2248 = PCURVE('',#160,#2249);
#2249 = DEFINITIONAL_REPRESENTATION('',(#2250),#2253);
#2250 = B_SPLINE_CURVE_WITH_KNOTS('',1,(#2251,#2252),.UNSPECIFIED.,.F.,
  .F.,(2,2),(3.352757253314,10.352757253314),.PIECEWISE_BEZIER_KNOTS.);
#2251 = CARTESIAN_POINT('',(17.4717022343,20.825729247456));
#2252 = CARTESIAN_POINT('',(23.778484309616,17.788543073633));
#2253 = ( GEOMETRIC_REPRESENTATION_CONTEXT(2) 
PARAMETRIC_REPRESENTATION_CONTEXT() REPRESENTATION_CONTEXT('2D SPACE',''
  ) );
#2254 = PCURVE('',#2255,#2260);
#2255 = PLANE('',#2256);
#2256 = AXIS2_PLACEMENT_3D('',#2257,#2258,#2259);
#2257 = CARTESIAN_POINT('',(-44.17427075254,25.,112.4717022343));
#2258 = DIRECTION('',(0.900968867902,0.,0.433883739118));
#2259 = DIRECTION('',(-0.433883739118,0.,0.900968867902));
#2260 = DEFINITIONAL_REPRESENTATION('',(#2261),#2264);
#2261 = B_SPLINE_CURVE_WITH_KNOTS('',1,(#2262,#2263),.UNSPECIFIED.,.F.,
  .F.,(2,2),(3.352757253314,10.352757253314),.PIECEWISE_BEZIER_KNOTS.);
#2262 = CARTESIAN_POINT('',(0.,-65.));
#2263 = CARTESIAN_POINT('',(7.,-65.));
#2264 = ( GEOMETRIC_REPRESENTATION_CONTEXT(2) 
PARAMETRIC_REPRESENTATION_CONTEXT() REPRESENTATION_CONTEXT('2D SPACE',''
  ) );
#2265 = ORIENTED_EDGE('',*,*,#2266,.T.);
#2266 = EDGE_CURVE('',#2241,#2189,#2267,.T.);
#2267 = SURFACE_CURVE('',#2268,(#2272,#2278),.PCURVE_S1.);
#2268 = LINE('',#2269,#2270);
#2269 = CARTESIAN_POINT('',(-67.18774821463,90.,109.15840944727));
#2270 = VECTOR('',#2271,1.);
#2271 = DIRECTION('',(-0.900968867902,0.,-0.433883739118));
#2272 = PCURVE('',#160,#2273);
#2273 = DEFINITIONAL_REPRESENTATION('',(#2274),#2277);
#2274 = B_SPLINE_CURVE_WITH_KNOTS('',1,(#2275,#2276),.UNSPECIFIED.,.F.,
  .F.,(2,2),(-22.17201059874,-4.172010598745),.PIECEWISE_BEZIER_KNOTS.);
#2275 = CARTESIAN_POINT('',(23.778484309616,17.788543073633));
#2276 = CARTESIAN_POINT('',(15.9685770055,1.57110345139));
#2277 = ( GEOMETRIC_REPRESENTATION_CONTEXT(2) 
PARAMETRIC_REPRESENTATION_CONTEXT() REPRESENTATION_CONTEXT('2D SPACE',''
  ) );
#2278 = PCURVE('',#2279,#2284);
#2279 = PLANE('',#2280);
#2280 = AXIS2_PLACEMENT_3D('',#2281,#2282,#2283);
#2281 = CARTESIAN_POINT('',(-63.42889654861,25.,110.9685770055));
#2282 = DIRECTION('',(-0.433883739118,0.,0.900968867902));
#2283 = DIRECTION('',(0.900968867902,0.,0.433883739118));
#2284 = DEFINITIONAL_REPRESENTATION('',(#2285),#2288);
#2285 = B_SPLINE_CURVE_WITH_KNOTS('',1,(#2286,#2287),.UNSPECIFIED.,.F.,
  .F.,(2,2),(-22.17201059874,-4.172010598745),.PIECEWISE_BEZIER_KNOTS.);
#2286 = CARTESIAN_POINT('',(18.,65.));
#2287 = CARTESIAN_POINT('',(0.,65.));
#2288 = ( GEOMETRIC_REPRESENTATION_CONTEXT(2) 
PARAMETRIC_REPRESENTATION_CONTEXT() REPRESENTATION_CONTEXT('2D SPACE',''
  ) );
#2289 = FACE_BOUND('',#2290,.F.);
#2290 = EDGE_LOOP('',(#2291,#2319,#2345,#2371));
#2291 = ORIENTED_EDGE('',*,*,#2292,.F.);
#2292 = EDGE_CURVE('',#2293,#2295,#2297,.T.);
#2293 = VERTEX_POINT('',#2294);
#2294 = CARTESIAN_POINT('',(-35.58812375137,90.,115.4761250123));
#2295 = VERTEX_POINT('',#2296);
#2296 = CARTESIAN_POINT('',(-37.14577028906,90.,122.30062039757));
#2297 = SURFACE_CURVE('',#2298,(#2302,#2308),.PCURVE_S1.);
#2298 = LINE('',#2299,#2300);
#2299 = CARTESIAN_POINT('',(-34.09523218113,90.,108.93533967669));
#2300 = VECTOR('',#2301,1.);
#2301 = DIRECTION('',(-0.222520933956,-0.,0.974927912182));
#2302 = PCURVE('',#160,#2303);
#2303 = DEFINITIONAL_REPRESENTATION('',(#2304),#2307);
#2304 = B_SPLINE_CURVE_WITH_KNOTS('',1,(#2305,#2306),.UNSPECIFIED.,.F.,
  .F.,(2,2),(6.708993817783,13.708993817783),.PIECEWISE_BEZIER_KNOTS.);
#2305 = CARTESIAN_POINT('',(20.476125012303,29.411876248628));
#2306 = CARTESIAN_POINT('',(27.300620397576,27.854229710934));
#2307 = ( GEOMETRIC_REPRESENTATION_CONTEXT(2) 
PARAMETRIC_REPRESENTATION_CONTEXT() REPRESENTATION_CONTEXT('2D SPACE',''
  ) );
#2308 = PCURVE('',#2309,#2314);
#2309 = PLANE('',#2310);
#2310 = AXIS2_PLACEMENT_3D('',#2311,#2312,#2313);
#2311 = CARTESIAN_POINT('',(-35.58812375137,25.,115.4761250123));
#2312 = DIRECTION('',(0.974927912182,0.,0.222520933956));
#2313 = DIRECTION('',(-0.222520933956,0.,0.974927912182));
#2314 = DEFINITIONAL_REPRESENTATION('',(#2315),#2318);
#2315 = B_SPLINE_CURVE_WITH_KNOTS('',1,(#2316,#2317),.UNSPECIFIED.,.F.,
  .F.,(2,2),(6.708993817783,13.708993817783),.PIECEWISE_BEZIER_KNOTS.);
#2316 = CARTESIAN_POINT('',(0.,-65.));
#2317 = CARTESIAN_POINT('',(7.,-65.));
#2318 = ( GEOMETRIC_REPRESENTATION_CONTEXT(2) 
PARAMETRIC_REPRESENTATION_CONTEXT() REPRESENTATION_CONTEXT('2D SPACE',''
  ) );
#2319 = ORIENTED_EDGE('',*,*,#2320,.F.);
#2320 = EDGE_CURVE('',#2321,#2293,#2323,.T.);
#2321 = VERTEX_POINT('',#2322);
#2322 = CARTESIAN_POINT('',(-18.03942133209,90.,119.48150182351));
#2323 = SURFACE_CURVE('',#2324,(#2328,#2334),.PCURVE_S1.);
#2324 = LINE('',#2325,#2326);
#2325 = CARTESIAN_POINT('',(-51.78695344592,90.,111.77884784176));
#2326 = VECTOR('',#2327,1.);
#2327 = DIRECTION('',(-0.974927912182,0.,-0.222520933956));
#2328 = PCURVE('',#160,#2329);
#2329 = DEFINITIONAL_REPRESENTATION('',(#2330),#2333);
#2330 = B_SPLINE_CURVE_WITH_KNOTS('',1,(#2331,#2332),.UNSPECIFIED.,.F.,
  .F.,(2,2),(-34.61541278298,-16.61541278298),.PIECEWISE_BEZIER_KNOTS.);
#2331 = CARTESIAN_POINT('',(24.481501823517,46.960578667901));
#2332 = CARTESIAN_POINT('',(20.476125012303,29.411876248628));
#2333 = ( GEOMETRIC_REPRESENTATION_CONTEXT(2) 
PARAMETRIC_REPRESENTATION_CONTEXT() REPRESENTATION_CONTEXT('2D SPACE',''
  ) );
#2334 = PCURVE('',#2335,#2340);
#2335 = PLANE('',#2336);
#2336 = AXIS2_PLACEMENT_3D('',#2337,#2338,#2339);
#2337 = CARTESIAN_POINT('',(-35.58812375137,25.,115.4761250123));
#2338 = DIRECTION('',(-0.222520933956,0.,0.974927912182));
#2339 = DIRECTION('',(0.974927912182,0.,0.222520933956));
#2340 = DEFINITIONAL_REPRESENTATION('',(#2341),#2344);
#2341 = B_SPLINE_CURVE_WITH_KNOTS('',1,(#2342,#2343),.UNSPECIFIED.,.F.,
  .F.,(2,2),(-34.61541278298,-16.61541278298),.PIECEWISE_BEZIER_KNOTS.);
#2342 = CARTESIAN_POINT('',(18.,65.));
#2343 = CARTESIAN_POINT('',(0.,65.));
#2344 = ( GEOMETRIC_REPRESENTATION_CONTEXT(2) 
PARAMETRIC_REPRESENTATION_CONTEXT() REPRESENTATION_CONTEXT('2D SPACE',''
  ) );
#2345 = ORIENTED_EDGE('',*,*,#2346,.T.);
#2346 = EDGE_CURVE('',#2321,#2347,#2349,.T.);
#2347 = VERTEX_POINT('',#2348);
#2348 = CARTESIAN_POINT('',(-19.59706786979,90.,126.30599720878));
#2349 = SURFACE_CURVE('',#2350,(#2354,#2360),.PCURVE_S1.);
#2350 = LINE('',#2351,#2352);
#2351 = CARTESIAN_POINT('',(-16.54652976185,90.,112.9407164879));
#2352 = VECTOR('',#2353,1.);
#2353 = DIRECTION('',(-0.222520933956,-0.,0.974927912182));
#2354 = PCURVE('',#160,#2355);
#2355 = DEFINITIONAL_REPRESENTATION('',(#2356),#2359);
#2356 = B_SPLINE_CURVE_WITH_KNOTS('',1,(#2357,#2358),.UNSPECIFIED.,.F.,
  .F.,(2,2),(6.708993817783,13.708993817783),.PIECEWISE_BEZIER_KNOTS.);
#2357 = CARTESIAN_POINT('',(24.481501823517,46.960578667901));
#2358 = CARTESIAN_POINT('',(31.305997208789,45.402932130206));
#2359 = ( GEOMETRIC_REPRESENTATION_CONTEXT(2) 
PARAMETRIC_REPRESENTATION_CONTEXT() REPRESENTATION_CONTEXT('2D SPACE',''
  ) );
#2360 = PCURVE('',#2361,#2366);
#2361 = PLANE('',#2362);
#2362 = AXIS2_PLACEMENT_3D('',#2363,#2364,#2365);
#2363 = CARTESIAN_POINT('',(-18.03942133209,25.,119.48150182351));
#2364 = DIRECTION('',(0.974927912182,0.,0.222520933956));
#2365 = DIRECTION('',(-0.222520933956,0.,0.974927912182));
#2366 = DEFINITIONAL_REPRESENTATION('',(#2367),#2370);
#2367 = B_SPLINE_CURVE_WITH_KNOTS('',1,(#2368,#2369),.UNSPECIFIED.,.F.,
  .F.,(2,2),(6.708993817783,13.708993817783),.PIECEWISE_BEZIER_KNOTS.);
#2368 = CARTESIAN_POINT('',(0.,-65.));
#2369 = CARTESIAN_POINT('',(7.,-65.));
#2370 = ( GEOMETRIC_REPRESENTATION_CONTEXT(2) 
PARAMETRIC_REPRESENTATION_CONTEXT() REPRESENTATION_CONTEXT('2D SPACE',''
  ) );
#2371 = ORIENTED_EDGE('',*,*,#2372,.T.);
#2372 = EDGE_CURVE('',#2347,#2295,#2373,.T.);
#2373 = SURFACE_CURVE('',#2374,(#2378,#2384),.PCURVE_S1.);
#2374 = LINE('',#2375,#2376);
#2375 = CARTESIAN_POINT('',(-53.34459998362,90.,118.60334322703));
#2376 = VECTOR('',#2377,1.);
#2377 = DIRECTION('',(-0.974927912182,0.,-0.222520933956));
#2378 = PCURVE('',#160,#2379);
#2379 = DEFINITIONAL_REPRESENTATION('',(#2380),#2383);
#2380 = B_SPLINE_CURVE_WITH_KNOTS('',1,(#2381,#2382),.UNSPECIFIED.,.F.,
  .F.,(2,2),(-34.61541278298,-16.61541278298),.PIECEWISE_BEZIER_KNOTS.);
#2381 = CARTESIAN_POINT('',(31.305997208789,45.402932130206));
#2382 = CARTESIAN_POINT('',(27.300620397576,27.854229710934));
#2383 = ( GEOMETRIC_REPRESENTATION_CONTEXT(2) 
PARAMETRIC_REPRESENTATION_CONTEXT() REPRESENTATION_CONTEXT('2D SPACE',''
  ) );
#2384 = PCURVE('',#2385,#2390);
#2385 = PLANE('',#2386);
#2386 = AXIS2_PLACEMENT_3D('',#2387,#2388,#2389);
#2387 = CARTESIAN_POINT('',(-37.14577028906,25.,122.30062039757));
#2388 = DIRECTION('',(-0.222520933956,0.,0.974927912182));
#2389 = DIRECTION('',(0.974927912182,0.,0.222520933956));
#2390 = DEFINITIONAL_REPRESENTATION('',(#2391),#2394);
#2391 = B_SPLINE_CURVE_WITH_KNOTS('',1,(#2392,#2393),.UNSPECIFIED.,.F.,
  .F.,(2,2),(-34.61541278298,-16.61541278298),.PIECEWISE_BEZIER_KNOTS.);
#2392 = CARTESIAN_POINT('',(18.,65.));
#2393 = CARTESIAN_POINT('',(0.,65.));
#2394 = ( GEOMETRIC_REPRESENTATION_CONTEXT(2) 
PARAMETRIC_REPRESENTATION_CONTEXT() REPRESENTATION_CONTEXT('2D SPACE',''
  ) );
#2395 = FACE_BOUND('',#2396,.F.);
#2396 = EDGE_LOOP('',(#2397,#2425,#2451,#2477));
#2397 = ORIENTED_EDGE('',*,*,#2398,.F.);
#2398 = EDGE_CURVE('',#2399,#2401,#2403,.T.);
#2399 = VERTEX_POINT('',#2400);
#2400 = CARTESIAN_POINT('',(44.174270752544,90.,112.4717022343));
#2401 = VERTEX_POINT('',#2402);
#2402 = CARTESIAN_POINT('',(47.211456926367,90.,118.77848430961));
#2403 = SURFACE_CURVE('',#2404,(#2408,#2414),.PCURVE_S1.);
#2404 = LINE('',#2405,#2406);
#2405 = CARTESIAN_POINT('',(30.482982459531,90.,84.041449147218));
#2406 = VECTOR('',#2407,1.);
#2407 = DIRECTION('',(0.433883739118,0.,0.900968867902));
#2408 = PCURVE('',#160,#2409);
#2409 = DEFINITIONAL_REPRESENTATION('',(#2410),#2413);
#2410 = B_SPLINE_CURVE_WITH_KNOTS('',1,(#2411,#2412),.UNSPECIFIED.,.F.,
  .F.,(2,2),(31.555200295956,38.555200295956),.PIECEWISE_BEZIER_KNOTS.);
#2411 = CARTESIAN_POINT('',(17.4717022343,109.17427075254));
#2412 = CARTESIAN_POINT('',(23.778484309616,112.21145692636));
#2413 = ( GEOMETRIC_REPRESENTATION_CONTEXT(2) 
PARAMETRIC_REPRESENTATION_CONTEXT() REPRESENTATION_CONTEXT('2D SPACE',''
  ) );
#2414 = PCURVE('',#2415,#2420);
#2415 = PLANE('',#2416);
#2416 = AXIS2_PLACEMENT_3D('',#2417,#2418,#2419);
#2417 = CARTESIAN_POINT('',(44.174270752544,25.,112.4717022343));
#2418 = DIRECTION('',(0.900968867902,0.,-0.433883739118));
#2419 = DIRECTION('',(0.433883739118,0.,0.900968867902));
#2420 = DEFINITIONAL_REPRESENTATION('',(#2421),#2424);
#2421 = B_SPLINE_CURVE_WITH_KNOTS('',1,(#2422,#2423),.UNSPECIFIED.,.F.,
  .F.,(2,2),(31.555200295956,38.555200295956),.PIECEWISE_BEZIER_KNOTS.);
#2422 = CARTESIAN_POINT('',(0.,-65.));
#2423 = CARTESIAN_POINT('',(7.,-65.));
#2424 = ( GEOMETRIC_REPRESENTATION_CONTEXT(2) 
PARAMETRIC_REPRESENTATION_CONTEXT() REPRESENTATION_CONTEXT('2D SPACE',''
  ) );
#2425 = ORIENTED_EDGE('',*,*,#2426,.F.);
#2426 = EDGE_CURVE('',#2427,#2399,#2429,.T.);
#2427 = VERTEX_POINT('',#2428);
#2428 = CARTESIAN_POINT('',(60.391710374788,90.,104.66179493018));
#2429 = SURFACE_CURVE('',#2430,(#2434,#2440),.PCURVE_S1.);
#2430 = LINE('',#2431,#2432);
#2431 = CARTESIAN_POINT('',(3.278423669285,90.,132.16610420423));
#2432 = VECTOR('',#2433,1.);
#2433 = DIRECTION('',(-0.900968867902,-0.,0.433883739118));
#2434 = PCURVE('',#160,#2435);
#2435 = DEFINITIONAL_REPRESENTATION('',(#2436),#2439);
#2436 = B_SPLINE_CURVE_WITH_KNOTS('',1,(#2437,#2438),.UNSPECIFIED.,.F.,
  .F.,(2,2),(-63.39096581491,-45.39096581491),.PIECEWISE_BEZIER_KNOTS.);
#2437 = CARTESIAN_POINT('',(9.661794930183,125.39171037478));
#2438 = CARTESIAN_POINT('',(17.4717022343,109.17427075254));
#2439 = ( GEOMETRIC_REPRESENTATION_CONTEXT(2) 
PARAMETRIC_REPRESENTATION_CONTEXT() REPRESENTATION_CONTEXT('2D SPACE',''
  ) );
#2440 = PCURVE('',#2441,#2446);
#2441 = PLANE('',#2442);
#2442 = AXIS2_PLACEMENT_3D('',#2443,#2444,#2445);
#2443 = CARTESIAN_POINT('',(44.174270752544,25.,112.4717022343));
#2444 = DIRECTION('',(0.433883739118,0.,0.900968867902));
#2445 = DIRECTION('',(0.900968867902,0.,-0.433883739118));
#2446 = DEFINITIONAL_REPRESENTATION('',(#2447),#2450);
#2447 = B_SPLINE_CURVE_WITH_KNOTS('',1,(#2448,#2449),.UNSPECIFIED.,.F.,
  .F.,(2,2),(-63.39096581491,-45.39096581491),.PIECEWISE_BEZIER_KNOTS.);
#2448 = CARTESIAN_POINT('',(18.,65.));
#2449 = CARTESIAN_POINT('',(0.,65.));
#2450 = ( GEOMETRIC_REPRESENTATION_CONTEXT(2) 
PARAMETRIC_REPRESENTATION_CONTEXT() REPRESENTATION_CONTEXT('2D SPACE',''
  ) );
#2451 = ORIENTED_EDGE('',*,*,#2452,.T.);
#2452 = EDGE_CURVE('',#2427,#2453,#2455,.T.);
#2453 = VERTEX_POINT('',#2454);
#2454 = CARTESIAN_POINT('',(63.42889654861,90.,110.9685770055));
#2455 = SURFACE_CURVE('',#2456,(#2460,#2466),.PCURVE_S1.);
#2456 = LINE('',#2457,#2458);
#2457 = CARTESIAN_POINT('',(46.700422081775,90.,76.231541843102));
#2458 = VECTOR('',#2459,1.);
#2459 = DIRECTION('',(0.433883739118,0.,0.900968867902));
#2460 = PCURVE('',#160,#2461);
#2461 = DEFINITIONAL_REPRESENTATION('',(#2462),#2465);
#2462 = B_SPLINE_CURVE_WITH_KNOTS('',1,(#2463,#2464),.UNSPECIFIED.,.F.,
  .F.,(2,2),(31.555200295956,38.555200295956),.PIECEWISE_BEZIER_KNOTS.);
#2463 = CARTESIAN_POINT('',(9.661794930183,125.39171037478));
#2464 = CARTESIAN_POINT('',(15.9685770055,128.42889654861));
#2465 = ( GEOMETRIC_REPRESENTATION_CONTEXT(2) 
PARAMETRIC_REPRESENTATION_CONTEXT() REPRESENTATION_CONTEXT('2D SPACE',''
  ) );
#2466 = PCURVE('',#2467,#2472);
#2467 = PLANE('',#2468);
#2468 = AXIS2_PLACEMENT_3D('',#2469,#2470,#2471);
#2469 = CARTESIAN_POINT('',(60.391710374788,25.,104.66179493018));
#2470 = DIRECTION('',(0.900968867902,0.,-0.433883739118));
#2471 = DIRECTION('',(0.433883739118,0.,0.900968867902));
#2472 = DEFINITIONAL_REPRESENTATION('',(#2473),#2476);
#2473 = B_SPLINE_CURVE_WITH_KNOTS('',1,(#2474,#2475),.UNSPECIFIED.,.F.,
  .F.,(2,2),(31.555200295956,38.555200295956),.PIECEWISE_BEZIER_KNOTS.);
#2474 = CARTESIAN_POINT('',(0.,-65.));
#2475 = CARTESIAN_POINT('',(7.,-65.));
#2476 = ( GEOMETRIC_REPRESENTATION_CONTEXT(2) 
PARAMETRIC_REPRESENTATION_CONTEXT() REPRESENTATION_CONTEXT('2D SPACE',''
  ) );
#2477 = ORIENTED_EDGE('',*,*,#2478,.T.);
#2478 = EDGE_CURVE('',#2453,#2401,#2479,.T.);
#2479 = SURFACE_CURVE('',#2480,(#2484,#2490),.PCURVE_S1.);
#2480 = LINE('',#2481,#2482);
#2481 = CARTESIAN_POINT('',(6.315609843108,90.,138.47288627954));
#2482 = VECTOR('',#2483,1.);
#2483 = DIRECTION('',(-0.900968867902,-0.,0.433883739118));
#2484 = PCURVE('',#160,#2485);
#2485 = DEFINITIONAL_REPRESENTATION('',(#2486),#2489);
#2486 = B_SPLINE_CURVE_WITH_KNOTS('',1,(#2487,#2488),.UNSPECIFIED.,.F.,
  .F.,(2,2),(-63.39096581491,-45.39096581491),.PIECEWISE_BEZIER_KNOTS.);
#2487 = CARTESIAN_POINT('',(15.9685770055,128.42889654861));
#2488 = CARTESIAN_POINT('',(23.778484309616,112.21145692636));
#2489 = ( GEOMETRIC_REPRESENTATION_CONTEXT(2) 
PARAMETRIC_REPRESENTATION_CONTEXT() REPRESENTATION_CONTEXT('2D SPACE',''
  ) );
#2490 = PCURVE('',#2491,#2496);
#2491 = PLANE('',#2492);
#2492 = AXIS2_PLACEMENT_3D('',#2493,#2494,#2495);
#2493 = CARTESIAN_POINT('',(47.211456926367,25.,118.77848430961));
#2494 = DIRECTION('',(0.433883739118,0.,0.900968867902));
#2495 = DIRECTION('',(0.900968867902,0.,-0.433883739118));
#2496 = DEFINITIONAL_REPRESENTATION('',(#2497),#2500);
#2497 = B_SPLINE_CURVE_WITH_KNOTS('',1,(#2498,#2499),.UNSPECIFIED.,.F.,
  .F.,(2,2),(-63.39096581491,-45.39096581491),.PIECEWISE_BEZIER_KNOTS.);
#2498 = CARTESIAN_POINT('',(18.,65.));
#2499 = CARTESIAN_POINT('',(0.,65.));
#2500 = ( GEOMETRIC_REPRESENTATION_CONTEXT(2) 
PARAMETRIC_REPRESENTATION_CONTEXT() REPRESENTATION_CONTEXT('2D SPACE',''
  ) );
#2501 = FACE_BOUND('',#2502,.F.);
#2502 = EDGE_LOOP('',(#2503,#2531,#2557,#2583));
#2503 = ORIENTED_EDGE('',*,*,#2504,.F.);
#2504 = EDGE_CURVE('',#2505,#2507,#2509,.T.);
#2505 = VERTEX_POINT('',#2506);
#2506 = CARTESIAN_POINT('',(18.039421332099,90.,119.48150182351));
#2507 = VERTEX_POINT('',#2508);
#2508 = CARTESIAN_POINT('',(19.597067869794,90.,126.30599720878));
#2509 = SURFACE_CURVE('',#2510,(#2514,#2520),.PCURVE_S1.);
#2510 = LINE('',#2511,#2512);
#2511 = CARTESIAN_POINT('',(13.328017968688,90.,98.839494966584));
#2512 = VECTOR('',#2513,1.);
#2513 = DIRECTION('',(0.222520933956,0.,0.974927912182));
#2514 = PCURVE('',#160,#2515);
#2515 = DEFINITIONAL_REPRESENTATION('',(#2516),#2519);
#2516 = B_SPLINE_CURVE_WITH_KNOTS('',1,(#2517,#2518),.UNSPECIFIED.,.F.,
  .F.,(2,2),(21.172854524944,28.172854524944),.PIECEWISE_BEZIER_KNOTS.);
#2517 = CARTESIAN_POINT('',(24.481501823517,83.039421332099));
#2518 = CARTESIAN_POINT('',(31.305997208789,84.597067869794));
#2519 = ( GEOMETRIC_REPRESENTATION_CONTEXT(2) 
PARAMETRIC_REPRESENTATION_CONTEXT() REPRESENTATION_CONTEXT('2D SPACE',''
  ) );
#2520 = PCURVE('',#2521,#2526);
#2521 = PLANE('',#2522);
#2522 = AXIS2_PLACEMENT_3D('',#2523,#2524,#2525);
#2523 = CARTESIAN_POINT('',(18.039421332099,25.,119.48150182351));
#2524 = DIRECTION('',(0.974927912182,0.,-0.222520933956));
#2525 = DIRECTION('',(0.222520933956,0.,0.974927912182));
#2526 = DEFINITIONAL_REPRESENTATION('',(#2527),#2530);
#2527 = B_SPLINE_CURVE_WITH_KNOTS('',1,(#2528,#2529),.UNSPECIFIED.,.F.,
  .F.,(2,2),(21.172854524944,28.172854524944),.PIECEWISE_BEZIER_KNOTS.);
#2528 = CARTESIAN_POINT('',(0.,-65.));
#2529 = CARTESIAN_POINT('',(7.,-65.));
#2530 = ( GEOMETRIC_REPRESENTATION_CONTEXT(2) 
PARAMETRIC_REPRESENTATION_CONTEXT() REPRESENTATION_CONTEXT('2D SPACE',''
  ) );
#2531 = ORIENTED_EDGE('',*,*,#2532,.F.);
#2532 = EDGE_CURVE('',#2533,#2505,#2535,.T.);
#2533 = VERTEX_POINT('',#2534);
#2534 = CARTESIAN_POINT('',(35.588123751372,90.,115.4761250123));
#2535 = SURFACE_CURVE('',#2536,(#2540,#2546),.PCURVE_S1.);
#2536 = LINE('',#2537,#2538);
#2537 = CARTESIAN_POINT('',(-18.76888597053,90.,127.88275776869));
#2538 = VECTOR('',#2539,1.);
#2539 = DIRECTION('',(-0.974927912182,-0.,0.222520933956));
#2540 = PCURVE('',#160,#2541);
#2541 = DEFINITIONAL_REPRESENTATION('',(#2542),#2545);
#2542 = B_SPLINE_CURVE_WITH_KNOTS('',1,(#2543,#2544),.UNSPECIFIED.,.F.,
  .F.,(2,2),(-55.75490150883,-37.75490150883),.PIECEWISE_BEZIER_KNOTS.);
#2543 = CARTESIAN_POINT('',(20.476125012303,100.58812375137));
#2544 = CARTESIAN_POINT('',(24.481501823517,83.039421332099));
#2545 = ( GEOMETRIC_REPRESENTATION_CONTEXT(2) 
PARAMETRIC_REPRESENTATION_CONTEXT() REPRESENTATION_CONTEXT('2D SPACE',''
  ) );
#2546 = PCURVE('',#2547,#2552);
#2547 = PLANE('',#2548);
#2548 = AXIS2_PLACEMENT_3D('',#2549,#2550,#2551);
#2549 = CARTESIAN_POINT('',(18.039421332099,25.,119.48150182351));
#2550 = DIRECTION('',(0.222520933956,0.,0.974927912182));
#2551 = DIRECTION('',(0.974927912182,0.,-0.222520933956));
#2552 = DEFINITIONAL_REPRESENTATION('',(#2553),#2556);
#2553 = B_SPLINE_CURVE_WITH_KNOTS('',1,(#2554,#2555),.UNSPECIFIED.,.F.,
  .F.,(2,2),(-55.75490150883,-37.75490150883),.PIECEWISE_BEZIER_KNOTS.);
#2554 = CARTESIAN_POINT('',(18.,65.));
#2555 = CARTESIAN_POINT('',(0.,65.));
#2556 = ( GEOMETRIC_REPRESENTATION_CONTEXT(2) 
PARAMETRIC_REPRESENTATION_CONTEXT() REPRESENTATION_CONTEXT('2D SPACE',''
  ) );
#2557 = ORIENTED_EDGE('',*,*,#2558,.T.);
#2558 = EDGE_CURVE('',#2533,#2559,#2561,.T.);
#2559 = VERTEX_POINT('',#2560);
#2560 = CARTESIAN_POINT('',(37.145770289066,90.,122.30062039757));
#2561 = SURFACE_CURVE('',#2562,(#2566,#2572),.PCURVE_S1.);
#2562 = LINE('',#2563,#2564);
#2563 = CARTESIAN_POINT('',(30.876720387961,90.,94.83411815537));
#2564 = VECTOR('',#2565,1.);
#2565 = DIRECTION('',(0.222520933956,0.,0.974927912182));
#2566 = PCURVE('',#160,#2567);
#2567 = DEFINITIONAL_REPRESENTATION('',(#2568),#2571);
#2568 = B_SPLINE_CURVE_WITH_KNOTS('',1,(#2569,#2570),.UNSPECIFIED.,.F.,
  .F.,(2,2),(21.172854524944,28.172854524944),.PIECEWISE_BEZIER_KNOTS.);
#2569 = CARTESIAN_POINT('',(20.476125012303,100.58812375137));
#2570 = CARTESIAN_POINT('',(27.300620397576,102.14577028906));
#2571 = ( GEOMETRIC_REPRESENTATION_CONTEXT(2) 
PARAMETRIC_REPRESENTATION_CONTEXT() REPRESENTATION_CONTEXT('2D SPACE',''
  ) );
#2572 = PCURVE('',#2573,#2578);
#2573 = PLANE('',#2574);
#2574 = AXIS2_PLACEMENT_3D('',#2575,#2576,#2577);
#2575 = CARTESIAN_POINT('',(35.588123751372,25.,115.4761250123));
#2576 = DIRECTION('',(0.974927912182,0.,-0.222520933956));
#2577 = DIRECTION('',(0.222520933956,0.,0.974927912182));
#2578 = DEFINITIONAL_REPRESENTATION('',(#2579),#2582);
#2579 = B_SPLINE_CURVE_WITH_KNOTS('',1,(#2580,#2581),.UNSPECIFIED.,.F.,
  .F.,(2,2),(21.172854524944,28.172854524944),.PIECEWISE_BEZIER_KNOTS.);
#2580 = CARTESIAN_POINT('',(0.,-65.));
#2581 = CARTESIAN_POINT('',(7.,-65.));
#2582 = ( GEOMETRIC_REPRESENTATION_CONTEXT(2) 
PARAMETRIC_REPRESENTATION_CONTEXT() REPRESENTATION_CONTEXT('2D SPACE',''
  ) );
#2583 = ORIENTED_EDGE('',*,*,#2584,.T.);
#2584 = EDGE_CURVE('',#2559,#2507,#2585,.T.);
#2585 = SURFACE_CURVE('',#2586,(#2590,#2596),.PCURVE_S1.);
#2586 = LINE('',#2587,#2588);
#2587 = CARTESIAN_POINT('',(-17.21123943284,90.,134.70725315396));
#2588 = VECTOR('',#2589,1.);
#2589 = DIRECTION('',(-0.974927912182,-0.,0.222520933956));
#2590 = PCURVE('',#160,#2591);
#2591 = DEFINITIONAL_REPRESENTATION('',(#2592),#2595);
#2592 = B_SPLINE_CURVE_WITH_KNOTS('',1,(#2593,#2594),.UNSPECIFIED.,.F.,
  .F.,(2,2),(-55.75490150883,-37.75490150883),.PIECEWISE_BEZIER_KNOTS.);
#2593 = CARTESIAN_POINT('',(27.300620397576,102.14577028906));
#2594 = CARTESIAN_POINT('',(31.305997208789,84.597067869794));
#2595 = ( GEOMETRIC_REPRESENTATION_CONTEXT(2) 
PARAMETRIC_REPRESENTATION_CONTEXT() REPRESENTATION_CONTEXT('2D SPACE',''
  ) );
#2596 = PCURVE('',#2597,#2602);
#2597 = PLANE('',#2598);
#2598 = AXIS2_PLACEMENT_3D('',#2599,#2600,#2601);
#2599 = CARTESIAN_POINT('',(19.597067869794,25.,126.30599720878));
#2600 = DIRECTION('',(0.222520933956,0.,0.974927912182));
#2601 = DIRECTION('',(0.974927912182,0.,-0.222520933956));
#2602 = DEFINITIONAL_REPRESENTATION('',(#2603),#2606);
#2603 = B_SPLINE_CURVE_WITH_KNOTS('',1,(#2604,#2605),.UNSPECIFIED.,.F.,
  .F.,(2,2),(-55.75490150883,-37.75490150883),.PIECEWISE_BEZIER_KNOTS.);
#2604 = CARTESIAN_POINT('',(18.,65.));
#2605 = CARTESIAN_POINT('',(0.,65.));
#2606 = ( GEOMETRIC_REPRESENTATION_CONTEXT(2) 
PARAMETRIC_REPRESENTATION_CONTEXT() REPRESENTATION_CONTEXT('2D SPACE',''
  ) );
#2607 = FACE_BOUND('',#2608,.F.);
#2608 = EDGE_LOOP('',(#2609,#2637,#2663,#2689));
#2609 = ORIENTED_EDGE('',*,*,#2610,.F.);
#2610 = EDGE_CURVE('',#2611,#2613,#2615,.T.);
#2611 = VERTEX_POINT('',#2612);
#2612 = CARTESIAN_POINT('',(-9.,90.,120.5));
#2613 = VERTEX_POINT('',#2614);
#2614 = CARTESIAN_POINT('',(-9.,90.,127.5));
#2615 = SURFACE_CURVE('',#2616,(#2620,#2626),.PCURVE_S1.);
#2616 = LINE('',#2617,#2618);
#2617 = CARTESIAN_POINT('',(-9.,90.,107.75));
#2618 = VECTOR('',#2619,1.);
#2619 = DIRECTION('',(0.,-0.,1.));
#2620 = PCURVE('',#160,#2621);
#2621 = DEFINITIONAL_REPRESENTATION('',(#2622),#2625);
#2622 = B_SPLINE_CURVE_WITH_KNOTS('',1,(#2623,#2624),.UNSPECIFIED.,.F.,
  .F.,(2,2),(12.75,19.75),.PIECEWISE_BEZIER_KNOTS.);
#2623 = CARTESIAN_POINT('',(25.5,56.));
#2624 = CARTESIAN_POINT('',(32.5,56.));
#2625 = ( GEOMETRIC_REPRESENTATION_CONTEXT(2) 
PARAMETRIC_REPRESENTATION_CONTEXT() REPRESENTATION_CONTEXT('2D SPACE',''
  ) );
#2626 = PCURVE('',#2627,#2632);
#2627 = PLANE('',#2628);
#2628 = AXIS2_PLACEMENT_3D('',#2629,#2630,#2631);
#2629 = CARTESIAN_POINT('',(-9.,25.,120.5));
#2630 = DIRECTION('',(1.,0.,0.));
#2631 = DIRECTION('',(0.,0.,1.));
#2632 = DEFINITIONAL_REPRESENTATION('',(#2633),#2636);
#2633 = B_SPLINE_CURVE_WITH_KNOTS('',1,(#2634,#2635),.UNSPECIFIED.,.F.,
  .F.,(2,2),(12.75,19.75),.PIECEWISE_BEZIER_KNOTS.);
#2634 = CARTESIAN_POINT('',(0.,-65.));
#2635 = CARTESIAN_POINT('',(7.,-65.));
#2636 = ( GEOMETRIC_REPRESENTATION_CONTEXT(2) 
PARAMETRIC_REPRESENTATION_CONTEXT() REPRESENTATION_CONTEXT('2D SPACE',''
  ) );
#2637 = ORIENTED_EDGE('',*,*,#2638,.F.);
#2638 = EDGE_CURVE('',#2639,#2611,#2641,.T.);
#2639 = VERTEX_POINT('',#2640);
#2640 = CARTESIAN_POINT('',(9.,90.,120.5));
#2641 = SURFACE_CURVE('',#2642,(#2646,#2652),.PCURVE_S1.);
#2642 = LINE('',#2643,#2644);
#2643 = CARTESIAN_POINT('',(-37.,90.,120.5));
#2644 = VECTOR('',#2645,1.);
#2645 = DIRECTION('',(-1.,-0.,0.));
#2646 = PCURVE('',#160,#2647);
#2647 = DEFINITIONAL_REPRESENTATION('',(#2648),#2651);
#2648 = B_SPLINE_CURVE_WITH_KNOTS('',1,(#2649,#2650),.UNSPECIFIED.,.F.,
  .F.,(2,2),(-46.,-28.),.PIECEWISE_BEZIER_KNOTS.);
#2649 = CARTESIAN_POINT('',(25.5,74.));
#2650 = CARTESIAN_POINT('',(25.5,56.));
#2651 = ( GEOMETRIC_REPRESENTATION_CONTEXT(2) 
PARAMETRIC_REPRESENTATION_CONTEXT() REPRESENTATION_CONTEXT('2D SPACE',''
  ) );
#2652 = PCURVE('',#2653,#2658);
#2653 = PLANE('',#2654);
#2654 = AXIS2_PLACEMENT_3D('',#2655,#2656,#2657);
#2655 = CARTESIAN_POINT('',(-9.,25.,120.5));
#2656 = DIRECTION('',(0.,0.,1.));
#2657 = DIRECTION('',(1.,0.,0.));
#2658 = DEFINITIONAL_REPRESENTATION('',(#2659),#2662);
#2659 = B_SPLINE_CURVE_WITH_KNOTS('',1,(#2660,#2661),.UNSPECIFIED.,.F.,
  .F.,(2,2),(-46.,-28.),.PIECEWISE_BEZIER_KNOTS.);
#2660 = CARTESIAN_POINT('',(18.,65.));
#2661 = CARTESIAN_POINT('',(0.,65.));
#2662 = ( GEOMETRIC_REPRESENTATION_CONTEXT(2) 
PARAMETRIC_REPRESENTATION_CONTEXT() REPRESENTATION_CONTEXT('2D SPACE',''
  ) );
#2663 = ORIENTED_EDGE('',*,*,#2664,.T.);
#2664 = EDGE_CURVE('',#2639,#2665,#2667,.T.);
#2665 = VERTEX_POINT('',#2666);
#2666 = CARTESIAN_POINT('',(9.,90.,127.5));
#2667 = SURFACE_CURVE('',#2668,(#2672,#2678),.PCURVE_S1.);
#2668 = LINE('',#2669,#2670);
#2669 = CARTESIAN_POINT('',(9.,90.,107.75));
#2670 = VECTOR('',#2671,1.);
#2671 = DIRECTION('',(0.,-0.,1.));
#2672 = PCURVE('',#160,#2673);
#2673 = DEFINITIONAL_REPRESENTATION('',(#2674),#2677);
#2674 = B_SPLINE_CURVE_WITH_KNOTS('',1,(#2675,#2676),.UNSPECIFIED.,.F.,
  .F.,(2,2),(12.75,19.75),.PIECEWISE_BEZIER_KNOTS.);
#2675 = CARTESIAN_POINT('',(25.5,74.));
#2676 = CARTESIAN_POINT('',(32.5,74.));
#2677 = ( GEOMETRIC_REPRESENTATION_CONTEXT(2) 
PARAMETRIC_REPRESENTATION_CONTEXT() REPRESENTATION_CONTEXT('2D SPACE',''
  ) );
#2678 = PCURVE('',#2679,#2684);
#2679 = PLANE('',#2680);
#2680 = AXIS2_PLACEMENT_3D('',#2681,#2682,#2683);
#2681 = CARTESIAN_POINT('',(9.,25.,120.5));
#2682 = DIRECTION('',(1.,0.,0.));
#2683 = DIRECTION('',(0.,0.,1.));
#2684 = DEFINITIONAL_REPRESENTATION('',(#2685),#2688);
#2685 = B_SPLINE_CURVE_WITH_KNOTS('',1,(#2686,#2687),.UNSPECIFIED.,.F.,
  .F.,(2,2),(12.75,19.75),.PIECEWISE_BEZIER_KNOTS.);
#2686 = CARTESIAN_POINT('',(0.,-65.));
#2687 = CARTESIAN_POINT('',(7.,-65.));
#2688 = ( GEOMETRIC_REPRESENTATION_CONTEXT(2) 
PARAMETRIC_REPRESENTATION_CONTEXT() REPRESENTATION_CONTEXT('2D SPACE',''
  ) );
#2689 = ORIENTED_EDGE('',*,*,#2690,.T.);
#2690 = EDGE_CURVE('',#2665,#2613,#2691,.T.);
#2691 = SURFACE_CURVE('',#2692,(#2696,#2702),.PCURVE_S1.);
#2692 = LINE('',#2693,#2694);
#2693 = CARTESIAN_POINT('',(-37.,90.,127.5));
#2694 = VECTOR('',#2695,1.);
#2695 = DIRECTION('',(-1.,-0.,0.));
#2696 = PCURVE('',#160,#2697);
#2697 = DEFINITIONAL_REPRESENTATION('',(#2698),#2701);
#2698 = B_SPLINE_CURVE_WITH_KNOTS('',1,(#2699,#2700),.UNSPECIFIED.,.F.,
  .F.,(2,2),(-46.,-28.),.PIECEWISE_BEZIER_KNOTS.);
#2699 = CARTESIAN_POINT('',(32.5,74.));
#2700 = CARTESIAN_POINT('',(32.5,56.));
#2701 = ( GEOMETRIC_REPRESENTATION_CONTEXT(2) 
PARAMETRIC_REPRESENTATION_CONTEXT() REPRESENTATION_CONTEXT('2D SPACE',''
  ) );
#2702 = PCURVE('',#2703,#2708);
#2703 = PLANE('',#2704);
#2704 = AXIS2_PLACEMENT_3D('',#2705,#2706,#2707);
#2705 = CARTESIAN_POINT('',(-9.,25.,127.5));
#2706 = DIRECTION('',(0.,0.,1.));
#2707 = DIRECTION('',(1.,0.,0.));
#2708 = DEFINITIONAL_REPRESENTATION('',(#2709),#2712);
#2709 = B_SPLINE_CURVE_WITH_KNOTS('',1,(#2710,#2711),.UNSPECIFIED.,.F.,
  .F.,(2,2),(-46.,-28.),.PIECEWISE_BEZIER_KNOTS.);
#2710 = CARTESIAN_POINT('',(18.,65.));
#2711 = CARTESIAN_POINT('',(0.,65.));
#2712 = ( GEOMETRIC_REPRESENTATION_CONTEXT(2) 
PARAMETRIC_REPRESENTATION_CONTEXT() REPRESENTATION_CONTEXT('2D SPACE',''
  ) );
#2713 = ADVANCED_FACE('',(#2714),#2653,.F.);
#2714 = FACE_BOUND('',#2715,.F.);
#2715 = EDGE_LOOP('',(#2716,#2739,#2767,#2788));
#2716 = ORIENTED_EDGE('',*,*,#2717,.F.);
#2717 = EDGE_CURVE('',#2718,#2611,#2720,.T.);
#2718 = VERTEX_POINT('',#2719);
#2719 = CARTESIAN_POINT('',(-9.,25.,120.5));
#2720 = SURFACE_CURVE('',#2721,(#2725,#2732),.PCURVE_S1.);
#2721 = LINE('',#2722,#2723);
#2722 = CARTESIAN_POINT('',(-9.,25.,120.5));
#2723 = VECTOR('',#2724,1.);
#2724 = DIRECTION('',(0.,1.,0.));
#2725 = PCURVE('',#2653,#2726);
#2726 = DEFINITIONAL_REPRESENTATION('',(#2727),#2731);
#2727 = LINE('',#2728,#2729);
#2728 = CARTESIAN_POINT('',(0.,0.));
#2729 = VECTOR('',#2730,1.);
#2730 = DIRECTION('',(0.,1.));
#2731 = ( GEOMETRIC_REPRESENTATION_CONTEXT(2) 
PARAMETRIC_REPRESENTATION_CONTEXT() REPRESENTATION_CONTEXT('2D SPACE',''
  ) );
#2732 = PCURVE('',#2627,#2733);
#2733 = DEFINITIONAL_REPRESENTATION('',(#2734),#2738);
#2734 = LINE('',#2735,#2736);
#2735 = CARTESIAN_POINT('',(0.,0.));
#2736 = VECTOR('',#2737,1.);
#2737 = DIRECTION('',(0.,-1.));
#2738 = ( GEOMETRIC_REPRESENTATION_CONTEXT(2) 
PARAMETRIC_REPRESENTATION_CONTEXT() REPRESENTATION_CONTEXT('2D SPACE',''
  ) );
#2739 = ORIENTED_EDGE('',*,*,#2740,.T.);
#2740 = EDGE_CURVE('',#2718,#2741,#2743,.T.);
#2741 = VERTEX_POINT('',#2742);
#2742 = CARTESIAN_POINT('',(9.,25.,120.5));
#2743 = SURFACE_CURVE('',#2744,(#2748,#2755),.PCURVE_S1.);
#2744 = LINE('',#2745,#2746);
#2745 = CARTESIAN_POINT('',(-9.,25.,120.5));
#2746 = VECTOR('',#2747,1.);
#2747 = DIRECTION('',(1.,0.,0.));
#2748 = PCURVE('',#2653,#2749);
#2749 = DEFINITIONAL_REPRESENTATION('',(#2750),#2754);
#2750 = LINE('',#2751,#2752);
#2751 = CARTESIAN_POINT('',(0.,0.));
#2752 = VECTOR('',#2753,1.);
#2753 = DIRECTION('',(1.,0.));
#2754 = ( GEOMETRIC_REPRESENTATION_CONTEXT(2) 
PARAMETRIC_REPRESENTATION_CONTEXT() REPRESENTATION_CONTEXT('2D SPACE',''
  ) );
#2755 = PCURVE('',#2756,#2761);
#2756 = PLANE('',#2757);
#2757 = AXIS2_PLACEMENT_3D('',#2758,#2759,#2760);
#2758 = CARTESIAN_POINT('',(-9.,25.,120.5));
#2759 = DIRECTION('',(0.,1.,0.));
#2760 = DIRECTION('',(0.,0.,1.));
#2761 = DEFINITIONAL_REPRESENTATION('',(#2762),#2766);
#2762 = LINE('',#2763,#2764);
#2763 = CARTESIAN_POINT('',(0.,0.));
#2764 = VECTOR('',#2765,1.);
#2765 = DIRECTION('',(0.,1.));
#2766 = ( GEOMETRIC_REPRESENTATION_CONTEXT(2) 
PARAMETRIC_REPRESENTATION_CONTEXT() REPRESENTATION_CONTEXT('2D SPACE',''
  ) );
#2767 = ORIENTED_EDGE('',*,*,#2768,.T.);
#2768 = EDGE_CURVE('',#2741,#2639,#2769,.T.);
#2769 = SURFACE_CURVE('',#2770,(#2774,#2781),.PCURVE_S1.);
#2770 = LINE('',#2771,#2772);
#2771 = CARTESIAN_POINT('',(9.,25.,120.5));
#2772 = VECTOR('',#2773,1.);
#2773 = DIRECTION('',(0.,1.,0.));
#2774 = PCURVE('',#2653,#2775);
#2775 = DEFINITIONAL_REPRESENTATION('',(#2776),#2780);
#2776 = LINE('',#2777,#2778);
#2777 = CARTESIAN_POINT('',(18.,0.));
#2778 = VECTOR('',#2779,1.);
#2779 = DIRECTION('',(0.,1.));
#2780 = ( GEOMETRIC_REPRESENTATION_CONTEXT(2) 
PARAMETRIC_REPRESENTATION_CONTEXT() REPRESENTATION_CONTEXT('2D SPACE',''
  ) );
#2781 = PCURVE('',#2679,#2782);
#2782 = DEFINITIONAL_REPRESENTATION('',(#2783),#2787);
#2783 = LINE('',#2784,#2785);
#2784 = CARTESIAN_POINT('',(0.,0.));
#2785 = VECTOR('',#2786,1.);
#2786 = DIRECTION('',(0.,-1.));
#2787 = ( GEOMETRIC_REPRESENTATION_CONTEXT(2) 
PARAMETRIC_REPRESENTATION_CONTEXT() REPRESENTATION_CONTEXT('2D SPACE',''
  ) );
#2788 = ORIENTED_EDGE('',*,*,#2638,.T.);
#2789 = ADVANCED_FACE('',(#2790),#2756,.F.);
#2790 = FACE_BOUND('',#2791,.F.);
#2791 = EDGE_LOOP('',(#2792,#2793,#2816,#2839));
#2792 = ORIENTED_EDGE('',*,*,#2740,.F.);
#2793 = ORIENTED_EDGE('',*,*,#2794,.T.);
#2794 = EDGE_CURVE('',#2718,#2795,#2797,.T.);
#2795 = VERTEX_POINT('',#2796);
#2796 = CARTESIAN_POINT('',(-9.,25.,127.5));
#2797 = SURFACE_CURVE('',#2798,(#2802,#2809),.PCURVE_S1.);
#2798 = LINE('',#2799,#2800);
#2799 = CARTESIAN_POINT('',(-9.,25.,120.5));
#2800 = VECTOR('',#2801,1.);
#2801 = DIRECTION('',(0.,0.,1.));
#2802 = PCURVE('',#2756,#2803);
#2803 = DEFINITIONAL_REPRESENTATION('',(#2804),#2808);
#2804 = LINE('',#2805,#2806);
#2805 = CARTESIAN_POINT('',(0.,0.));
#2806 = VECTOR('',#2807,1.);
#2807 = DIRECTION('',(1.,0.));
#2808 = ( GEOMETRIC_REPRESENTATION_CONTEXT(2) 
PARAMETRIC_REPRESENTATION_CONTEXT() REPRESENTATION_CONTEXT('2D SPACE',''
  ) );
#2809 = PCURVE('',#2627,#2810);
#2810 = DEFINITIONAL_REPRESENTATION('',(#2811),#2815);
#2811 = LINE('',#2812,#2813);
#2812 = CARTESIAN_POINT('',(0.,0.));
#2813 = VECTOR('',#2814,1.);
#2814 = DIRECTION('',(1.,0.));
#2815 = ( GEOMETRIC_REPRESENTATION_CONTEXT(2) 
PARAMETRIC_REPRESENTATION_CONTEXT() REPRESENTATION_CONTEXT('2D SPACE',''
  ) );
#2816 = ORIENTED_EDGE('',*,*,#2817,.T.);
#2817 = EDGE_CURVE('',#2795,#2818,#2820,.T.);
#2818 = VERTEX_POINT('',#2819);
#2819 = CARTESIAN_POINT('',(9.,25.,127.5));
#2820 = SURFACE_CURVE('',#2821,(#2825,#2832),.PCURVE_S1.);
#2821 = LINE('',#2822,#2823);
#2822 = CARTESIAN_POINT('',(-9.,25.,127.5));
#2823 = VECTOR('',#2824,1.);
#2824 = DIRECTION('',(1.,0.,0.));
#2825 = PCURVE('',#2756,#2826);
#2826 = DEFINITIONAL_REPRESENTATION('',(#2827),#2831);
#2827 = LINE('',#2828,#2829);
#2828 = CARTESIAN_POINT('',(7.,0.));
#2829 = VECTOR('',#2830,1.);
#2830 = DIRECTION('',(0.,1.));
#2831 = ( GEOMETRIC_REPRESENTATION_CONTEXT(2) 
PARAMETRIC_REPRESENTATION_CONTEXT() REPRESENTATION_CONTEXT('2D SPACE',''
  ) );
#2832 = PCURVE('',#2703,#2833);
#2833 = DEFINITIONAL_REPRESENTATION('',(#2834),#2838);
#2834 = LINE('',#2835,#2836);
#2835 = CARTESIAN_POINT('',(0.,0.));
#2836 = VECTOR('',#2837,1.);
#2837 = DIRECTION('',(1.,0.));
#2838 = ( GEOMETRIC_REPRESENTATION_CONTEXT(2) 
PARAMETRIC_REPRESENTATION_CONTEXT() REPRESENTATION_CONTEXT('2D SPACE',''
  ) );
#2839 = ORIENTED_EDGE('',*,*,#2840,.F.);
#2840 = EDGE_CURVE('',#2741,#2818,#2841,.T.);
#2841 = SURFACE_CURVE('',#2842,(#2846,#2853),.PCURVE_S1.);
#2842 = LINE('',#2843,#2844);
#2843 = CARTESIAN_POINT('',(9.,25.,120.5));
#2844 = VECTOR('',#2845,1.);
#2845 = DIRECTION('',(0.,0.,1.));
#2846 = PCURVE('',#2756,#2847);
#2847 = DEFINITIONAL_REPRESENTATION('',(#2848),#2852);
#2848 = LINE('',#2849,#2850);
#2849 = CARTESIAN_POINT('',(0.,18.));
#2850 = VECTOR('',#2851,1.);
#2851 = DIRECTION('',(1.,0.));
#2852 = ( GEOMETRIC_REPRESENTATION_CONTEXT(2) 
PARAMETRIC_REPRESENTATION_CONTEXT() REPRESENTATION_CONTEXT('2D SPACE',''
  ) );
#2853 = PCURVE('',#2679,#2854);
#2854 = DEFINITIONAL_REPRESENTATION('',(#2855),#2859);
#2855 = LINE('',#2856,#2857);
#2856 = CARTESIAN_POINT('',(0.,0.));
#2857 = VECTOR('',#2858,1.);
#2858 = DIRECTION('',(1.,0.));
#2859 = ( GEOMETRIC_REPRESENTATION_CONTEXT(2) 
PARAMETRIC_REPRESENTATION_CONTEXT() REPRESENTATION_CONTEXT('2D SPACE',''
  ) );
#2860 = ADVANCED_FACE('',(#2861),#2679,.T.);
#2861 = FACE_BOUND('',#2862,.T.);
#2862 = EDGE_LOOP('',(#2863,#2884,#2885,#2886));
#2863 = ORIENTED_EDGE('',*,*,#2864,.F.);
#2864 = EDGE_CURVE('',#2818,#2665,#2865,.T.);
#2865 = SURFACE_CURVE('',#2866,(#2870,#2877),.PCURVE_S1.);
#2866 = LINE('',#2867,#2868);
#2867 = CARTESIAN_POINT('',(9.,25.,127.5));
#2868 = VECTOR('',#2869,1.);
#2869 = DIRECTION('',(0.,1.,0.));
#2870 = PCURVE('',#2679,#2871);
#2871 = DEFINITIONAL_REPRESENTATION('',(#2872),#2876);
#2872 = LINE('',#2873,#2874);
#2873 = CARTESIAN_POINT('',(7.,0.));
#2874 = VECTOR('',#2875,1.);
#2875 = DIRECTION('',(0.,-1.));
#2876 = ( GEOMETRIC_REPRESENTATION_CONTEXT(2) 
PARAMETRIC_REPRESENTATION_CONTEXT() REPRESENTATION_CONTEXT('2D SPACE',''
  ) );
#2877 = PCURVE('',#2703,#2878);
#2878 = DEFINITIONAL_REPRESENTATION('',(#2879),#2883);
#2879 = LINE('',#2880,#2881);
#2880 = CARTESIAN_POINT('',(18.,0.));
#2881 = VECTOR('',#2882,1.);
#2882 = DIRECTION('',(0.,1.));
#2883 = ( GEOMETRIC_REPRESENTATION_CONTEXT(2) 
PARAMETRIC_REPRESENTATION_CONTEXT() REPRESENTATION_CONTEXT('2D SPACE',''
  ) );
#2884 = ORIENTED_EDGE('',*,*,#2840,.F.);
#2885 = ORIENTED_EDGE('',*,*,#2768,.T.);
#2886 = ORIENTED_EDGE('',*,*,#2664,.T.);
#2887 = ADVANCED_FACE('',(#2888),#2703,.T.);
#2888 = FACE_BOUND('',#2889,.T.);
#2889 = EDGE_LOOP('',(#2890,#2911,#2912,#2913));
#2890 = ORIENTED_EDGE('',*,*,#2891,.F.);
#2891 = EDGE_CURVE('',#2795,#2613,#2892,.T.);
#2892 = SURFACE_CURVE('',#2893,(#2897,#2904),.PCURVE_S1.);
#2893 = LINE('',#2894,#2895);
#2894 = CARTESIAN_POINT('',(-9.,25.,127.5));
#2895 = VECTOR('',#2896,1.);
#2896 = DIRECTION('',(0.,1.,0.));
#2897 = PCURVE('',#2703,#2898);
#2898 = DEFINITIONAL_REPRESENTATION('',(#2899),#2903);
#2899 = LINE('',#2900,#2901);
#2900 = CARTESIAN_POINT('',(0.,0.));
#2901 = VECTOR('',#2902,1.);
#2902 = DIRECTION('',(0.,1.));
#2903 = ( GEOMETRIC_REPRESENTATION_CONTEXT(2) 
PARAMETRIC_REPRESENTATION_CONTEXT() REPRESENTATION_CONTEXT('2D SPACE',''
  ) );
#2904 = PCURVE('',#2627,#2905);
#2905 = DEFINITIONAL_REPRESENTATION('',(#2906),#2910);
#2906 = LINE('',#2907,#2908);
#2907 = CARTESIAN_POINT('',(7.,0.));
#2908 = VECTOR('',#2909,1.);
#2909 = DIRECTION('',(0.,-1.));
#2910 = ( GEOMETRIC_REPRESENTATION_CONTEXT(2) 
PARAMETRIC_REPRESENTATION_CONTEXT() REPRESENTATION_CONTEXT('2D SPACE',''
  ) );
#2911 = ORIENTED_EDGE('',*,*,#2817,.T.);
#2912 = ORIENTED_EDGE('',*,*,#2864,.T.);
#2913 = ORIENTED_EDGE('',*,*,#2690,.T.);
#2914 = ADVANCED_FACE('',(#2915),#2627,.F.);
#2915 = FACE_BOUND('',#2916,.F.);
#2916 = EDGE_LOOP('',(#2917,#2918,#2919,#2920));
#2917 = ORIENTED_EDGE('',*,*,#2891,.F.);
#2918 = ORIENTED_EDGE('',*,*,#2794,.F.);
#2919 = ORIENTED_EDGE('',*,*,#2717,.T.);
#2920 = ORIENTED_EDGE('',*,*,#2610,.T.);
#2921 = ADVANCED_FACE('',(#2922),#2547,.F.);
#2922 = FACE_BOUND('',#2923,.F.);
#2923 = EDGE_LOOP('',(#2924,#2947,#2975,#2996));
#2924 = ORIENTED_EDGE('',*,*,#2925,.F.);
#2925 = EDGE_CURVE('',#2926,#2505,#2928,.T.);
#2926 = VERTEX_POINT('',#2927);
#2927 = CARTESIAN_POINT('',(18.039421332099,25.,119.48150182351));
#2928 = SURFACE_CURVE('',#2929,(#2933,#2940),.PCURVE_S1.);
#2929 = LINE('',#2930,#2931);
#2930 = CARTESIAN_POINT('',(18.039421332099,25.,119.48150182351));
#2931 = VECTOR('',#2932,1.);
#2932 = DIRECTION('',(0.,1.,0.));
#2933 = PCURVE('',#2547,#2934);
#2934 = DEFINITIONAL_REPRESENTATION('',(#2935),#2939);
#2935 = LINE('',#2936,#2937);
#2936 = CARTESIAN_POINT('',(0.,0.));
#2937 = VECTOR('',#2938,1.);
#2938 = DIRECTION('',(0.,1.));
#2939 = ( GEOMETRIC_REPRESENTATION_CONTEXT(2) 
PARAMETRIC_REPRESENTATION_CONTEXT() REPRESENTATION_CONTEXT('2D SPACE',''
  ) );
#2940 = PCURVE('',#2521,#2941);
#2941 = DEFINITIONAL_REPRESENTATION('',(#2942),#2946);
#2942 = LINE('',#2943,#2944);
#2943 = CARTESIAN_POINT('',(0.,0.));
#2944 = VECTOR('',#2945,1.);
#2945 = DIRECTION('',(0.,-1.));
#2946 = ( GEOMETRIC_REPRESENTATION_CONTEXT(2) 
PARAMETRIC_REPRESENTATION_CONTEXT() REPRESENTATION_CONTEXT('2D SPACE',''
  ) );
#2947 = ORIENTED_EDGE('',*,*,#2948,.T.);
#2948 = EDGE_CURVE('',#2926,#2949,#2951,.T.);
#2949 = VERTEX_POINT('',#2950);
#2950 = CARTESIAN_POINT('',(35.588123751372,25.,115.4761250123));
#2951 = SURFACE_CURVE('',#2952,(#2956,#2963),.PCURVE_S1.);
#2952 = LINE('',#2953,#2954);
#2953 = CARTESIAN_POINT('',(18.039421332099,25.,119.48150182351));
#2954 = VECTOR('',#2955,1.);
#2955 = DIRECTION('',(0.974927912182,0.,-0.222520933956));
#2956 = PCURVE('',#2547,#2957);
#2957 = DEFINITIONAL_REPRESENTATION('',(#2958),#2962);
#2958 = LINE('',#2959,#2960);
#2959 = CARTESIAN_POINT('',(0.,0.));
#2960 = VECTOR('',#2961,1.);
#2961 = DIRECTION('',(1.,0.));
#2962 = ( GEOMETRIC_REPRESENTATION_CONTEXT(2) 
PARAMETRIC_REPRESENTATION_CONTEXT() REPRESENTATION_CONTEXT('2D SPACE',''
  ) );
#2963 = PCURVE('',#2964,#2969);
#2964 = PLANE('',#2965);
#2965 = AXIS2_PLACEMENT_3D('',#2966,#2967,#2968);
#2966 = CARTESIAN_POINT('',(18.039421332099,25.,119.48150182351));
#2967 = DIRECTION('',(0.,1.,0.));
#2968 = DIRECTION('',(0.222520933956,0.,0.974927912182));
#2969 = DEFINITIONAL_REPRESENTATION('',(#2970),#2974);
#2970 = LINE('',#2971,#2972);
#2971 = CARTESIAN_POINT('',(0.,0.));
#2972 = VECTOR('',#2973,1.);
#2973 = DIRECTION('',(0.,1.));
#2974 = ( GEOMETRIC_REPRESENTATION_CONTEXT(2) 
PARAMETRIC_REPRESENTATION_CONTEXT() REPRESENTATION_CONTEXT('2D SPACE',''
  ) );
#2975 = ORIENTED_EDGE('',*,*,#2976,.T.);
#2976 = EDGE_CURVE('',#2949,#2533,#2977,.T.);
#2977 = SURFACE_CURVE('',#2978,(#2982,#2989),.PCURVE_S1.);
#2978 = LINE('',#2979,#2980);
#2979 = CARTESIAN_POINT('',(35.588123751372,25.,115.4761250123));
#2980 = VECTOR('',#2981,1.);
#2981 = DIRECTION('',(0.,1.,0.));
#2982 = PCURVE('',#2547,#2983);
#2983 = DEFINITIONAL_REPRESENTATION('',(#2984),#2988);
#2984 = LINE('',#2985,#2986);
#2985 = CARTESIAN_POINT('',(18.,0.));
#2986 = VECTOR('',#2987,1.);
#2987 = DIRECTION('',(0.,1.));
#2988 = ( GEOMETRIC_REPRESENTATION_CONTEXT(2) 
PARAMETRIC_REPRESENTATION_CONTEXT() REPRESENTATION_CONTEXT('2D SPACE',''
  ) );
#2989 = PCURVE('',#2573,#2990);
#2990 = DEFINITIONAL_REPRESENTATION('',(#2991),#2995);
#2991 = LINE('',#2992,#2993);
#2992 = CARTESIAN_POINT('',(0.,0.));
#2993 = VECTOR('',#2994,1.);
#2994 = DIRECTION('',(0.,-1.));
#2995 = ( GEOMETRIC_REPRESENTATION_CONTEXT(2) 
PARAMETRIC_REPRESENTATION_CONTEXT() REPRESENTATION_CONTEXT('2D SPACE',''
  ) );
#2996 = ORIENTED_EDGE('',*,*,#2532,.T.);
#2997 = ADVANCED_FACE('',(#2998),#2964,.F.);
#2998 = FACE_BOUND('',#2999,.F.);
#2999 = EDGE_LOOP('',(#3000,#3001,#3024,#3047));
#3000 = ORIENTED_EDGE('',*,*,#2948,.F.);
#3001 = ORIENTED_EDGE('',*,*,#3002,.T.);
#3002 = EDGE_CURVE('',#2926,#3003,#3005,.T.);
#3003 = VERTEX_POINT('',#3004);
#3004 = CARTESIAN_POINT('',(19.597067869794,25.,126.30599720878));
#3005 = SURFACE_CURVE('',#3006,(#3010,#3017),.PCURVE_S1.);
#3006 = LINE('',#3007,#3008);
#3007 = CARTESIAN_POINT('',(18.039421332099,25.,119.48150182351));
#3008 = VECTOR('',#3009,1.);
#3009 = DIRECTION('',(0.222520933956,0.,0.974927912182));
#3010 = PCURVE('',#2964,#3011);
#3011 = DEFINITIONAL_REPRESENTATION('',(#3012),#3016);
#3012 = LINE('',#3013,#3014);
#3013 = CARTESIAN_POINT('',(0.,0.));
#3014 = VECTOR('',#3015,1.);
#3015 = DIRECTION('',(1.,0.));
#3016 = ( GEOMETRIC_REPRESENTATION_CONTEXT(2) 
PARAMETRIC_REPRESENTATION_CONTEXT() REPRESENTATION_CONTEXT('2D SPACE',''
  ) );
#3017 = PCURVE('',#2521,#3018);
#3018 = DEFINITIONAL_REPRESENTATION('',(#3019),#3023);
#3019 = LINE('',#3020,#3021);
#3020 = CARTESIAN_POINT('',(0.,0.));
#3021 = VECTOR('',#3022,1.);
#3022 = DIRECTION('',(1.,0.));
#3023 = ( GEOMETRIC_REPRESENTATION_CONTEXT(2) 
PARAMETRIC_REPRESENTATION_CONTEXT() REPRESENTATION_CONTEXT('2D SPACE',''
  ) );
#3024 = ORIENTED_EDGE('',*,*,#3025,.T.);
#3025 = EDGE_CURVE('',#3003,#3026,#3028,.T.);
#3026 = VERTEX_POINT('',#3027);
#3027 = CARTESIAN_POINT('',(37.145770289066,25.,122.30062039757));
#3028 = SURFACE_CURVE('',#3029,(#3033,#3040),.PCURVE_S1.);
#3029 = LINE('',#3030,#3031);
#3030 = CARTESIAN_POINT('',(19.597067869794,25.,126.30599720878));
#3031 = VECTOR('',#3032,1.);
#3032 = DIRECTION('',(0.974927912182,0.,-0.222520933956));
#3033 = PCURVE('',#2964,#3034);
#3034 = DEFINITIONAL_REPRESENTATION('',(#3035),#3039);
#3035 = LINE('',#3036,#3037);
#3036 = CARTESIAN_POINT('',(7.,0.));
#3037 = VECTOR('',#3038,1.);
#3038 = DIRECTION('',(0.,1.));
#3039 = ( GEOMETRIC_REPRESENTATION_CONTEXT(2) 
PARAMETRIC_REPRESENTATION_CONTEXT() REPRESENTATION_CONTEXT('2D SPACE',''
  ) );
#3040 = PCURVE('',#2597,#3041);
#3041 = DEFINITIONAL_REPRESENTATION('',(#3042),#3046);
#3042 = LINE('',#3043,#3044);
#3043 = CARTESIAN_POINT('',(0.,0.));
#3044 = VECTOR('',#3045,1.);
#3045 = DIRECTION('',(1.,0.));
#3046 = ( GEOMETRIC_REPRESENTATION_CONTEXT(2) 
PARAMETRIC_REPRESENTATION_CONTEXT() REPRESENTATION_CONTEXT('2D SPACE',''
  ) );
#3047 = ORIENTED_EDGE('',*,*,#3048,.F.);
#3048 = EDGE_CURVE('',#2949,#3026,#3049,.T.);
#3049 = SURFACE_CURVE('',#3050,(#3054,#3061),.PCURVE_S1.);
#3050 = LINE('',#3051,#3052);
#3051 = CARTESIAN_POINT('',(35.588123751372,25.,115.4761250123));
#3052 = VECTOR('',#3053,1.);
#3053 = DIRECTION('',(0.222520933956,0.,0.974927912182));
#3054 = PCURVE('',#2964,#3055);
#3055 = DEFINITIONAL_REPRESENTATION('',(#3056),#3060);
#3056 = LINE('',#3057,#3058);
#3057 = CARTESIAN_POINT('',(0.,18.));
#3058 = VECTOR('',#3059,1.);
#3059 = DIRECTION('',(1.,0.));
#3060 = ( GEOMETRIC_REPRESENTATION_CONTEXT(2) 
PARAMETRIC_REPRESENTATION_CONTEXT() REPRESENTATION_CONTEXT('2D SPACE',''
  ) );
#3061 = PCURVE('',#2573,#3062);
#3062 = DEFINITIONAL_REPRESENTATION('',(#3063),#3067);
#3063 = LINE('',#3064,#3065);
#3064 = CARTESIAN_POINT('',(0.,0.));
#3065 = VECTOR('',#3066,1.);
#3066 = DIRECTION('',(1.,0.));
#3067 = ( GEOMETRIC_REPRESENTATION_CONTEXT(2) 
PARAMETRIC_REPRESENTATION_CONTEXT() REPRESENTATION_CONTEXT('2D SPACE',''
  ) );
#3068 = ADVANCED_FACE('',(#3069),#2573,.T.);
#3069 = FACE_BOUND('',#3070,.T.);
#3070 = EDGE_LOOP('',(#3071,#3092,#3093,#3094));
#3071 = ORIENTED_EDGE('',*,*,#3072,.F.);
#3072 = EDGE_CURVE('',#3026,#2559,#3073,.T.);
#3073 = SURFACE_CURVE('',#3074,(#3078,#3085),.PCURVE_S1.);
#3074 = LINE('',#3075,#3076);
#3075 = CARTESIAN_POINT('',(37.145770289066,25.,122.30062039757));
#3076 = VECTOR('',#3077,1.);
#3077 = DIRECTION('',(0.,1.,0.));
#3078 = PCURVE('',#2573,#3079);
#3079 = DEFINITIONAL_REPRESENTATION('',(#3080),#3084);
#3080 = LINE('',#3081,#3082);
#3081 = CARTESIAN_POINT('',(7.,0.));
#3082 = VECTOR('',#3083,1.);
#3083 = DIRECTION('',(0.,-1.));
#3084 = ( GEOMETRIC_REPRESENTATION_CONTEXT(2) 
PARAMETRIC_REPRESENTATION_CONTEXT() REPRESENTATION_CONTEXT('2D SPACE',''
  ) );
#3085 = PCURVE('',#2597,#3086);
#3086 = DEFINITIONAL_REPRESENTATION('',(#3087),#3091);
#3087 = LINE('',#3088,#3089);
#3088 = CARTESIAN_POINT('',(18.,0.));
#3089 = VECTOR('',#3090,1.);
#3090 = DIRECTION('',(0.,1.));
#3091 = ( GEOMETRIC_REPRESENTATION_CONTEXT(2) 
PARAMETRIC_REPRESENTATION_CONTEXT() REPRESENTATION_CONTEXT('2D SPACE',''
  ) );
#3092 = ORIENTED_EDGE('',*,*,#3048,.F.);
#3093 = ORIENTED_EDGE('',*,*,#2976,.T.);
#3094 = ORIENTED_EDGE('',*,*,#2558,.T.);
#3095 = ADVANCED_FACE('',(#3096),#2597,.T.);
#3096 = FACE_BOUND('',#3097,.T.);
#3097 = EDGE_LOOP('',(#3098,#3119,#3120,#3121));
#3098 = ORIENTED_EDGE('',*,*,#3099,.F.);
#3099 = EDGE_CURVE('',#3003,#2507,#3100,.T.);
#3100 = SURFACE_CURVE('',#3101,(#3105,#3112),.PCURVE_S1.);
#3101 = LINE('',#3102,#3103);
#3102 = CARTESIAN_POINT('',(19.597067869794,25.,126.30599720878));
#3103 = VECTOR('',#3104,1.);
#3104 = DIRECTION('',(0.,1.,0.));
#3105 = PCURVE('',#2597,#3106);
#3106 = DEFINITIONAL_REPRESENTATION('',(#3107),#3111);
#3107 = LINE('',#3108,#3109);
#3108 = CARTESIAN_POINT('',(0.,0.));
#3109 = VECTOR('',#3110,1.);
#3110 = DIRECTION('',(0.,1.));
#3111 = ( GEOMETRIC_REPRESENTATION_CONTEXT(2) 
PARAMETRIC_REPRESENTATION_CONTEXT() REPRESENTATION_CONTEXT('2D SPACE',''
  ) );
#3112 = PCURVE('',#2521,#3113);
#3113 = DEFINITIONAL_REPRESENTATION('',(#3114),#3118);
#3114 = LINE('',#3115,#3116);
#3115 = CARTESIAN_POINT('',(7.,0.));
#3116 = VECTOR('',#3117,1.);
#3117 = DIRECTION('',(0.,-1.));
#3118 = ( GEOMETRIC_REPRESENTATION_CONTEXT(2) 
PARAMETRIC_REPRESENTATION_CONTEXT() REPRESENTATION_CONTEXT('2D SPACE',''
  ) );
#3119 = ORIENTED_EDGE('',*,*,#3025,.T.);
#3120 = ORIENTED_EDGE('',*,*,#3072,.T.);
#3121 = ORIENTED_EDGE('',*,*,#2584,.T.);
#3122 = ADVANCED_FACE('',(#3123),#2521,.F.);
#3123 = FACE_BOUND('',#3124,.F.);
#3124 = EDGE_LOOP('',(#3125,#3126,#3127,#3128));
#3125 = ORIENTED_EDGE('',*,*,#3099,.F.);
#3126 = ORIENTED_EDGE('',*,*,#3002,.F.);
#3127 = ORIENTED_EDGE('',*,*,#2925,.T.);
#3128 = ORIENTED_EDGE('',*,*,#2504,.T.);
#3129 = ADVANCED_FACE('',(#3130),#2441,.F.);
#3130 = FACE_BOUND('',#3131,.F.);
#3131 = EDGE_LOOP('',(#3132,#3155,#3183,#3204));
#3132 = ORIENTED_EDGE('',*,*,#3133,.F.);
#3133 = EDGE_CURVE('',#3134,#2399,#3136,.T.);
#3134 = VERTEX_POINT('',#3135);
#3135 = CARTESIAN_POINT('',(44.174270752544,25.,112.4717022343));
#3136 = SURFACE_CURVE('',#3137,(#3141,#3148),.PCURVE_S1.);
#3137 = LINE('',#3138,#3139);
#3138 = CARTESIAN_POINT('',(44.174270752544,25.,112.4717022343));
#3139 = VECTOR('',#3140,1.);
#3140 = DIRECTION('',(0.,1.,0.));
#3141 = PCURVE('',#2441,#3142);
#3142 = DEFINITIONAL_REPRESENTATION('',(#3143),#3147);
#3143 = LINE('',#3144,#3145);
#3144 = CARTESIAN_POINT('',(0.,0.));
#3145 = VECTOR('',#3146,1.);
#3146 = DIRECTION('',(0.,1.));
#3147 = ( GEOMETRIC_REPRESENTATION_CONTEXT(2) 
PARAMETRIC_REPRESENTATION_CONTEXT() REPRESENTATION_CONTEXT('2D SPACE',''
  ) );
#3148 = PCURVE('',#2415,#3149);
#3149 = DEFINITIONAL_REPRESENTATION('',(#3150),#3154);
#3150 = LINE('',#3151,#3152);
#3151 = CARTESIAN_POINT('',(0.,0.));
#3152 = VECTOR('',#3153,1.);
#3153 = DIRECTION('',(0.,-1.));
#3154 = ( GEOMETRIC_REPRESENTATION_CONTEXT(2) 
PARAMETRIC_REPRESENTATION_CONTEXT() REPRESENTATION_CONTEXT('2D SPACE',''
  ) );
#3155 = ORIENTED_EDGE('',*,*,#3156,.T.);
#3156 = EDGE_CURVE('',#3134,#3157,#3159,.T.);
#3157 = VERTEX_POINT('',#3158);
#3158 = CARTESIAN_POINT('',(60.391710374788,25.,104.66179493018));
#3159 = SURFACE_CURVE('',#3160,(#3164,#3171),.PCURVE_S1.);
#3160 = LINE('',#3161,#3162);
#3161 = CARTESIAN_POINT('',(44.174270752544,25.,112.4717022343));
#3162 = VECTOR('',#3163,1.);
#3163 = DIRECTION('',(0.900968867902,0.,-0.433883739118));
#3164 = PCURVE('',#2441,#3165);
#3165 = DEFINITIONAL_REPRESENTATION('',(#3166),#3170);
#3166 = LINE('',#3167,#3168);
#3167 = CARTESIAN_POINT('',(0.,0.));
#3168 = VECTOR('',#3169,1.);
#3169 = DIRECTION('',(1.,0.));
#3170 = ( GEOMETRIC_REPRESENTATION_CONTEXT(2) 
PARAMETRIC_REPRESENTATION_CONTEXT() REPRESENTATION_CONTEXT('2D SPACE',''
  ) );
#3171 = PCURVE('',#3172,#3177);
#3172 = PLANE('',#3173);
#3173 = AXIS2_PLACEMENT_3D('',#3174,#3175,#3176);
#3174 = CARTESIAN_POINT('',(44.174270752544,25.,112.4717022343));
#3175 = DIRECTION('',(0.,1.,0.));
#3176 = DIRECTION('',(0.433883739118,0.,0.900968867902));
#3177 = DEFINITIONAL_REPRESENTATION('',(#3178),#3182);
#3178 = LINE('',#3179,#3180);
#3179 = CARTESIAN_POINT('',(0.,0.));
#3180 = VECTOR('',#3181,1.);
#3181 = DIRECTION('',(0.,1.));
#3182 = ( GEOMETRIC_REPRESENTATION_CONTEXT(2) 
PARAMETRIC_REPRESENTATION_CONTEXT() REPRESENTATION_CONTEXT('2D SPACE',''
  ) );
#3183 = ORIENTED_EDGE('',*,*,#3184,.T.);
#3184 = EDGE_CURVE('',#3157,#2427,#3185,.T.);
#3185 = SURFACE_CURVE('',#3186,(#3190,#3197),.PCURVE_S1.);
#3186 = LINE('',#3187,#3188);
#3187 = CARTESIAN_POINT('',(60.391710374788,25.,104.66179493018));
#3188 = VECTOR('',#3189,1.);
#3189 = DIRECTION('',(0.,1.,0.));
#3190 = PCURVE('',#2441,#3191);
#3191 = DEFINITIONAL_REPRESENTATION('',(#3192),#3196);
#3192 = LINE('',#3193,#3194);
#3193 = CARTESIAN_POINT('',(18.,0.));
#3194 = VECTOR('',#3195,1.);
#3195 = DIRECTION('',(0.,1.));
#3196 = ( GEOMETRIC_REPRESENTATION_CONTEXT(2) 
PARAMETRIC_REPRESENTATION_CONTEXT() REPRESENTATION_CONTEXT('2D SPACE',''
  ) );
#3197 = PCURVE('',#2467,#3198);
#3198 = DEFINITIONAL_REPRESENTATION('',(#3199),#3203);
#3199 = LINE('',#3200,#3201);
#3200 = CARTESIAN_POINT('',(0.,0.));
#3201 = VECTOR('',#3202,1.);
#3202 = DIRECTION('',(0.,-1.));
#3203 = ( GEOMETRIC_REPRESENTATION_CONTEXT(2) 
PARAMETRIC_REPRESENTATION_CONTEXT() REPRESENTATION_CONTEXT('2D SPACE',''
  ) );
#3204 = ORIENTED_EDGE('',*,*,#2426,.T.);
#3205 = ADVANCED_FACE('',(#3206),#3172,.F.);
#3206 = FACE_BOUND('',#3207,.F.);
#3207 = EDGE_LOOP('',(#3208,#3209,#3232,#3255));
#3208 = ORIENTED_EDGE('',*,*,#3156,.F.);
#3209 = ORIENTED_EDGE('',*,*,#3210,.T.);
#3210 = EDGE_CURVE('',#3134,#3211,#3213,.T.);
#3211 = VERTEX_POINT('',#3212);
#3212 = CARTESIAN_POINT('',(47.211456926367,25.,118.77848430961));
#3213 = SURFACE_CURVE('',#3214,(#3218,#3225),.PCURVE_S1.);
#3214 = LINE('',#3215,#3216);
#3215 = CARTESIAN_POINT('',(44.174270752544,25.,112.4717022343));
#3216 = VECTOR('',#3217,1.);
#3217 = DIRECTION('',(0.433883739118,0.,0.900968867902));
#3218 = PCURVE('',#3172,#3219);
#3219 = DEFINITIONAL_REPRESENTATION('',(#3220),#3224);
#3220 = LINE('',#3221,#3222);
#3221 = CARTESIAN_POINT('',(0.,0.));
#3222 = VECTOR('',#3223,1.);
#3223 = DIRECTION('',(1.,0.));
#3224 = ( GEOMETRIC_REPRESENTATION_CONTEXT(2) 
PARAMETRIC_REPRESENTATION_CONTEXT() REPRESENTATION_CONTEXT('2D SPACE',''
  ) );
#3225 = PCURVE('',#2415,#3226);
#3226 = DEFINITIONAL_REPRESENTATION('',(#3227),#3231);
#3227 = LINE('',#3228,#3229);
#3228 = CARTESIAN_POINT('',(0.,0.));
#3229 = VECTOR('',#3230,1.);
#3230 = DIRECTION('',(1.,0.));
#3231 = ( GEOMETRIC_REPRESENTATION_CONTEXT(2) 
PARAMETRIC_REPRESENTATION_CONTEXT() REPRESENTATION_CONTEXT('2D SPACE',''
  ) );
#3232 = ORIENTED_EDGE('',*,*,#3233,.T.);
#3233 = EDGE_CURVE('',#3211,#3234,#3236,.T.);
#3234 = VERTEX_POINT('',#3235);
#3235 = CARTESIAN_POINT('',(63.42889654861,25.,110.9685770055));
#3236 = SURFACE_CURVE('',#3237,(#3241,#3248),.PCURVE_S1.);
#3237 = LINE('',#3238,#3239);
#3238 = CARTESIAN_POINT('',(47.211456926367,25.,118.77848430961));
#3239 = VECTOR('',#3240,1.);
#3240 = DIRECTION('',(0.900968867902,0.,-0.433883739118));
#3241 = PCURVE('',#3172,#3242);
#3242 = DEFINITIONAL_REPRESENTATION('',(#3243),#3247);
#3243 = LINE('',#3244,#3245);
#3244 = CARTESIAN_POINT('',(7.,0.));
#3245 = VECTOR('',#3246,1.);
#3246 = DIRECTION('',(0.,1.));
#3247 = ( GEOMETRIC_REPRESENTATION_CONTEXT(2) 
PARAMETRIC_REPRESENTATION_CONTEXT() REPRESENTATION_CONTEXT('2D SPACE',''
  ) );
#3248 = PCURVE('',#2491,#3249);
#3249 = DEFINITIONAL_REPRESENTATION('',(#3250),#3254);
#3250 = LINE('',#3251,#3252);
#3251 = CARTESIAN_POINT('',(0.,0.));
#3252 = VECTOR('',#3253,1.);
#3253 = DIRECTION('',(1.,0.));
#3254 = ( GEOMETRIC_REPRESENTATION_CONTEXT(2) 
PARAMETRIC_REPRESENTATION_CONTEXT() REPRESENTATION_CONTEXT('2D SPACE',''
  ) );
#3255 = ORIENTED_EDGE('',*,*,#3256,.F.);
#3256 = EDGE_CURVE('',#3157,#3234,#3257,.T.);
#3257 = SURFACE_CURVE('',#3258,(#3262,#3269),.PCURVE_S1.);
#3258 = LINE('',#3259,#3260);
#3259 = CARTESIAN_POINT('',(60.391710374788,25.,104.66179493018));
#3260 = VECTOR('',#3261,1.);
#3261 = DIRECTION('',(0.433883739118,0.,0.900968867902));
#3262 = PCURVE('',#3172,#3263);
#3263 = DEFINITIONAL_REPRESENTATION('',(#3264),#3268);
#3264 = LINE('',#3265,#3266);
#3265 = CARTESIAN_POINT('',(0.,18.));
#3266 = VECTOR('',#3267,1.);
#3267 = DIRECTION('',(1.,0.));
#3268 = ( GEOMETRIC_REPRESENTATION_CONTEXT(2) 
PARAMETRIC_REPRESENTATION_CONTEXT() REPRESENTATION_CONTEXT('2D SPACE',''
  ) );
#3269 = PCURVE('',#2467,#3270);
#3270 = DEFINITIONAL_REPRESENTATION('',(#3271),#3275);
#3271 = LINE('',#3272,#3273);
#3272 = CARTESIAN_POINT('',(0.,0.));
#3273 = VECTOR('',#3274,1.);
#3274 = DIRECTION('',(1.,0.));
#3275 = ( GEOMETRIC_REPRESENTATION_CONTEXT(2) 
PARAMETRIC_REPRESENTATION_CONTEXT() REPRESENTATION_CONTEXT('2D SPACE',''
  ) );
#3276 = ADVANCED_FACE('',(#3277),#2467,.T.);
#3277 = FACE_BOUND('',#3278,.T.);
#3278 = EDGE_LOOP('',(#3279,#3300,#3301,#3302));
#3279 = ORIENTED_EDGE('',*,*,#3280,.F.);
#3280 = EDGE_CURVE('',#3234,#2453,#3281,.T.);
#3281 = SURFACE_CURVE('',#3282,(#3286,#3293),.PCURVE_S1.);
#3282 = LINE('',#3283,#3284);
#3283 = CARTESIAN_POINT('',(63.42889654861,25.,110.9685770055));
#3284 = VECTOR('',#3285,1.);
#3285 = DIRECTION('',(0.,1.,0.));
#3286 = PCURVE('',#2467,#3287);
#3287 = DEFINITIONAL_REPRESENTATION('',(#3288),#3292);
#3288 = LINE('',#3289,#3290);
#3289 = CARTESIAN_POINT('',(7.,0.));
#3290 = VECTOR('',#3291,1.);
#3291 = DIRECTION('',(0.,-1.));
#3292 = ( GEOMETRIC_REPRESENTATION_CONTEXT(2) 
PARAMETRIC_REPRESENTATION_CONTEXT() REPRESENTATION_CONTEXT('2D SPACE',''
  ) );
#3293 = PCURVE('',#2491,#3294);
#3294 = DEFINITIONAL_REPRESENTATION('',(#3295),#3299);
#3295 = LINE('',#3296,#3297);
#3296 = CARTESIAN_POINT('',(18.,0.));
#3297 = VECTOR('',#3298,1.);
#3298 = DIRECTION('',(0.,1.));
#3299 = ( GEOMETRIC_REPRESENTATION_CONTEXT(2) 
PARAMETRIC_REPRESENTATION_CONTEXT() REPRESENTATION_CONTEXT('2D SPACE',''
  ) );
#3300 = ORIENTED_EDGE('',*,*,#3256,.F.);
#3301 = ORIENTED_EDGE('',*,*,#3184,.T.);
#3302 = ORIENTED_EDGE('',*,*,#2452,.T.);
#3303 = ADVANCED_FACE('',(#3304),#2491,.T.);
#3304 = FACE_BOUND('',#3305,.T.);
#3305 = EDGE_LOOP('',(#3306,#3327,#3328,#3329));
#3306 = ORIENTED_EDGE('',*,*,#3307,.F.);
#3307 = EDGE_CURVE('',#3211,#2401,#3308,.T.);
#3308 = SURFACE_CURVE('',#3309,(#3313,#3320),.PCURVE_S1.);
#3309 = LINE('',#3310,#3311);
#3310 = CARTESIAN_POINT('',(47.211456926367,25.,118.77848430961));
#3311 = VECTOR('',#3312,1.);
#3312 = DIRECTION('',(0.,1.,0.));
#3313 = PCURVE('',#2491,#3314);
#3314 = DEFINITIONAL_REPRESENTATION('',(#3315),#3319);
#3315 = LINE('',#3316,#3317);
#3316 = CARTESIAN_POINT('',(0.,0.));
#3317 = VECTOR('',#3318,1.);
#3318 = DIRECTION('',(0.,1.));
#3319 = ( GEOMETRIC_REPRESENTATION_CONTEXT(2) 
PARAMETRIC_REPRESENTATION_CONTEXT() REPRESENTATION_CONTEXT('2D SPACE',''
  ) );
#3320 = PCURVE('',#2415,#3321);
#3321 = DEFINITIONAL_REPRESENTATION('',(#3322),#3326);
#3322 = LINE('',#3323,#3324);
#3323 = CARTESIAN_POINT('',(7.,0.));
#3324 = VECTOR('',#3325,1.);
#3325 = DIRECTION('',(0.,-1.));
#3326 = ( GEOMETRIC_REPRESENTATION_CONTEXT(2) 
PARAMETRIC_REPRESENTATION_CONTEXT() REPRESENTATION_CONTEXT('2D SPACE',''
  ) );
#3327 = ORIENTED_EDGE('',*,*,#3233,.T.);
#3328 = ORIENTED_EDGE('',*,*,#3280,.T.);
#3329 = ORIENTED_EDGE('',*,*,#2478,.T.);
#3330 = ADVANCED_FACE('',(#3331),#2415,.F.);
#3331 = FACE_BOUND('',#3332,.F.);
#3332 = EDGE_LOOP('',(#3333,#3334,#3335,#3336));
#3333 = ORIENTED_EDGE('',*,*,#3307,.F.);
#3334 = ORIENTED_EDGE('',*,*,#3210,.F.);
#3335 = ORIENTED_EDGE('',*,*,#3133,.T.);
#3336 = ORIENTED_EDGE('',*,*,#2398,.T.);
#3337 = ADVANCED_FACE('',(#3338),#2335,.F.);
#3338 = FACE_BOUND('',#3339,.F.);
#3339 = EDGE_LOOP('',(#3340,#3363,#3391,#3412));
#3340 = ORIENTED_EDGE('',*,*,#3341,.F.);
#3341 = EDGE_CURVE('',#3342,#2293,#3344,.T.);
#3342 = VERTEX_POINT('',#3343);
#3343 = CARTESIAN_POINT('',(-35.58812375137,25.,115.4761250123));
#3344 = SURFACE_CURVE('',#3345,(#3349,#3356),.PCURVE_S1.);
#3345 = LINE('',#3346,#3347);
#3346 = CARTESIAN_POINT('',(-35.58812375137,25.,115.4761250123));
#3347 = VECTOR('',#3348,1.);
#3348 = DIRECTION('',(0.,1.,0.));
#3349 = PCURVE('',#2335,#3350);
#3350 = DEFINITIONAL_REPRESENTATION('',(#3351),#3355);
#3351 = LINE('',#3352,#3353);
#3352 = CARTESIAN_POINT('',(0.,0.));
#3353 = VECTOR('',#3354,1.);
#3354 = DIRECTION('',(0.,1.));
#3355 = ( GEOMETRIC_REPRESENTATION_CONTEXT(2) 
PARAMETRIC_REPRESENTATION_CONTEXT() REPRESENTATION_CONTEXT('2D SPACE',''
  ) );
#3356 = PCURVE('',#2309,#3357);
#3357 = DEFINITIONAL_REPRESENTATION('',(#3358),#3362);
#3358 = LINE('',#3359,#3360);
#3359 = CARTESIAN_POINT('',(0.,0.));
#3360 = VECTOR('',#3361,1.);
#3361 = DIRECTION('',(0.,-1.));
#3362 = ( GEOMETRIC_REPRESENTATION_CONTEXT(2) 
PARAMETRIC_REPRESENTATION_CONTEXT() REPRESENTATION_CONTEXT('2D SPACE',''
  ) );
#3363 = ORIENTED_EDGE('',*,*,#3364,.T.);
#3364 = EDGE_CURVE('',#3342,#3365,#3367,.T.);
#3365 = VERTEX_POINT('',#3366);
#3366 = CARTESIAN_POINT('',(-18.03942133209,25.,119.48150182351));
#3367 = SURFACE_CURVE('',#3368,(#3372,#3379),.PCURVE_S1.);
#3368 = LINE('',#3369,#3370);
#3369 = CARTESIAN_POINT('',(-35.58812375137,25.,115.4761250123));
#3370 = VECTOR('',#3371,1.);
#3371 = DIRECTION('',(0.974927912182,0.,0.222520933956));
#3372 = PCURVE('',#2335,#3373);
#3373 = DEFINITIONAL_REPRESENTATION('',(#3374),#3378);
#3374 = LINE('',#3375,#3376);
#3375 = CARTESIAN_POINT('',(0.,0.));
#3376 = VECTOR('',#3377,1.);
#3377 = DIRECTION('',(1.,0.));
#3378 = ( GEOMETRIC_REPRESENTATION_CONTEXT(2) 
PARAMETRIC_REPRESENTATION_CONTEXT() REPRESENTATION_CONTEXT('2D SPACE',''
  ) );
#3379 = PCURVE('',#3380,#3385);
#3380 = PLANE('',#3381);
#3381 = AXIS2_PLACEMENT_3D('',#3382,#3383,#3384);
#3382 = CARTESIAN_POINT('',(-35.58812375137,25.,115.4761250123));
#3383 = DIRECTION('',(0.,1.,0.));
#3384 = DIRECTION('',(-0.222520933956,0.,0.974927912182));
#3385 = DEFINITIONAL_REPRESENTATION('',(#3386),#3390);
#3386 = LINE('',#3387,#3388);
#3387 = CARTESIAN_POINT('',(0.,0.));
#3388 = VECTOR('',#3389,1.);
#3389 = DIRECTION('',(0.,1.));
#3390 = ( GEOMETRIC_REPRESENTATION_CONTEXT(2) 
PARAMETRIC_REPRESENTATION_CONTEXT() REPRESENTATION_CONTEXT('2D SPACE',''
  ) );
#3391 = ORIENTED_EDGE('',*,*,#3392,.T.);
#3392 = EDGE_CURVE('',#3365,#2321,#3393,.T.);
#3393 = SURFACE_CURVE('',#3394,(#3398,#3405),.PCURVE_S1.);
#3394 = LINE('',#3395,#3396);
#3395 = CARTESIAN_POINT('',(-18.03942133209,25.,119.48150182351));
#3396 = VECTOR('',#3397,1.);
#3397 = DIRECTION('',(0.,1.,0.));
#3398 = PCURVE('',#2335,#3399);
#3399 = DEFINITIONAL_REPRESENTATION('',(#3400),#3404);
#3400 = LINE('',#3401,#3402);
#3401 = CARTESIAN_POINT('',(18.,0.));
#3402 = VECTOR('',#3403,1.);
#3403 = DIRECTION('',(0.,1.));
#3404 = ( GEOMETRIC_REPRESENTATION_CONTEXT(2) 
PARAMETRIC_REPRESENTATION_CONTEXT() REPRESENTATION_CONTEXT('2D SPACE',''
  ) );
#3405 = PCURVE('',#2361,#3406);
#3406 = DEFINITIONAL_REPRESENTATION('',(#3407),#3411);
#3407 = LINE('',#3408,#3409);
#3408 = CARTESIAN_POINT('',(0.,0.));
#3409 = VECTOR('',#3410,1.);
#3410 = DIRECTION('',(0.,-1.));
#3411 = ( GEOMETRIC_REPRESENTATION_CONTEXT(2) 
PARAMETRIC_REPRESENTATION_CONTEXT() REPRESENTATION_CONTEXT('2D SPACE',''
  ) );
#3412 = ORIENTED_EDGE('',*,*,#2320,.T.);
#3413 = ADVANCED_FACE('',(#3414),#3380,.F.);
#3414 = FACE_BOUND('',#3415,.F.);
#3415 = EDGE_LOOP('',(#3416,#3417,#3440,#3463));
#3416 = ORIENTED_EDGE('',*,*,#3364,.F.);
#3417 = ORIENTED_EDGE('',*,*,#3418,.T.);
#3418 = EDGE_CURVE('',#3342,#3419,#3421,.T.);
#3419 = VERTEX_POINT('',#3420);
#3420 = CARTESIAN_POINT('',(-37.14577028906,25.,122.30062039757));
#3421 = SURFACE_CURVE('',#3422,(#3426,#3433),.PCURVE_S1.);
#3422 = LINE('',#3423,#3424);
#3423 = CARTESIAN_POINT('',(-35.58812375137,25.,115.4761250123));
#3424 = VECTOR('',#3425,1.);
#3425 = DIRECTION('',(-0.222520933956,0.,0.974927912182));
#3426 = PCURVE('',#3380,#3427);
#3427 = DEFINITIONAL_REPRESENTATION('',(#3428),#3432);
#3428 = LINE('',#3429,#3430);
#3429 = CARTESIAN_POINT('',(0.,0.));
#3430 = VECTOR('',#3431,1.);
#3431 = DIRECTION('',(1.,0.));
#3432 = ( GEOMETRIC_REPRESENTATION_CONTEXT(2) 
PARAMETRIC_REPRESENTATION_CONTEXT() REPRESENTATION_CONTEXT('2D SPACE',''
  ) );
#3433 = PCURVE('',#2309,#3434);
#3434 = DEFINITIONAL_REPRESENTATION('',(#3435),#3439);
#3435 = LINE('',#3436,#3437);
#3436 = CARTESIAN_POINT('',(0.,0.));
#3437 = VECTOR('',#3438,1.);
#3438 = DIRECTION('',(1.,0.));
#3439 = ( GEOMETRIC_REPRESENTATION_CONTEXT(2) 
PARAMETRIC_REPRESENTATION_CONTEXT() REPRESENTATION_CONTEXT('2D SPACE',''
  ) );
#3440 = ORIENTED_EDGE('',*,*,#3441,.T.);
#3441 = EDGE_CURVE('',#3419,#3442,#3444,.T.);
#3442 = VERTEX_POINT('',#3443);
#3443 = CARTESIAN_POINT('',(-19.59706786979,25.,126.30599720878));
#3444 = SURFACE_CURVE('',#3445,(#3449,#3456),.PCURVE_S1.);
#3445 = LINE('',#3446,#3447);
#3446 = CARTESIAN_POINT('',(-37.14577028906,25.,122.30062039757));
#3447 = VECTOR('',#3448,1.);
#3448 = DIRECTION('',(0.974927912182,0.,0.222520933956));
#3449 = PCURVE('',#3380,#3450);
#3450 = DEFINITIONAL_REPRESENTATION('',(#3451),#3455);
#3451 = LINE('',#3452,#3453);
#3452 = CARTESIAN_POINT('',(7.,0.));
#3453 = VECTOR('',#3454,1.);
#3454 = DIRECTION('',(0.,1.));
#3455 = ( GEOMETRIC_REPRESENTATION_CONTEXT(2) 
PARAMETRIC_REPRESENTATION_CONTEXT() REPRESENTATION_CONTEXT('2D SPACE',''
  ) );
#3456 = PCURVE('',#2385,#3457);
#3457 = DEFINITIONAL_REPRESENTATION('',(#3458),#3462);
#3458 = LINE('',#3459,#3460);
#3459 = CARTESIAN_POINT('',(0.,0.));
#3460 = VECTOR('',#3461,1.);
#3461 = DIRECTION('',(1.,0.));
#3462 = ( GEOMETRIC_REPRESENTATION_CONTEXT(2) 
PARAMETRIC_REPRESENTATION_CONTEXT() REPRESENTATION_CONTEXT('2D SPACE',''
  ) );
#3463 = ORIENTED_EDGE('',*,*,#3464,.F.);
#3464 = EDGE_CURVE('',#3365,#3442,#3465,.T.);
#3465 = SURFACE_CURVE('',#3466,(#3470,#3477),.PCURVE_S1.);
#3466 = LINE('',#3467,#3468);
#3467 = CARTESIAN_POINT('',(-18.03942133209,25.,119.48150182351));
#3468 = VECTOR('',#3469,1.);
#3469 = DIRECTION('',(-0.222520933956,0.,0.974927912182));
#3470 = PCURVE('',#3380,#3471);
#3471 = DEFINITIONAL_REPRESENTATION('',(#3472),#3476);
#3472 = LINE('',#3473,#3474);
#3473 = CARTESIAN_POINT('',(0.,18.));
#3474 = VECTOR('',#3475,1.);
#3475 = DIRECTION('',(1.,0.));
#3476 = ( GEOMETRIC_REPRESENTATION_CONTEXT(2) 
PARAMETRIC_REPRESENTATION_CONTEXT() REPRESENTATION_CONTEXT('2D SPACE',''
  ) );
#3477 = PCURVE('',#2361,#3478);
#3478 = DEFINITIONAL_REPRESENTATION('',(#3479),#3483);
#3479 = LINE('',#3480,#3481);
#3480 = CARTESIAN_POINT('',(0.,0.));
#3481 = VECTOR('',#3482,1.);
#3482 = DIRECTION('',(1.,0.));
#3483 = ( GEOMETRIC_REPRESENTATION_CONTEXT(2) 
PARAMETRIC_REPRESENTATION_CONTEXT() REPRESENTATION_CONTEXT('2D SPACE',''
  ) );
#3484 = ADVANCED_FACE('',(#3485),#2361,.T.);
#3485 = FACE_BOUND('',#3486,.T.);
#3486 = EDGE_LOOP('',(#3487,#3508,#3509,#3510));
#3487 = ORIENTED_EDGE('',*,*,#3488,.F.);
#3488 = EDGE_CURVE('',#3442,#2347,#3489,.T.);
#3489 = SURFACE_CURVE('',#3490,(#3494,#3501),.PCURVE_S1.);
#3490 = LINE('',#3491,#3492);
#3491 = CARTESIAN_POINT('',(-19.59706786979,25.,126.30599720878));
#3492 = VECTOR('',#3493,1.);
#3493 = DIRECTION('',(0.,1.,0.));
#3494 = PCURVE('',#2361,#3495);
#3495 = DEFINITIONAL_REPRESENTATION('',(#3496),#3500);
#3496 = LINE('',#3497,#3498);
#3497 = CARTESIAN_POINT('',(7.,0.));
#3498 = VECTOR('',#3499,1.);
#3499 = DIRECTION('',(0.,-1.));
#3500 = ( GEOMETRIC_REPRESENTATION_CONTEXT(2) 
PARAMETRIC_REPRESENTATION_CONTEXT() REPRESENTATION_CONTEXT('2D SPACE',''
  ) );
#3501 = PCURVE('',#2385,#3502);
#3502 = DEFINITIONAL_REPRESENTATION('',(#3503),#3507);
#3503 = LINE('',#3504,#3505);
#3504 = CARTESIAN_POINT('',(18.,0.));
#3505 = VECTOR('',#3506,1.);
#3506 = DIRECTION('',(0.,1.));
#3507 = ( GEOMETRIC_REPRESENTATION_CONTEXT(2) 
PARAMETRIC_REPRESENTATION_CONTEXT() REPRESENTATION_CONTEXT('2D SPACE',''
  ) );
#3508 = ORIENTED_EDGE('',*,*,#3464,.F.);
#3509 = ORIENTED_EDGE('',*,*,#3392,.T.);
#3510 = ORIENTED_EDGE('',*,*,#2346,.T.);
#3511 = ADVANCED_FACE('',(#3512),#2385,.T.);
#3512 = FACE_BOUND('',#3513,.T.);
#3513 = EDGE_LOOP('',(#3514,#3535,#3536,#3537));
#3514 = ORIENTED_EDGE('',*,*,#3515,.F.);
#3515 = EDGE_CURVE('',#3419,#2295,#3516,.T.);
#3516 = SURFACE_CURVE('',#3517,(#3521,#3528),.PCURVE_S1.);
#3517 = LINE('',#3518,#3519);
#3518 = CARTESIAN_POINT('',(-37.14577028906,25.,122.30062039757));
#3519 = VECTOR('',#3520,1.);
#3520 = DIRECTION('',(0.,1.,0.));
#3521 = PCURVE('',#2385,#3522);
#3522 = DEFINITIONAL_REPRESENTATION('',(#3523),#3527);
#3523 = LINE('',#3524,#3525);
#3524 = CARTESIAN_POINT('',(0.,0.));
#3525 = VECTOR('',#3526,1.);
#3526 = DIRECTION('',(0.,1.));
#3527 = ( GEOMETRIC_REPRESENTATION_CONTEXT(2) 
PARAMETRIC_REPRESENTATION_CONTEXT() REPRESENTATION_CONTEXT('2D SPACE',''
  ) );
#3528 = PCURVE('',#2309,#3529);
#3529 = DEFINITIONAL_REPRESENTATION('',(#3530),#3534);
#3530 = LINE('',#3531,#3532);
#3531 = CARTESIAN_POINT('',(7.,0.));
#3532 = VECTOR('',#3533,1.);
#3533 = DIRECTION('',(0.,-1.));
#3534 = ( GEOMETRIC_REPRESENTATION_CONTEXT(2) 
PARAMETRIC_REPRESENTATION_CONTEXT() REPRESENTATION_CONTEXT('2D SPACE',''
  ) );
#3535 = ORIENTED_EDGE('',*,*,#3441,.T.);
#3536 = ORIENTED_EDGE('',*,*,#3488,.T.);
#3537 = ORIENTED_EDGE('',*,*,#2372,.T.);
#3538 = ADVANCED_FACE('',(#3539),#2309,.F.);
#3539 = FACE_BOUND('',#3540,.F.);
#3540 = EDGE_LOOP('',(#3541,#3542,#3543,#3544));
#3541 = ORIENTED_EDGE('',*,*,#3515,.F.);
#3542 = ORIENTED_EDGE('',*,*,#3418,.F.);
#3543 = ORIENTED_EDGE('',*,*,#3341,.T.);
#3544 = ORIENTED_EDGE('',*,*,#2292,.T.);
#3545 = ADVANCED_FACE('',(#3546),#2229,.F.);
#3546 = FACE_BOUND('',#3547,.F.);
#3547 = EDGE_LOOP('',(#3548,#3571,#3599,#3620));
#3548 = ORIENTED_EDGE('',*,*,#3549,.F.);
#3549 = EDGE_CURVE('',#3550,#2187,#3552,.T.);
#3550 = VERTEX_POINT('',#3551);
#3551 = CARTESIAN_POINT('',(-60.39171037478,25.,104.66179493018));
#3552 = SURFACE_CURVE('',#3553,(#3557,#3564),.PCURVE_S1.);
#3553 = LINE('',#3554,#3555);
#3554 = CARTESIAN_POINT('',(-60.39171037478,25.,104.66179493018));
#3555 = VECTOR('',#3556,1.);
#3556 = DIRECTION('',(0.,1.,0.));
#3557 = PCURVE('',#2229,#3558);
#3558 = DEFINITIONAL_REPRESENTATION('',(#3559),#3563);
#3559 = LINE('',#3560,#3561);
#3560 = CARTESIAN_POINT('',(0.,0.));
#3561 = VECTOR('',#3562,1.);
#3562 = DIRECTION('',(0.,1.));
#3563 = ( GEOMETRIC_REPRESENTATION_CONTEXT(2) 
PARAMETRIC_REPRESENTATION_CONTEXT() REPRESENTATION_CONTEXT('2D SPACE',''
  ) );
#3564 = PCURVE('',#2203,#3565);
#3565 = DEFINITIONAL_REPRESENTATION('',(#3566),#3570);
#3566 = LINE('',#3567,#3568);
#3567 = CARTESIAN_POINT('',(0.,0.));
#3568 = VECTOR('',#3569,1.);
#3569 = DIRECTION('',(0.,-1.));
#3570 = ( GEOMETRIC_REPRESENTATION_CONTEXT(2) 
PARAMETRIC_REPRESENTATION_CONTEXT() REPRESENTATION_CONTEXT('2D SPACE',''
  ) );
#3571 = ORIENTED_EDGE('',*,*,#3572,.T.);
#3572 = EDGE_CURVE('',#3550,#3573,#3575,.T.);
#3573 = VERTEX_POINT('',#3574);
#3574 = CARTESIAN_POINT('',(-44.17427075254,25.,112.4717022343));
#3575 = SURFACE_CURVE('',#3576,(#3580,#3587),.PCURVE_S1.);
#3576 = LINE('',#3577,#3578);
#3577 = CARTESIAN_POINT('',(-60.39171037478,25.,104.66179493018));
#3578 = VECTOR('',#3579,1.);
#3579 = DIRECTION('',(0.900968867902,0.,0.433883739118));
#3580 = PCURVE('',#2229,#3581);
#3581 = DEFINITIONAL_REPRESENTATION('',(#3582),#3586);
#3582 = LINE('',#3583,#3584);
#3583 = CARTESIAN_POINT('',(0.,0.));
#3584 = VECTOR('',#3585,1.);
#3585 = DIRECTION('',(1.,0.));
#3586 = ( GEOMETRIC_REPRESENTATION_CONTEXT(2) 
PARAMETRIC_REPRESENTATION_CONTEXT() REPRESENTATION_CONTEXT('2D SPACE',''
  ) );
#3587 = PCURVE('',#3588,#3593);
#3588 = PLANE('',#3589);
#3589 = AXIS2_PLACEMENT_3D('',#3590,#3591,#3592);
#3590 = CARTESIAN_POINT('',(-60.39171037478,25.,104.66179493018));
#3591 = DIRECTION('',(0.,1.,0.));
#3592 = DIRECTION('',(-0.433883739118,0.,0.900968867902));
#3593 = DEFINITIONAL_REPRESENTATION('',(#3594),#3598);
#3594 = LINE('',#3595,#3596);
#3595 = CARTESIAN_POINT('',(0.,0.));
#3596 = VECTOR('',#3597,1.);
#3597 = DIRECTION('',(0.,1.));
#3598 = ( GEOMETRIC_REPRESENTATION_CONTEXT(2) 
PARAMETRIC_REPRESENTATION_CONTEXT() REPRESENTATION_CONTEXT('2D SPACE',''
  ) );
#3599 = ORIENTED_EDGE('',*,*,#3600,.T.);
#3600 = EDGE_CURVE('',#3573,#2215,#3601,.T.);
#3601 = SURFACE_CURVE('',#3602,(#3606,#3613),.PCURVE_S1.);
#3602 = LINE('',#3603,#3604);
#3603 = CARTESIAN_POINT('',(-44.17427075254,25.,112.4717022343));
#3604 = VECTOR('',#3605,1.);
#3605 = DIRECTION('',(0.,1.,0.));
#3606 = PCURVE('',#2229,#3607);
#3607 = DEFINITIONAL_REPRESENTATION('',(#3608),#3612);
#3608 = LINE('',#3609,#3610);
#3609 = CARTESIAN_POINT('',(18.,0.));
#3610 = VECTOR('',#3611,1.);
#3611 = DIRECTION('',(0.,1.));
#3612 = ( GEOMETRIC_REPRESENTATION_CONTEXT(2) 
PARAMETRIC_REPRESENTATION_CONTEXT() REPRESENTATION_CONTEXT('2D SPACE',''
  ) );
#3613 = PCURVE('',#2255,#3614);
#3614 = DEFINITIONAL_REPRESENTATION('',(#3615),#3619);
#3615 = LINE('',#3616,#3617);
#3616 = CARTESIAN_POINT('',(0.,0.));
#3617 = VECTOR('',#3618,1.);
#3618 = DIRECTION('',(0.,-1.));
#3619 = ( GEOMETRIC_REPRESENTATION_CONTEXT(2) 
PARAMETRIC_REPRESENTATION_CONTEXT() REPRESENTATION_CONTEXT('2D SPACE',''
  ) );
#3620 = ORIENTED_EDGE('',*,*,#2214,.T.);
#3621 = ADVANCED_FACE('',(#3622),#3588,.F.);
#3622 = FACE_BOUND('',#3623,.F.);
#3623 = EDGE_LOOP('',(#3624,#3625,#3648,#3671));
#3624 = ORIENTED_EDGE('',*,*,#3572,.F.);
#3625 = ORIENTED_EDGE('',*,*,#3626,.T.);
#3626 = EDGE_CURVE('',#3550,#3627,#3629,.T.);
#3627 = VERTEX_POINT('',#3628);
#3628 = CARTESIAN_POINT('',(-63.42889654861,25.,110.9685770055));
#3629 = SURFACE_CURVE('',#3630,(#3634,#3641),.PCURVE_S1.);
#3630 = LINE('',#3631,#3632);
#3631 = CARTESIAN_POINT('',(-60.39171037478,25.,104.66179493018));
#3632 = VECTOR('',#3633,1.);
#3633 = DIRECTION('',(-0.433883739118,0.,0.900968867902));
#3634 = PCURVE('',#3588,#3635);
#3635 = DEFINITIONAL_REPRESENTATION('',(#3636),#3640);
#3636 = LINE('',#3637,#3638);
#3637 = CARTESIAN_POINT('',(0.,0.));
#3638 = VECTOR('',#3639,1.);
#3639 = DIRECTION('',(1.,0.));
#3640 = ( GEOMETRIC_REPRESENTATION_CONTEXT(2) 
PARAMETRIC_REPRESENTATION_CONTEXT() REPRESENTATION_CONTEXT('2D SPACE',''
  ) );
#3641 = PCURVE('',#2203,#3642);
#3642 = DEFINITIONAL_REPRESENTATION('',(#3643),#3647);
#3643 = LINE('',#3644,#3645);
#3644 = CARTESIAN_POINT('',(0.,0.));
#3645 = VECTOR('',#3646,1.);
#3646 = DIRECTION('',(1.,0.));
#3647 = ( GEOMETRIC_REPRESENTATION_CONTEXT(2) 
PARAMETRIC_REPRESENTATION_CONTEXT() REPRESENTATION_CONTEXT('2D SPACE',''
  ) );
#3648 = ORIENTED_EDGE('',*,*,#3649,.T.);
#3649 = EDGE_CURVE('',#3627,#3650,#3652,.T.);
#3650 = VERTEX_POINT('',#3651);
#3651 = CARTESIAN_POINT('',(-47.21145692636,25.,118.77848430961));
#3652 = SURFACE_CURVE('',#3653,(#3657,#3664),.PCURVE_S1.);
#3653 = LINE('',#3654,#3655);
#3654 = CARTESIAN_POINT('',(-63.42889654861,25.,110.9685770055));
#3655 = VECTOR('',#3656,1.);
#3656 = DIRECTION('',(0.900968867902,0.,0.433883739118));
#3657 = PCURVE('',#3588,#3658);
#3658 = DEFINITIONAL_REPRESENTATION('',(#3659),#3663);
#3659 = LINE('',#3660,#3661);
#3660 = CARTESIAN_POINT('',(7.,0.));
#3661 = VECTOR('',#3662,1.);
#3662 = DIRECTION('',(0.,1.));
#3663 = ( GEOMETRIC_REPRESENTATION_CONTEXT(2) 
PARAMETRIC_REPRESENTATION_CONTEXT() REPRESENTATION_CONTEXT('2D SPACE',''
  ) );
#3664 = PCURVE('',#2279,#3665);
#3665 = DEFINITIONAL_REPRESENTATION('',(#3666),#3670);
#3666 = LINE('',#3667,#3668);
#3667 = CARTESIAN_POINT('',(0.,0.));
#3668 = VECTOR('',#3669,1.);
#3669 = DIRECTION('',(1.,0.));
#3670 = ( GEOMETRIC_REPRESENTATION_CONTEXT(2) 
PARAMETRIC_REPRESENTATION_CONTEXT() REPRESENTATION_CONTEXT('2D SPACE',''
  ) );
#3671 = ORIENTED_EDGE('',*,*,#3672,.F.);
#3672 = EDGE_CURVE('',#3573,#3650,#3673,.T.);
#3673 = SURFACE_CURVE('',#3674,(#3678,#3685),.PCURVE_S1.);
#3674 = LINE('',#3675,#3676);
#3675 = CARTESIAN_POINT('',(-44.17427075254,25.,112.4717022343));
#3676 = VECTOR('',#3677,1.);
#3677 = DIRECTION('',(-0.433883739118,0.,0.900968867902));
#3678 = PCURVE('',#3588,#3679);
#3679 = DEFINITIONAL_REPRESENTATION('',(#3680),#3684);
#3680 = LINE('',#3681,#3682);
#3681 = CARTESIAN_POINT('',(0.,18.));
#3682 = VECTOR('',#3683,1.);
#3683 = DIRECTION('',(1.,0.));
#3684 = ( GEOMETRIC_REPRESENTATION_CONTEXT(2) 
PARAMETRIC_REPRESENTATION_CONTEXT() REPRESENTATION_CONTEXT('2D SPACE',''
  ) );
#3685 = PCURVE('',#2255,#3686);
#3686 = DEFINITIONAL_REPRESENTATION('',(#3687),#3691);
#3687 = LINE('',#3688,#3689);
#3688 = CARTESIAN_POINT('',(0.,0.));
#3689 = VECTOR('',#3690,1.);
#3690 = DIRECTION('',(1.,0.));
#3691 = ( GEOMETRIC_REPRESENTATION_CONTEXT(2) 
PARAMETRIC_REPRESENTATION_CONTEXT() REPRESENTATION_CONTEXT('2D SPACE',''
  ) );
#3692 = ADVANCED_FACE('',(#3693),#2255,.T.);
#3693 = FACE_BOUND('',#3694,.T.);
#3694 = EDGE_LOOP('',(#3695,#3716,#3717,#3718));
#3695 = ORIENTED_EDGE('',*,*,#3696,.F.);
#3696 = EDGE_CURVE('',#3650,#2241,#3697,.T.);
#3697 = SURFACE_CURVE('',#3698,(#3702,#3709),.PCURVE_S1.);
#3698 = LINE('',#3699,#3700);
#3699 = CARTESIAN_POINT('',(-47.21145692636,25.,118.77848430961));
#3700 = VECTOR('',#3701,1.);
#3701 = DIRECTION('',(0.,1.,0.));
#3702 = PCURVE('',#2255,#3703);
#3703 = DEFINITIONAL_REPRESENTATION('',(#3704),#3708);
#3704 = LINE('',#3705,#3706);
#3705 = CARTESIAN_POINT('',(7.,0.));
#3706 = VECTOR('',#3707,1.);
#3707 = DIRECTION('',(0.,-1.));
#3708 = ( GEOMETRIC_REPRESENTATION_CONTEXT(2) 
PARAMETRIC_REPRESENTATION_CONTEXT() REPRESENTATION_CONTEXT('2D SPACE',''
  ) );
#3709 = PCURVE('',#2279,#3710);
#3710 = DEFINITIONAL_REPRESENTATION('',(#3711),#3715);
#3711 = LINE('',#3712,#3713);
#3712 = CARTESIAN_POINT('',(18.,0.));
#3713 = VECTOR('',#3714,1.);
#3714 = DIRECTION('',(0.,1.));
#3715 = ( GEOMETRIC_REPRESENTATION_CONTEXT(2) 
PARAMETRIC_REPRESENTATION_CONTEXT() REPRESENTATION_CONTEXT('2D SPACE',''
  ) );
#3716 = ORIENTED_EDGE('',*,*,#3672,.F.);
#3717 = ORIENTED_EDGE('',*,*,#3600,.T.);
#3718 = ORIENTED_EDGE('',*,*,#2240,.T.);
#3719 = ADVANCED_FACE('',(#3720),#2279,.T.);
#3720 = FACE_BOUND('',#3721,.T.);
#3721 = EDGE_LOOP('',(#3722,#3743,#3744,#3745));
#3722 = ORIENTED_EDGE('',*,*,#3723,.F.);
#3723 = EDGE_CURVE('',#3627,#2189,#3724,.T.);
#3724 = SURFACE_CURVE('',#3725,(#3729,#3736),.PCURVE_S1.);
#3725 = LINE('',#3726,#3727);
#3726 = CARTESIAN_POINT('',(-63.42889654861,25.,110.9685770055));
#3727 = VECTOR('',#3728,1.);
#3728 = DIRECTION('',(0.,1.,0.));
#3729 = PCURVE('',#2279,#3730);
#3730 = DEFINITIONAL_REPRESENTATION('',(#3731),#3735);
#3731 = LINE('',#3732,#3733);
#3732 = CARTESIAN_POINT('',(0.,0.));
#3733 = VECTOR('',#3734,1.);
#3734 = DIRECTION('',(0.,1.));
#3735 = ( GEOMETRIC_REPRESENTATION_CONTEXT(2) 
PARAMETRIC_REPRESENTATION_CONTEXT() REPRESENTATION_CONTEXT('2D SPACE',''
  ) );
#3736 = PCURVE('',#2203,#3737);
#3737 = DEFINITIONAL_REPRESENTATION('',(#3738),#3742);
#3738 = LINE('',#3739,#3740);
#3739 = CARTESIAN_POINT('',(7.,0.));
#3740 = VECTOR('',#3741,1.);
#3741 = DIRECTION('',(0.,-1.));
#3742 = ( GEOMETRIC_REPRESENTATION_CONTEXT(2) 
PARAMETRIC_REPRESENTATION_CONTEXT() REPRESENTATION_CONTEXT('2D SPACE',''
  ) );
#3743 = ORIENTED_EDGE('',*,*,#3649,.T.);
#3744 = ORIENTED_EDGE('',*,*,#3696,.T.);
#3745 = ORIENTED_EDGE('',*,*,#2266,.T.);
#3746 = ADVANCED_FACE('',(#3747),#2203,.F.);
#3747 = FACE_BOUND('',#3748,.F.);
#3748 = EDGE_LOOP('',(#3749,#3750,#3751,#3752));
#3749 = ORIENTED_EDGE('',*,*,#3723,.F.);
#3750 = ORIENTED_EDGE('',*,*,#3626,.F.);
#3751 = ORIENTED_EDGE('',*,*,#3549,.T.);
#3752 = ORIENTED_EDGE('',*,*,#2186,.T.);
#3753 = ADVANCED_FACE('',(#3754),#129,.T.);
#3754 = FACE_BOUND('',#3755,.T.);
#3755 = EDGE_LOOP('',(#3756,#3786,#3812,#3840,#3866,#3885,#3886,#3907));
#3756 = ORIENTED_EDGE('',*,*,#3757,.F.);
#3757 = EDGE_CURVE('',#3758,#3760,#3762,.T.);
#3758 = VERTEX_POINT('',#3759);
#3759 = CARTESIAN_POINT('',(-44.42868554767,300.,-113.));
#3760 = VERTEX_POINT('',#3761);
#3761 = CARTESIAN_POINT('',(-37.30951621235,300.,-113.));
#3762 = SURFACE_CURVE('',#3763,(#3767,#3774),.PCURVE_S1.);
#3763 = LINE('',#3764,#3765);
#3764 = CARTESIAN_POINT('',(-127.,300.,-113.));
#3765 = VECTOR('',#3766,1.);
#3766 = DIRECTION('',(1.,0.,-0.));
#3767 = PCURVE('',#129,#3768);
#3768 = DEFINITIONAL_REPRESENTATION('',(#3769),#3773);
#3769 = LINE('',#3770,#3771);
#3770 = CARTESIAN_POINT('',(0.,270.));
#3771 = VECTOR('',#3772,1.);
#3772 = DIRECTION('',(1.,0.));
#3773 = ( GEOMETRIC_REPRESENTATION_CONTEXT(2) 
PARAMETRIC_REPRESENTATION_CONTEXT() REPRESENTATION_CONTEXT('2D SPACE',''
  ) );
#3774 = PCURVE('',#3775,#3780);
#3775 = PLANE('',#3776);
#3776 = AXIS2_PLACEMENT_3D('',#3777,#3778,#3779);
#3777 = CARTESIAN_POINT('',(-127.,300.,-135.));
#3778 = DIRECTION('',(-0.,1.,0.));
#3779 = DIRECTION('',(0.,0.,1.));
#3780 = DEFINITIONAL_REPRESENTATION('',(#3781),#3785);
#3781 = LINE('',#3782,#3783);
#3782 = CARTESIAN_POINT('',(22.,0.));
#3783 = VECTOR('',#3784,1.);
#3784 = DIRECTION('',(0.,1.));
#3785 = ( GEOMETRIC_REPRESENTATION_CONTEXT(2) 
PARAMETRIC_REPRESENTATION_CONTEXT() REPRESENTATION_CONTEXT('2D SPACE',''
  ) );
#3786 = ORIENTED_EDGE('',*,*,#3787,.F.);
#3787 = EDGE_CURVE('',#3788,#3758,#3790,.T.);
#3788 = VERTEX_POINT('',#3789);
#3789 = CARTESIAN_POINT('',(-44.42868554767,30.,-113.));
#3790 = SURFACE_CURVE('',#3791,(#3795,#3801),.PCURVE_S1.);
#3791 = LINE('',#3792,#3793);
#3792 = CARTESIAN_POINT('',(-44.42868554767,27.5,-113.));
#3793 = VECTOR('',#3794,1.);
#3794 = DIRECTION('',(0.,1.,-0.));
#3795 = PCURVE('',#129,#3796);
#3796 = DEFINITIONAL_REPRESENTATION('',(#3797),#3800);
#3797 = B_SPLINE_CURVE_WITH_KNOTS('',1,(#3798,#3799),.UNSPECIFIED.,.F.,
  .F.,(2,2),(2.5,272.5),.PIECEWISE_BEZIER_KNOTS.);
#3798 = CARTESIAN_POINT('',(82.571314452322,0.));
#3799 = CARTESIAN_POINT('',(82.571314452322,270.));
#3800 = ( GEOMETRIC_REPRESENTATION_CONTEXT(2) 
PARAMETRIC_REPRESENTATION_CONTEXT() REPRESENTATION_CONTEXT('2D SPACE',''
  ) );
#3801 = PCURVE('',#3802,#3807);
#3802 = PLANE('',#3803);
#3803 = AXIS2_PLACEMENT_3D('',#3804,#3805,#3806);
#3804 = CARTESIAN_POINT('',(-44.17427075254,25.,-112.4717022343));
#3805 = DIRECTION('',(-0.900968867902,0.,0.433883739118));
#3806 = DIRECTION('',(-0.433883739118,0.,-0.900968867902));
#3807 = DEFINITIONAL_REPRESENTATION('',(#3808),#3811);
#3808 = B_SPLINE_CURVE_WITH_KNOTS('',1,(#3809,#3810),.UNSPECIFIED.,.F.,
  .F.,(2,2),(2.5,272.5),.PIECEWISE_BEZIER_KNOTS.);
#3809 = CARTESIAN_POINT('',(0.586366282478,-5.));
#3810 = CARTESIAN_POINT('',(0.586366282478,-275.));
#3811 = ( GEOMETRIC_REPRESENTATION_CONTEXT(2) 
PARAMETRIC_REPRESENTATION_CONTEXT() REPRESENTATION_CONTEXT('2D SPACE',''
  ) );
#3812 = ORIENTED_EDGE('',*,*,#3813,.T.);
#3813 = EDGE_CURVE('',#3788,#3814,#3816,.T.);
#3814 = VERTEX_POINT('',#3815);
#3815 = CARTESIAN_POINT('',(-37.30951621235,30.,-113.));
#3816 = SURFACE_CURVE('',#3817,(#3821,#3828),.PCURVE_S1.);
#3817 = LINE('',#3818,#3819);
#3818 = CARTESIAN_POINT('',(-127.,30.,-113.));
#3819 = VECTOR('',#3820,1.);
#3820 = DIRECTION('',(1.,0.,-0.));
#3821 = PCURVE('',#129,#3822);
#3822 = DEFINITIONAL_REPRESENTATION('',(#3823),#3827);
#3823 = LINE('',#3824,#3825);
#3824 = CARTESIAN_POINT('',(0.,0.));
#3825 = VECTOR('',#3826,1.);
#3826 = DIRECTION('',(1.,0.));
#3827 = ( GEOMETRIC_REPRESENTATION_CONTEXT(2) 
PARAMETRIC_REPRESENTATION_CONTEXT() REPRESENTATION_CONTEXT('2D SPACE',''
  ) );
#3828 = PCURVE('',#3829,#3834);
#3829 = PLANE('',#3830);
#3830 = AXIS2_PLACEMENT_3D('',#3831,#3832,#3833);
#3831 = CARTESIAN_POINT('',(-127.,30.,-135.));
#3832 = DIRECTION('',(-0.,1.,0.));
#3833 = DIRECTION('',(0.,0.,1.));
#3834 = DEFINITIONAL_REPRESENTATION('',(#3835),#3839);
#3835 = LINE('',#3836,#3837);
#3836 = CARTESIAN_POINT('',(22.,0.));
#3837 = VECTOR('',#3838,1.);
#3838 = DIRECTION('',(0.,1.));
#3839 = ( GEOMETRIC_REPRESENTATION_CONTEXT(2) 
PARAMETRIC_REPRESENTATION_CONTEXT() REPRESENTATION_CONTEXT('2D SPACE',''
  ) );
#3840 = ORIENTED_EDGE('',*,*,#3841,.T.);
#3841 = EDGE_CURVE('',#3814,#3842,#3844,.T.);
#3842 = VERTEX_POINT('',#3843);
#3843 = CARTESIAN_POINT('',(-37.30951621235,34.,-113.));
#3844 = SURFACE_CURVE('',#3845,(#3849,#3855),.PCURVE_S1.);
#3845 = LINE('',#3846,#3847);
#3846 = CARTESIAN_POINT('',(-37.30951621235,0.,-113.));
#3847 = VECTOR('',#3848,1.);
#3848 = DIRECTION('',(0.,1.,2.22044604925E-16));
#3849 = PCURVE('',#129,#3850);
#3850 = DEFINITIONAL_REPRESENTATION('',(#3851),#3854);
#3851 = B_SPLINE_CURVE_WITH_KNOTS('',1,(#3852,#3853),.UNSPECIFIED.,.F.,
  .F.,(2,2),(3.,34.0000024),.PIECEWISE_BEZIER_KNOTS.);
#3852 = CARTESIAN_POINT('',(89.690483787645,-27.));
#3853 = CARTESIAN_POINT('',(89.690483787645,4.0000024));
#3854 = ( GEOMETRIC_REPRESENTATION_CONTEXT(2) 
PARAMETRIC_REPRESENTATION_CONTEXT() REPRESENTATION_CONTEXT('2D SPACE',''
  ) );
#3855 = PCURVE('',#3856,#3861);
#3856 = CYLINDRICAL_SURFACE('',#3857,119.);
#3857 = AXIS2_PLACEMENT_3D('',#3858,#3859,#3860);
#3858 = CARTESIAN_POINT('',(0.,0.,-3.774758283726E-15));
#3859 = DIRECTION('',(0.,1.,2.22044604925E-16));
#3860 = DIRECTION('',(1.,0.,-0.));
#3861 = DEFINITIONAL_REPRESENTATION('',(#3862),#3865);
#3862 = B_SPLINE_CURVE_WITH_KNOTS('',1,(#3863,#3864),.UNSPECIFIED.,.F.,
  .F.,(2,2),(3.,34.0000024),.PIECEWISE_BEZIER_KNOTS.);
#3863 = CARTESIAN_POINT('',(1.889699628009,3.));
#3864 = CARTESIAN_POINT('',(1.889699628009,34.0000024));
#3865 = ( GEOMETRIC_REPRESENTATION_CONTEXT(2) 
PARAMETRIC_REPRESENTATION_CONTEXT() REPRESENTATION_CONTEXT('2D SPACE',''
  ) );
#3866 = ORIENTED_EDGE('',*,*,#3867,.T.);
#3867 = EDGE_CURVE('',#3842,#22,#3868,.T.);
#3868 = SURFACE_CURVE('',#3869,(#3873,#3879),.PCURVE_S1.);
#3869 = LINE('',#3870,#3871);
#3870 = CARTESIAN_POINT('',(-63.5,34.,-113.));
#3871 = VECTOR('',#3872,1.);
#3872 = DIRECTION('',(1.,0.,0.));
#3873 = PCURVE('',#129,#3874);
#3874 = DEFINITIONAL_REPRESENTATION('',(#3875),#3878);
#3875 = B_SPLINE_CURVE_WITH_KNOTS('',1,(#3876,#3877),.UNSPECIFIED.,.F.,
  .F.,(2,2),(-55.5,182.5),.PIECEWISE_BEZIER_KNOTS.);
#3876 = CARTESIAN_POINT('',(8.,4.));
#3877 = CARTESIAN_POINT('',(246.,4.));
#3878 = ( GEOMETRIC_REPRESENTATION_CONTEXT(2) 
PARAMETRIC_REPRESENTATION_CONTEXT() REPRESENTATION_CONTEXT('2D SPACE',''
  ) );
#3879 = PCURVE('',#45,#3880);
#3880 = DEFINITIONAL_REPRESENTATION('',(#3881),#3884);
#3881 = B_SPLINE_CURVE_WITH_KNOTS('',1,(#3882,#3883),.UNSPECIFIED.,.F.,
  .F.,(2,2),(-55.5,182.5),.PIECEWISE_BEZIER_KNOTS.);
#3882 = CARTESIAN_POINT('',(-119.,113.));
#3883 = CARTESIAN_POINT('',(119.,113.));
#3884 = ( GEOMETRIC_REPRESENTATION_CONTEXT(2) 
PARAMETRIC_REPRESENTATION_CONTEXT() REPRESENTATION_CONTEXT('2D SPACE',''
  ) );
#3885 = ORIENTED_EDGE('',*,*,#116,.T.);
#3886 = ORIENTED_EDGE('',*,*,#3887,.F.);
#3887 = EDGE_CURVE('',#3888,#84,#3890,.T.);
#3888 = VERTEX_POINT('',#3889);
#3889 = CARTESIAN_POINT('',(-37.30951621235,296.,-113.));
#3890 = SURFACE_CURVE('',#3891,(#3895,#3901),.PCURVE_S1.);
#3891 = LINE('',#3892,#3893);
#3892 = CARTESIAN_POINT('',(-63.5,296.,-113.));
#3893 = VECTOR('',#3894,1.);
#3894 = DIRECTION('',(1.,0.,0.));
#3895 = PCURVE('',#129,#3896);
#3896 = DEFINITIONAL_REPRESENTATION('',(#3897),#3900);
#3897 = B_SPLINE_CURVE_WITH_KNOTS('',1,(#3898,#3899),.UNSPECIFIED.,.F.,
  .F.,(2,2),(-55.5,182.5),.PIECEWISE_BEZIER_KNOTS.);
#3898 = CARTESIAN_POINT('',(8.,266.));
#3899 = CARTESIAN_POINT('',(246.,266.));
#3900 = ( GEOMETRIC_REPRESENTATION_CONTEXT(2) 
PARAMETRIC_REPRESENTATION_CONTEXT() REPRESENTATION_CONTEXT('2D SPACE',''
  ) );
#3901 = PCURVE('',#100,#3902);
#3902 = DEFINITIONAL_REPRESENTATION('',(#3903),#3906);
#3903 = B_SPLINE_CURVE_WITH_KNOTS('',1,(#3904,#3905),.UNSPECIFIED.,.F.,
  .F.,(2,2),(-55.5,182.5),.PIECEWISE_BEZIER_KNOTS.);
#3904 = CARTESIAN_POINT('',(-119.,113.));
#3905 = CARTESIAN_POINT('',(119.,113.));
#3906 = ( GEOMETRIC_REPRESENTATION_CONTEXT(2) 
PARAMETRIC_REPRESENTATION_CONTEXT() REPRESENTATION_CONTEXT('2D SPACE',''
  ) );
#3907 = ORIENTED_EDGE('',*,*,#3908,.T.);
#3908 = EDGE_CURVE('',#3888,#3760,#3909,.T.);
#3909 = SURFACE_CURVE('',#3910,(#3914,#3920),.PCURVE_S1.);
#3910 = LINE('',#3911,#3912);
#3911 = CARTESIAN_POINT('',(-37.30951621235,296.,-113.));
#3912 = VECTOR('',#3913,1.);
#3913 = DIRECTION('',(0.,1.,2.22044604925E-16));
#3914 = PCURVE('',#129,#3915);
#3915 = DEFINITIONAL_REPRESENTATION('',(#3916),#3919);
#3916 = B_SPLINE_CURVE_WITH_KNOTS('',1,(#3917,#3918),.UNSPECIFIED.,.F.,
  .F.,(2,2),(-2.399999971203E-06,31.),.PIECEWISE_BEZIER_KNOTS.);
#3917 = CARTESIAN_POINT('',(89.690483787645,265.9999976));
#3918 = CARTESIAN_POINT('',(89.690483787645,297.));
#3919 = ( GEOMETRIC_REPRESENTATION_CONTEXT(2) 
PARAMETRIC_REPRESENTATION_CONTEXT() REPRESENTATION_CONTEXT('2D SPACE',''
  ) );
#3920 = PCURVE('',#3921,#3926);
#3921 = CYLINDRICAL_SURFACE('',#3922,119.);
#3922 = AXIS2_PLACEMENT_3D('',#3923,#3924,#3925);
#3923 = CARTESIAN_POINT('',(0.,296.,-3.774758283726E-15));
#3924 = DIRECTION('',(0.,1.,2.22044604925E-16));
#3925 = DIRECTION('',(1.,0.,-0.));
#3926 = DEFINITIONAL_REPRESENTATION('',(#3927),#3930);
#3927 = B_SPLINE_CURVE_WITH_KNOTS('',1,(#3928,#3929),.UNSPECIFIED.,.F.,
  .F.,(2,2),(-2.399999971203E-06,31.),.PIECEWISE_BEZIER_KNOTS.);
#3928 = CARTESIAN_POINT('',(1.889699628009,-2.399999996294E-06));
#3929 = CARTESIAN_POINT('',(1.889699628009,31.));
#3930 = ( GEOMETRIC_REPRESENTATION_CONTEXT(2) 
PARAMETRIC_REPRESENTATION_CONTEXT() REPRESENTATION_CONTEXT('2D SPACE',''
  ) );
#3931 = ADVANCED_FACE('',(#3932),#3802,.F.);
#3932 = FACE_BOUND('',#3933,.F.);
#3933 = EDGE_LOOP('',(#3934,#3964,#3992,#4020,#4048,#4071,#4090,#4091));
#3934 = ORIENTED_EDGE('',*,*,#3935,.F.);
#3935 = EDGE_CURVE('',#3936,#3938,#3940,.T.);
#3936 = VERTEX_POINT('',#3937);
#3937 = CARTESIAN_POINT('',(-47.21145692636,25.,-118.7784843096));
#3938 = VERTEX_POINT('',#3939);
#3939 = CARTESIAN_POINT('',(-47.21145692636,30.,-118.7784843096));
#3940 = SURFACE_CURVE('',#3941,(#3945,#3952),.PCURVE_S1.);
#3941 = LINE('',#3942,#3943);
#3942 = CARTESIAN_POINT('',(-47.21145692636,25.,-118.7784843096));
#3943 = VECTOR('',#3944,1.);
#3944 = DIRECTION('',(0.,1.,0.));
#3945 = PCURVE('',#3802,#3946);
#3946 = DEFINITIONAL_REPRESENTATION('',(#3947),#3951);
#3947 = LINE('',#3948,#3949);
#3948 = CARTESIAN_POINT('',(7.,0.));
#3949 = VECTOR('',#3950,1.);
#3950 = DIRECTION('',(0.,-1.));
#3951 = ( GEOMETRIC_REPRESENTATION_CONTEXT(2) 
PARAMETRIC_REPRESENTATION_CONTEXT() REPRESENTATION_CONTEXT('2D SPACE',''
  ) );
#3952 = PCURVE('',#3953,#3958);
#3953 = PLANE('',#3954);
#3954 = AXIS2_PLACEMENT_3D('',#3955,#3956,#3957);
#3955 = CARTESIAN_POINT('',(-47.21145692636,25.,-118.7784843096));
#3956 = DIRECTION('',(-0.433883739118,0.,-0.900968867902));
#3957 = DIRECTION('',(-0.900968867902,0.,0.433883739118));
#3958 = DEFINITIONAL_REPRESENTATION('',(#3959),#3963);
#3959 = LINE('',#3960,#3961);
#3960 = CARTESIAN_POINT('',(0.,0.));
#3961 = VECTOR('',#3962,1.);
#3962 = DIRECTION('',(0.,1.));
#3963 = ( GEOMETRIC_REPRESENTATION_CONTEXT(2) 
PARAMETRIC_REPRESENTATION_CONTEXT() REPRESENTATION_CONTEXT('2D SPACE',''
  ) );
#3964 = ORIENTED_EDGE('',*,*,#3965,.F.);
#3965 = EDGE_CURVE('',#3966,#3936,#3968,.T.);
#3966 = VERTEX_POINT('',#3967);
#3967 = CARTESIAN_POINT('',(-44.17427075254,25.,-112.4717022343));
#3968 = SURFACE_CURVE('',#3969,(#3973,#3980),.PCURVE_S1.);
#3969 = LINE('',#3970,#3971);
#3970 = CARTESIAN_POINT('',(-44.17427075254,25.,-112.4717022343));
#3971 = VECTOR('',#3972,1.);
#3972 = DIRECTION('',(-0.433883739118,0.,-0.900968867902));
#3973 = PCURVE('',#3802,#3974);
#3974 = DEFINITIONAL_REPRESENTATION('',(#3975),#3979);
#3975 = LINE('',#3976,#3977);
#3976 = CARTESIAN_POINT('',(0.,0.));
#3977 = VECTOR('',#3978,1.);
#3978 = DIRECTION('',(1.,0.));
#3979 = ( GEOMETRIC_REPRESENTATION_CONTEXT(2) 
PARAMETRIC_REPRESENTATION_CONTEXT() REPRESENTATION_CONTEXT('2D SPACE',''
  ) );
#3980 = PCURVE('',#3981,#3986);
#3981 = PLANE('',#3982);
#3982 = AXIS2_PLACEMENT_3D('',#3983,#3984,#3985);
#3983 = CARTESIAN_POINT('',(-44.17427075254,25.,-112.4717022343));
#3984 = DIRECTION('',(0.,1.,0.));
#3985 = DIRECTION('',(-0.433883739118,0.,-0.900968867902));
#3986 = DEFINITIONAL_REPRESENTATION('',(#3987),#3991);
#3987 = LINE('',#3988,#3989);
#3988 = CARTESIAN_POINT('',(0.,0.));
#3989 = VECTOR('',#3990,1.);
#3990 = DIRECTION('',(1.,0.));
#3991 = ( GEOMETRIC_REPRESENTATION_CONTEXT(2) 
PARAMETRIC_REPRESENTATION_CONTEXT() REPRESENTATION_CONTEXT('2D SPACE',''
  ) );
#3992 = ORIENTED_EDGE('',*,*,#3993,.T.);
#3993 = EDGE_CURVE('',#3966,#3994,#3996,.T.);
#3994 = VERTEX_POINT('',#3995);
#3995 = CARTESIAN_POINT('',(-44.17427075254,305.,-112.4717022343));
#3996 = SURFACE_CURVE('',#3997,(#4001,#4008),.PCURVE_S1.);
#3997 = LINE('',#3998,#3999);
#3998 = CARTESIAN_POINT('',(-44.17427075254,25.,-112.4717022343));
#3999 = VECTOR('',#4000,1.);
#4000 = DIRECTION('',(0.,1.,0.));
#4001 = PCURVE('',#3802,#4002);
#4002 = DEFINITIONAL_REPRESENTATION('',(#4003),#4007);
#4003 = LINE('',#4004,#4005);
#4004 = CARTESIAN_POINT('',(0.,0.));
#4005 = VECTOR('',#4006,1.);
#4006 = DIRECTION('',(0.,-1.));
#4007 = ( GEOMETRIC_REPRESENTATION_CONTEXT(2) 
PARAMETRIC_REPRESENTATION_CONTEXT() REPRESENTATION_CONTEXT('2D SPACE',''
  ) );
#4008 = PCURVE('',#4009,#4014);
#4009 = PLANE('',#4010);
#4010 = AXIS2_PLACEMENT_3D('',#4011,#4012,#4013);
#4011 = CARTESIAN_POINT('',(-44.17427075254,25.,-112.4717022343));
#4012 = DIRECTION('',(-0.433883739118,0.,-0.900968867902));
#4013 = DIRECTION('',(-0.900968867902,0.,0.433883739118));
#4014 = DEFINITIONAL_REPRESENTATION('',(#4015),#4019);
#4015 = LINE('',#4016,#4017);
#4016 = CARTESIAN_POINT('',(0.,0.));
#4017 = VECTOR('',#4018,1.);
#4018 = DIRECTION('',(0.,1.));
#4019 = ( GEOMETRIC_REPRESENTATION_CONTEXT(2) 
PARAMETRIC_REPRESENTATION_CONTEXT() REPRESENTATION_CONTEXT('2D SPACE',''
  ) );
#4020 = ORIENTED_EDGE('',*,*,#4021,.T.);
#4021 = EDGE_CURVE('',#3994,#4022,#4024,.T.);
#4022 = VERTEX_POINT('',#4023);
#4023 = CARTESIAN_POINT('',(-47.21145692636,305.,-118.7784843096));
#4024 = SURFACE_CURVE('',#4025,(#4029,#4036),.PCURVE_S1.);
#4025 = LINE('',#4026,#4027);
#4026 = CARTESIAN_POINT('',(-44.17427075254,305.,-112.4717022343));
#4027 = VECTOR('',#4028,1.);
#4028 = DIRECTION('',(-0.433883739118,0.,-0.900968867902));
#4029 = PCURVE('',#3802,#4030);
#4030 = DEFINITIONAL_REPRESENTATION('',(#4031),#4035);
#4031 = LINE('',#4032,#4033);
#4032 = CARTESIAN_POINT('',(0.,-280.));
#4033 = VECTOR('',#4034,1.);
#4034 = DIRECTION('',(1.,0.));
#4035 = ( GEOMETRIC_REPRESENTATION_CONTEXT(2) 
PARAMETRIC_REPRESENTATION_CONTEXT() REPRESENTATION_CONTEXT('2D SPACE',''
  ) );
#4036 = PCURVE('',#4037,#4042);
#4037 = PLANE('',#4038);
#4038 = AXIS2_PLACEMENT_3D('',#4039,#4040,#4041);
#4039 = CARTESIAN_POINT('',(-44.17427075254,305.,-112.4717022343));
#4040 = DIRECTION('',(0.,1.,0.));
#4041 = DIRECTION('',(-0.433883739118,0.,-0.900968867902));
#4042 = DEFINITIONAL_REPRESENTATION('',(#4043),#4047);
#4043 = LINE('',#4044,#4045);
#4044 = CARTESIAN_POINT('',(0.,0.));
#4045 = VECTOR('',#4046,1.);
#4046 = DIRECTION('',(1.,0.));
#4047 = ( GEOMETRIC_REPRESENTATION_CONTEXT(2) 
PARAMETRIC_REPRESENTATION_CONTEXT() REPRESENTATION_CONTEXT('2D SPACE',''
  ) );
#4048 = ORIENTED_EDGE('',*,*,#4049,.F.);
#4049 = EDGE_CURVE('',#4050,#4022,#4052,.T.);
#4050 = VERTEX_POINT('',#4051);
#4051 = CARTESIAN_POINT('',(-47.21145692636,300.,-118.7784843096));
#4052 = SURFACE_CURVE('',#4053,(#4057,#4064),.PCURVE_S1.);
#4053 = LINE('',#4054,#4055);
#4054 = CARTESIAN_POINT('',(-47.21145692636,25.,-118.7784843096));
#4055 = VECTOR('',#4056,1.);
#4056 = DIRECTION('',(0.,1.,0.));
#4057 = PCURVE('',#3802,#4058);
#4058 = DEFINITIONAL_REPRESENTATION('',(#4059),#4063);
#4059 = LINE('',#4060,#4061);
#4060 = CARTESIAN_POINT('',(7.,0.));
#4061 = VECTOR('',#4062,1.);
#4062 = DIRECTION('',(0.,-1.));
#4063 = ( GEOMETRIC_REPRESENTATION_CONTEXT(2) 
PARAMETRIC_REPRESENTATION_CONTEXT() REPRESENTATION_CONTEXT('2D SPACE',''
  ) );
#4064 = PCURVE('',#3953,#4065);
#4065 = DEFINITIONAL_REPRESENTATION('',(#4066),#4070);
#4066 = LINE('',#4067,#4068);
#4067 = CARTESIAN_POINT('',(0.,0.));
#4068 = VECTOR('',#4069,1.);
#4069 = DIRECTION('',(0.,1.));
#4070 = ( GEOMETRIC_REPRESENTATION_CONTEXT(2) 
PARAMETRIC_REPRESENTATION_CONTEXT() REPRESENTATION_CONTEXT('2D SPACE',''
  ) );
#4071 = ORIENTED_EDGE('',*,*,#4072,.F.);
#4072 = EDGE_CURVE('',#3758,#4050,#4073,.T.);
#4073 = SURFACE_CURVE('',#4074,(#4078,#4084),.PCURVE_S1.);
#4074 = LINE('',#4075,#4076);
#4075 = CARTESIAN_POINT('',(-56.37378679499,300.,-137.8042583242));
#4076 = VECTOR('',#4077,1.);
#4077 = DIRECTION('',(-0.433883739118,0.,-0.900968867902));
#4078 = PCURVE('',#3802,#4079);
#4079 = DEFINITIONAL_REPRESENTATION('',(#4080),#4083);
#4080 = B_SPLINE_CURVE_WITH_KNOTS('',1,(#4081,#4082),.UNSPECIFIED.,.F.,
  .F.,(2,2),(-27.5306497349,-21.11701601737),.PIECEWISE_BEZIER_KNOTS.);
#4081 = CARTESIAN_POINT('',(0.586366282478,-275.));
#4082 = CARTESIAN_POINT('',(7.,-275.));
#4083 = ( GEOMETRIC_REPRESENTATION_CONTEXT(2) 
PARAMETRIC_REPRESENTATION_CONTEXT() REPRESENTATION_CONTEXT('2D SPACE',''
  ) );
#4084 = PCURVE('',#3775,#4085);
#4085 = DEFINITIONAL_REPRESENTATION('',(#4086),#4089);
#4086 = B_SPLINE_CURVE_WITH_KNOTS('',1,(#4087,#4088),.UNSPECIFIED.,.F.,
  .F.,(2,2),(-27.5306497349,-21.11701601737),.PIECEWISE_BEZIER_KNOTS.);
#4087 = CARTESIAN_POINT('',(22.,82.571314452322));
#4088 = CARTESIAN_POINT('',(16.221515690384,79.788543073633));
#4089 = ( GEOMETRIC_REPRESENTATION_CONTEXT(2) 
PARAMETRIC_REPRESENTATION_CONTEXT() REPRESENTATION_CONTEXT('2D SPACE',''
  ) );
#4090 = ORIENTED_EDGE('',*,*,#3787,.F.);
#4091 = ORIENTED_EDGE('',*,*,#4092,.T.);
#4092 = EDGE_CURVE('',#3788,#3938,#4093,.T.);
#4093 = SURFACE_CURVE('',#4094,(#4098,#4104),.PCURVE_S1.);
#4094 = LINE('',#4095,#4096);
#4095 = CARTESIAN_POINT('',(-56.37378679499,30.,-137.8042583242));
#4096 = VECTOR('',#4097,1.);
#4097 = DIRECTION('',(-0.433883739118,0.,-0.900968867902));
#4098 = PCURVE('',#3802,#4099);
#4099 = DEFINITIONAL_REPRESENTATION('',(#4100),#4103);
#4100 = B_SPLINE_CURVE_WITH_KNOTS('',1,(#4101,#4102),.UNSPECIFIED.,.F.,
  .F.,(2,2),(-27.5306497349,-21.11701601737),.PIECEWISE_BEZIER_KNOTS.);
#4101 = CARTESIAN_POINT('',(0.586366282478,-5.));
#4102 = CARTESIAN_POINT('',(7.,-5.));
#4103 = ( GEOMETRIC_REPRESENTATION_CONTEXT(2) 
PARAMETRIC_REPRESENTATION_CONTEXT() REPRESENTATION_CONTEXT('2D SPACE',''
  ) );
#4104 = PCURVE('',#3829,#4105);
#4105 = DEFINITIONAL_REPRESENTATION('',(#4106),#4109);
#4106 = B_SPLINE_CURVE_WITH_KNOTS('',1,(#4107,#4108),.UNSPECIFIED.,.F.,
  .F.,(2,2),(-27.5306497349,-21.11701601737),.PIECEWISE_BEZIER_KNOTS.);
#4107 = CARTESIAN_POINT('',(22.,82.571314452322));
#4108 = CARTESIAN_POINT('',(16.221515690384,79.788543073633));
#4109 = ( GEOMETRIC_REPRESENTATION_CONTEXT(2) 
PARAMETRIC_REPRESENTATION_CONTEXT() REPRESENTATION_CONTEXT('2D SPACE',''
  ) );
#4110 = ADVANCED_FACE('',(#4111),#3981,.F.);
#4111 = FACE_BOUND('',#4112,.F.);
#4112 = EDGE_LOOP('',(#4113,#4136,#4137,#4160));
#4113 = ORIENTED_EDGE('',*,*,#4114,.F.);
#4114 = EDGE_CURVE('',#3966,#4115,#4117,.T.);
#4115 = VERTEX_POINT('',#4116);
#4116 = CARTESIAN_POINT('',(-60.39171037478,25.,-104.6617949301));
#4117 = SURFACE_CURVE('',#4118,(#4122,#4129),.PCURVE_S1.);
#4118 = LINE('',#4119,#4120);
#4119 = CARTESIAN_POINT('',(-44.17427075254,25.,-112.4717022343));
#4120 = VECTOR('',#4121,1.);
#4121 = DIRECTION('',(-0.900968867902,0.,0.433883739118));
#4122 = PCURVE('',#3981,#4123);
#4123 = DEFINITIONAL_REPRESENTATION('',(#4124),#4128);
#4124 = LINE('',#4125,#4126);
#4125 = CARTESIAN_POINT('',(0.,0.));
#4126 = VECTOR('',#4127,1.);
#4127 = DIRECTION('',(0.,1.));
#4128 = ( GEOMETRIC_REPRESENTATION_CONTEXT(2) 
PARAMETRIC_REPRESENTATION_CONTEXT() REPRESENTATION_CONTEXT('2D SPACE',''
  ) );
#4129 = PCURVE('',#4009,#4130);
#4130 = DEFINITIONAL_REPRESENTATION('',(#4131),#4135);
#4131 = LINE('',#4132,#4133);
#4132 = CARTESIAN_POINT('',(0.,0.));
#4133 = VECTOR('',#4134,1.);
#4134 = DIRECTION('',(1.,0.));
#4135 = ( GEOMETRIC_REPRESENTATION_CONTEXT(2) 
PARAMETRIC_REPRESENTATION_CONTEXT() REPRESENTATION_CONTEXT('2D SPACE',''
  ) );
#4136 = ORIENTED_EDGE('',*,*,#3965,.T.);
#4137 = ORIENTED_EDGE('',*,*,#4138,.T.);
#4138 = EDGE_CURVE('',#3936,#4139,#4141,.T.);
#4139 = VERTEX_POINT('',#4140);
#4140 = CARTESIAN_POINT('',(-63.42889654861,25.,-110.9685770055));
#4141 = SURFACE_CURVE('',#4142,(#4146,#4153),.PCURVE_S1.);
#4142 = LINE('',#4143,#4144);
#4143 = CARTESIAN_POINT('',(-47.21145692636,25.,-118.7784843096));
#4144 = VECTOR('',#4145,1.);
#4145 = DIRECTION('',(-0.900968867902,0.,0.433883739118));
#4146 = PCURVE('',#3981,#4147);
#4147 = DEFINITIONAL_REPRESENTATION('',(#4148),#4152);
#4148 = LINE('',#4149,#4150);
#4149 = CARTESIAN_POINT('',(7.,0.));
#4150 = VECTOR('',#4151,1.);
#4151 = DIRECTION('',(0.,1.));
#4152 = ( GEOMETRIC_REPRESENTATION_CONTEXT(2) 
PARAMETRIC_REPRESENTATION_CONTEXT() REPRESENTATION_CONTEXT('2D SPACE',''
  ) );
#4153 = PCURVE('',#3953,#4154);
#4154 = DEFINITIONAL_REPRESENTATION('',(#4155),#4159);
#4155 = LINE('',#4156,#4157);
#4156 = CARTESIAN_POINT('',(0.,0.));
#4157 = VECTOR('',#4158,1.);
#4158 = DIRECTION('',(1.,0.));
#4159 = ( GEOMETRIC_REPRESENTATION_CONTEXT(2) 
PARAMETRIC_REPRESENTATION_CONTEXT() REPRESENTATION_CONTEXT('2D SPACE',''
  ) );
#4160 = ORIENTED_EDGE('',*,*,#4161,.F.);
#4161 = EDGE_CURVE('',#4115,#4139,#4162,.T.);
#4162 = SURFACE_CURVE('',#4163,(#4167,#4174),.PCURVE_S1.);
#4163 = LINE('',#4164,#4165);
#4164 = CARTESIAN_POINT('',(-60.39171037478,25.,-104.6617949301));
#4165 = VECTOR('',#4166,1.);
#4166 = DIRECTION('',(-0.433883739118,0.,-0.900968867902));
#4167 = PCURVE('',#3981,#4168);
#4168 = DEFINITIONAL_REPRESENTATION('',(#4169),#4173);
#4169 = LINE('',#4170,#4171);
#4170 = CARTESIAN_POINT('',(0.,18.));
#4171 = VECTOR('',#4172,1.);
#4172 = DIRECTION('',(1.,0.));
#4173 = ( GEOMETRIC_REPRESENTATION_CONTEXT(2) 
PARAMETRIC_REPRESENTATION_CONTEXT() REPRESENTATION_CONTEXT('2D SPACE',''
  ) );
#4174 = PCURVE('',#4175,#4180);
#4175 = PLANE('',#4176);
#4176 = AXIS2_PLACEMENT_3D('',#4177,#4178,#4179);
#4177 = CARTESIAN_POINT('',(-60.39171037478,25.,-104.6617949301));
#4178 = DIRECTION('',(-0.900968867902,0.,0.433883739118));
#4179 = DIRECTION('',(-0.433883739118,0.,-0.900968867902));
#4180 = DEFINITIONAL_REPRESENTATION('',(#4181),#4185);
#4181 = LINE('',#4182,#4183);
#4182 = CARTESIAN_POINT('',(0.,0.));
#4183 = VECTOR('',#4184,1.);
#4184 = DIRECTION('',(1.,0.));
#4185 = ( GEOMETRIC_REPRESENTATION_CONTEXT(2) 
PARAMETRIC_REPRESENTATION_CONTEXT() REPRESENTATION_CONTEXT('2D SPACE',''
  ) );
#4186 = ADVANCED_FACE('',(#4187),#4175,.T.);
#4187 = FACE_BOUND('',#4188,.T.);
#4188 = EDGE_LOOP('',(#4189,#4190,#4213,#4236));
#4189 = ORIENTED_EDGE('',*,*,#4161,.F.);
#4190 = ORIENTED_EDGE('',*,*,#4191,.T.);
#4191 = EDGE_CURVE('',#4115,#4192,#4194,.T.);
#4192 = VERTEX_POINT('',#4193);
#4193 = CARTESIAN_POINT('',(-60.39171037478,305.,-104.6617949301));
#4194 = SURFACE_CURVE('',#4195,(#4199,#4206),.PCURVE_S1.);
#4195 = LINE('',#4196,#4197);
#4196 = CARTESIAN_POINT('',(-60.39171037478,25.,-104.6617949301));
#4197 = VECTOR('',#4198,1.);
#4198 = DIRECTION('',(0.,1.,0.));
#4199 = PCURVE('',#4175,#4200);
#4200 = DEFINITIONAL_REPRESENTATION('',(#4201),#4205);
#4201 = LINE('',#4202,#4203);
#4202 = CARTESIAN_POINT('',(0.,0.));
#4203 = VECTOR('',#4204,1.);
#4204 = DIRECTION('',(0.,-1.));
#4205 = ( GEOMETRIC_REPRESENTATION_CONTEXT(2) 
PARAMETRIC_REPRESENTATION_CONTEXT() REPRESENTATION_CONTEXT('2D SPACE',''
  ) );
#4206 = PCURVE('',#4009,#4207);
#4207 = DEFINITIONAL_REPRESENTATION('',(#4208),#4212);
#4208 = LINE('',#4209,#4210);
#4209 = CARTESIAN_POINT('',(18.,0.));
#4210 = VECTOR('',#4211,1.);
#4211 = DIRECTION('',(0.,1.));
#4212 = ( GEOMETRIC_REPRESENTATION_CONTEXT(2) 
PARAMETRIC_REPRESENTATION_CONTEXT() REPRESENTATION_CONTEXT('2D SPACE',''
  ) );
#4213 = ORIENTED_EDGE('',*,*,#4214,.T.);
#4214 = EDGE_CURVE('',#4192,#4215,#4217,.T.);
#4215 = VERTEX_POINT('',#4216);
#4216 = CARTESIAN_POINT('',(-63.42889654861,305.,-110.9685770055));
#4217 = SURFACE_CURVE('',#4218,(#4222,#4229),.PCURVE_S1.);
#4218 = LINE('',#4219,#4220);
#4219 = CARTESIAN_POINT('',(-60.39171037478,305.,-104.6617949301));
#4220 = VECTOR('',#4221,1.);
#4221 = DIRECTION('',(-0.433883739118,0.,-0.900968867902));
#4222 = PCURVE('',#4175,#4223);
#4223 = DEFINITIONAL_REPRESENTATION('',(#4224),#4228);
#4224 = LINE('',#4225,#4226);
#4225 = CARTESIAN_POINT('',(0.,-280.));
#4226 = VECTOR('',#4227,1.);
#4227 = DIRECTION('',(1.,0.));
#4228 = ( GEOMETRIC_REPRESENTATION_CONTEXT(2) 
PARAMETRIC_REPRESENTATION_CONTEXT() REPRESENTATION_CONTEXT('2D SPACE',''
  ) );
#4229 = PCURVE('',#4037,#4230);
#4230 = DEFINITIONAL_REPRESENTATION('',(#4231),#4235);
#4231 = LINE('',#4232,#4233);
#4232 = CARTESIAN_POINT('',(0.,18.));
#4233 = VECTOR('',#4234,1.);
#4234 = DIRECTION('',(1.,0.));
#4235 = ( GEOMETRIC_REPRESENTATION_CONTEXT(2) 
PARAMETRIC_REPRESENTATION_CONTEXT() REPRESENTATION_CONTEXT('2D SPACE',''
  ) );
#4236 = ORIENTED_EDGE('',*,*,#4237,.F.);
#4237 = EDGE_CURVE('',#4139,#4215,#4238,.T.);
#4238 = SURFACE_CURVE('',#4239,(#4243,#4250),.PCURVE_S1.);
#4239 = LINE('',#4240,#4241);
#4240 = CARTESIAN_POINT('',(-63.42889654861,25.,-110.9685770055));
#4241 = VECTOR('',#4242,1.);
#4242 = DIRECTION('',(0.,1.,0.));
#4243 = PCURVE('',#4175,#4244);
#4244 = DEFINITIONAL_REPRESENTATION('',(#4245),#4249);
#4245 = LINE('',#4246,#4247);
#4246 = CARTESIAN_POINT('',(7.,0.));
#4247 = VECTOR('',#4248,1.);
#4248 = DIRECTION('',(0.,-1.));
#4249 = ( GEOMETRIC_REPRESENTATION_CONTEXT(2) 
PARAMETRIC_REPRESENTATION_CONTEXT() REPRESENTATION_CONTEXT('2D SPACE',''
  ) );
#4250 = PCURVE('',#3953,#4251);
#4251 = DEFINITIONAL_REPRESENTATION('',(#4252),#4256);
#4252 = LINE('',#4253,#4254);
#4253 = CARTESIAN_POINT('',(18.,0.));
#4254 = VECTOR('',#4255,1.);
#4255 = DIRECTION('',(0.,1.));
#4256 = ( GEOMETRIC_REPRESENTATION_CONTEXT(2) 
PARAMETRIC_REPRESENTATION_CONTEXT() REPRESENTATION_CONTEXT('2D SPACE',''
  ) );
#4257 = ADVANCED_FACE('',(#4258),#4009,.F.);
#4258 = FACE_BOUND('',#4259,.F.);
#4259 = EDGE_LOOP('',(#4260,#4261,#4262,#4263));
#4260 = ORIENTED_EDGE('',*,*,#3993,.F.);
#4261 = ORIENTED_EDGE('',*,*,#4114,.T.);
#4262 = ORIENTED_EDGE('',*,*,#4191,.T.);
#4263 = ORIENTED_EDGE('',*,*,#4264,.F.);
#4264 = EDGE_CURVE('',#3994,#4192,#4265,.T.);
#4265 = SURFACE_CURVE('',#4266,(#4270,#4277),.PCURVE_S1.);
#4266 = LINE('',#4267,#4268);
#4267 = CARTESIAN_POINT('',(-44.17427075254,305.,-112.4717022343));
#4268 = VECTOR('',#4269,1.);
#4269 = DIRECTION('',(-0.900968867902,0.,0.433883739118));
#4270 = PCURVE('',#4009,#4271);
#4271 = DEFINITIONAL_REPRESENTATION('',(#4272),#4276);
#4272 = LINE('',#4273,#4274);
#4273 = CARTESIAN_POINT('',(0.,280.));
#4274 = VECTOR('',#4275,1.);
#4275 = DIRECTION('',(1.,0.));
#4276 = ( GEOMETRIC_REPRESENTATION_CONTEXT(2) 
PARAMETRIC_REPRESENTATION_CONTEXT() REPRESENTATION_CONTEXT('2D SPACE',''
  ) );
#4277 = PCURVE('',#4037,#4278);
#4278 = DEFINITIONAL_REPRESENTATION('',(#4279),#4283);
#4279 = LINE('',#4280,#4281);
#4280 = CARTESIAN_POINT('',(0.,0.));
#4281 = VECTOR('',#4282,1.);
#4282 = DIRECTION('',(0.,1.));
#4283 = ( GEOMETRIC_REPRESENTATION_CONTEXT(2) 
PARAMETRIC_REPRESENTATION_CONTEXT() REPRESENTATION_CONTEXT('2D SPACE',''
  ) );
#4284 = ADVANCED_FACE('',(#4285),#4037,.T.);
#4285 = FACE_BOUND('',#4286,.T.);
#4286 = EDGE_LOOP('',(#4287,#4288,#4289,#4310));
#4287 = ORIENTED_EDGE('',*,*,#4264,.F.);
#4288 = ORIENTED_EDGE('',*,*,#4021,.T.);
#4289 = ORIENTED_EDGE('',*,*,#4290,.T.);
#4290 = EDGE_CURVE('',#4022,#4215,#4291,.T.);
#4291 = SURFACE_CURVE('',#4292,(#4296,#4303),.PCURVE_S1.);
#4292 = LINE('',#4293,#4294);
#4293 = CARTESIAN_POINT('',(-47.21145692636,305.,-118.7784843096));
#4294 = VECTOR('',#4295,1.);
#4295 = DIRECTION('',(-0.900968867902,0.,0.433883739118));
#4296 = PCURVE('',#4037,#4297);
#4297 = DEFINITIONAL_REPRESENTATION('',(#4298),#4302);
#4298 = LINE('',#4299,#4300);
#4299 = CARTESIAN_POINT('',(7.,0.));
#4300 = VECTOR('',#4301,1.);
#4301 = DIRECTION('',(0.,1.));
#4302 = ( GEOMETRIC_REPRESENTATION_CONTEXT(2) 
PARAMETRIC_REPRESENTATION_CONTEXT() REPRESENTATION_CONTEXT('2D SPACE',''
  ) );
#4303 = PCURVE('',#3953,#4304);
#4304 = DEFINITIONAL_REPRESENTATION('',(#4305),#4309);
#4305 = LINE('',#4306,#4307);
#4306 = CARTESIAN_POINT('',(0.,280.));
#4307 = VECTOR('',#4308,1.);
#4308 = DIRECTION('',(1.,0.));
#4309 = ( GEOMETRIC_REPRESENTATION_CONTEXT(2) 
PARAMETRIC_REPRESENTATION_CONTEXT() REPRESENTATION_CONTEXT('2D SPACE',''
  ) );
#4310 = ORIENTED_EDGE('',*,*,#4214,.F.);
#4311 = ADVANCED_FACE('',(#4312),#3953,.T.);
#4312 = FACE_BOUND('',#4313,.T.);
#4313 = EDGE_LOOP('',(#4314,#4315,#4316,#4317,#4318,#4319,#4340,#4366));
#4314 = ORIENTED_EDGE('',*,*,#3935,.F.);
#4315 = ORIENTED_EDGE('',*,*,#4138,.T.);
#4316 = ORIENTED_EDGE('',*,*,#4237,.T.);
#4317 = ORIENTED_EDGE('',*,*,#4290,.F.);
#4318 = ORIENTED_EDGE('',*,*,#4049,.F.);
#4319 = ORIENTED_EDGE('',*,*,#4320,.F.);
#4320 = EDGE_CURVE('',#4321,#4050,#4323,.T.);
#4321 = VERTEX_POINT('',#4322);
#4322 = CARTESIAN_POINT('',(-59.21060323504,300.,-113.));
#4323 = SURFACE_CURVE('',#4324,(#4328,#4334),.PCURVE_S1.);
#4324 = LINE('',#4325,#4326);
#4325 = CARTESIAN_POINT('',(-76.42480550764,300.,-104.7100771024));
#4326 = VECTOR('',#4327,1.);
#4327 = DIRECTION('',(0.900968867902,0.,-0.433883739118));
#4328 = PCURVE('',#3953,#4329);
#4329 = DEFINITIONAL_REPRESENTATION('',(#4330),#4333);
#4330 = B_SPLINE_CURVE_WITH_KNOTS('',1,(#4331,#4332),.UNSPECIFIED.,.F.,
  .F.,(2,2),(19.106323077156,32.424370721368),.PIECEWISE_BEZIER_KNOTS.);
#4331 = CARTESIAN_POINT('',(13.318047644212,275.));
#4332 = CARTESIAN_POINT('',(0.,275.));
#4333 = ( GEOMETRIC_REPRESENTATION_CONTEXT(2) 
PARAMETRIC_REPRESENTATION_CONTEXT() REPRESENTATION_CONTEXT('2D SPACE',''
  ) );
#4334 = PCURVE('',#3775,#4335);
#4335 = DEFINITIONAL_REPRESENTATION('',(#4336),#4339);
#4336 = B_SPLINE_CURVE_WITH_KNOTS('',1,(#4337,#4338),.UNSPECIFIED.,.F.,
  .F.,(2,2),(19.106323077156,32.424370721368),.PIECEWISE_BEZIER_KNOTS.);
#4337 = CARTESIAN_POINT('',(22.,67.789396764957));
#4338 = CARTESIAN_POINT('',(16.221515690384,79.788543073633));
#4339 = ( GEOMETRIC_REPRESENTATION_CONTEXT(2) 
PARAMETRIC_REPRESENTATION_CONTEXT() REPRESENTATION_CONTEXT('2D SPACE',''
  ) );
#4340 = ORIENTED_EDGE('',*,*,#4341,.F.);
#4341 = EDGE_CURVE('',#4342,#4321,#4344,.T.);
#4342 = VERTEX_POINT('',#4343);
#4343 = CARTESIAN_POINT('',(-59.21060323504,30.,-113.));
#4344 = SURFACE_CURVE('',#4345,(#4349,#4355),.PCURVE_S1.);
#4345 = LINE('',#4346,#4347);
#4346 = CARTESIAN_POINT('',(-59.21060323504,27.5,-113.));
#4347 = VECTOR('',#4348,1.);
#4348 = DIRECTION('',(0.,1.,-0.));
#4349 = PCURVE('',#3953,#4350);
#4350 = DEFINITIONAL_REPRESENTATION('',(#4351),#4354);
#4351 = B_SPLINE_CURVE_WITH_KNOTS('',1,(#4352,#4353),.UNSPECIFIED.,.F.,
  .F.,(2,2),(2.5,272.5),.PIECEWISE_BEZIER_KNOTS.);
#4352 = CARTESIAN_POINT('',(13.318047644212,5.));
#4353 = CARTESIAN_POINT('',(13.318047644212,275.));
#4354 = ( GEOMETRIC_REPRESENTATION_CONTEXT(2) 
PARAMETRIC_REPRESENTATION_CONTEXT() REPRESENTATION_CONTEXT('2D SPACE',''
  ) );
#4355 = PCURVE('',#4356,#4361);
#4356 = PLANE('',#4357);
#4357 = AXIS2_PLACEMENT_3D('',#4358,#4359,#4360);
#4358 = CARTESIAN_POINT('',(-127.,30.,-113.));
#4359 = DIRECTION('',(0.,0.,1.));
#4360 = DIRECTION('',(1.,0.,-0.));
#4361 = DEFINITIONAL_REPRESENTATION('',(#4362),#4365);
#4362 = B_SPLINE_CURVE_WITH_KNOTS('',1,(#4363,#4364),.UNSPECIFIED.,.F.,
  .F.,(2,2),(2.5,272.5),.PIECEWISE_BEZIER_KNOTS.);
#4363 = CARTESIAN_POINT('',(67.789396764957,0.));
#4364 = CARTESIAN_POINT('',(67.789396764957,270.));
#4365 = ( GEOMETRIC_REPRESENTATION_CONTEXT(2) 
PARAMETRIC_REPRESENTATION_CONTEXT() REPRESENTATION_CONTEXT('2D SPACE',''
  ) );
#4366 = ORIENTED_EDGE('',*,*,#4367,.T.);
#4367 = EDGE_CURVE('',#4342,#3938,#4368,.T.);
#4368 = SURFACE_CURVE('',#4369,(#4373,#4379),.PCURVE_S1.);
#4369 = LINE('',#4370,#4371);
#4370 = CARTESIAN_POINT('',(-76.42480550764,30.,-104.7100771024));
#4371 = VECTOR('',#4372,1.);
#4372 = DIRECTION('',(0.900968867902,0.,-0.433883739118));
#4373 = PCURVE('',#3953,#4374);
#4374 = DEFINITIONAL_REPRESENTATION('',(#4375),#4378);
#4375 = B_SPLINE_CURVE_WITH_KNOTS('',1,(#4376,#4377),.UNSPECIFIED.,.F.,
  .F.,(2,2),(19.106323077156,32.424370721368),.PIECEWISE_BEZIER_KNOTS.);
#4376 = CARTESIAN_POINT('',(13.318047644212,5.));
#4377 = CARTESIAN_POINT('',(0.,5.));
#4378 = ( GEOMETRIC_REPRESENTATION_CONTEXT(2) 
PARAMETRIC_REPRESENTATION_CONTEXT() REPRESENTATION_CONTEXT('2D SPACE',''
  ) );
#4379 = PCURVE('',#3829,#4380);
#4380 = DEFINITIONAL_REPRESENTATION('',(#4381),#4384);
#4381 = B_SPLINE_CURVE_WITH_KNOTS('',1,(#4382,#4383),.UNSPECIFIED.,.F.,
  .F.,(2,2),(19.106323077156,32.424370721368),.PIECEWISE_BEZIER_KNOTS.);
#4382 = CARTESIAN_POINT('',(22.,67.789396764957));
#4383 = CARTESIAN_POINT('',(16.221515690384,79.788543073633));
#4384 = ( GEOMETRIC_REPRESENTATION_CONTEXT(2) 
PARAMETRIC_REPRESENTATION_CONTEXT() REPRESENTATION_CONTEXT('2D SPACE',''
  ) );
#4385 = ADVANCED_FACE('',(#4386),#4356,.T.);
#4386 = FACE_BOUND('',#4387,.T.);
#4387 = EDGE_LOOP('',(#4388,#4411,#4439,#4460));
#4388 = ORIENTED_EDGE('',*,*,#4389,.F.);
#4389 = EDGE_CURVE('',#4390,#4321,#4392,.T.);
#4390 = VERTEX_POINT('',#4391);
#4391 = CARTESIAN_POINT('',(-127.,300.,-113.));
#4392 = SURFACE_CURVE('',#4393,(#4397,#4404),.PCURVE_S1.);
#4393 = LINE('',#4394,#4395);
#4394 = CARTESIAN_POINT('',(-127.,300.,-113.));
#4395 = VECTOR('',#4396,1.);
#4396 = DIRECTION('',(1.,0.,-0.));
#4397 = PCURVE('',#4356,#4398);
#4398 = DEFINITIONAL_REPRESENTATION('',(#4399),#4403);
#4399 = LINE('',#4400,#4401);
#4400 = CARTESIAN_POINT('',(0.,270.));
#4401 = VECTOR('',#4402,1.);
#4402 = DIRECTION('',(1.,0.));
#4403 = ( GEOMETRIC_REPRESENTATION_CONTEXT(2) 
PARAMETRIC_REPRESENTATION_CONTEXT() REPRESENTATION_CONTEXT('2D SPACE',''
  ) );
#4404 = PCURVE('',#3775,#4405);
#4405 = DEFINITIONAL_REPRESENTATION('',(#4406),#4410);
#4406 = LINE('',#4407,#4408);
#4407 = CARTESIAN_POINT('',(22.,0.));
#4408 = VECTOR('',#4409,1.);
#4409 = DIRECTION('',(0.,1.));
#4410 = ( GEOMETRIC_REPRESENTATION_CONTEXT(2) 
PARAMETRIC_REPRESENTATION_CONTEXT() REPRESENTATION_CONTEXT('2D SPACE',''
  ) );
#4411 = ORIENTED_EDGE('',*,*,#4412,.F.);
#4412 = EDGE_CURVE('',#4413,#4390,#4415,.T.);
#4413 = VERTEX_POINT('',#4414);
#4414 = CARTESIAN_POINT('',(-127.,30.,-113.));
#4415 = SURFACE_CURVE('',#4416,(#4420,#4427),.PCURVE_S1.);
#4416 = LINE('',#4417,#4418);
#4417 = CARTESIAN_POINT('',(-127.,30.,-113.));
#4418 = VECTOR('',#4419,1.);
#4419 = DIRECTION('',(-0.,1.,0.));
#4420 = PCURVE('',#4356,#4421);
#4421 = DEFINITIONAL_REPRESENTATION('',(#4422),#4426);
#4422 = LINE('',#4423,#4424);
#4423 = CARTESIAN_POINT('',(0.,0.));
#4424 = VECTOR('',#4425,1.);
#4425 = DIRECTION('',(0.,1.));
#4426 = ( GEOMETRIC_REPRESENTATION_CONTEXT(2) 
PARAMETRIC_REPRESENTATION_CONTEXT() REPRESENTATION_CONTEXT('2D SPACE',''
  ) );
#4427 = PCURVE('',#4428,#4433);
#4428 = PLANE('',#4429);
#4429 = AXIS2_PLACEMENT_3D('',#4430,#4431,#4432);
#4430 = CARTESIAN_POINT('',(-127.,30.,-135.));
#4431 = DIRECTION('',(1.,0.,-0.));
#4432 = DIRECTION('',(0.,0.,1.));
#4433 = DEFINITIONAL_REPRESENTATION('',(#4434),#4438);
#4434 = LINE('',#4435,#4436);
#4435 = CARTESIAN_POINT('',(22.,0.));
#4436 = VECTOR('',#4437,1.);
#4437 = DIRECTION('',(0.,-1.));
#4438 = ( GEOMETRIC_REPRESENTATION_CONTEXT(2) 
PARAMETRIC_REPRESENTATION_CONTEXT() REPRESENTATION_CONTEXT('2D SPACE',''
  ) );
#4439 = ORIENTED_EDGE('',*,*,#4440,.T.);
#4440 = EDGE_CURVE('',#4413,#4342,#4441,.T.);
#4441 = SURFACE_CURVE('',#4442,(#4446,#4453),.PCURVE_S1.);
#4442 = LINE('',#4443,#4444);
#4443 = CARTESIAN_POINT('',(-127.,30.,-113.));
#4444 = VECTOR('',#4445,1.);
#4445 = DIRECTION('',(1.,0.,-0.));
#4446 = PCURVE('',#4356,#4447);
#4447 = DEFINITIONAL_REPRESENTATION('',(#4448),#4452);
#4448 = LINE('',#4449,#4450);
#4449 = CARTESIAN_POINT('',(0.,0.));
#4450 = VECTOR('',#4451,1.);
#4451 = DIRECTION('',(1.,0.));
#4452 = ( GEOMETRIC_REPRESENTATION_CONTEXT(2) 
PARAMETRIC_REPRESENTATION_CONTEXT() REPRESENTATION_CONTEXT('2D SPACE',''
  ) );
#4453 = PCURVE('',#3829,#4454);
#4454 = DEFINITIONAL_REPRESENTATION('',(#4455),#4459);
#4455 = LINE('',#4456,#4457);
#4456 = CARTESIAN_POINT('',(22.,0.));
#4457 = VECTOR('',#4458,1.);
#4458 = DIRECTION('',(0.,1.));
#4459 = ( GEOMETRIC_REPRESENTATION_CONTEXT(2) 
PARAMETRIC_REPRESENTATION_CONTEXT() REPRESENTATION_CONTEXT('2D SPACE',''
  ) );
#4460 = ORIENTED_EDGE('',*,*,#4341,.T.);
#4461 = ADVANCED_FACE('',(#4462),#4428,.F.);
#4462 = FACE_BOUND('',#4463,.F.);
#4463 = EDGE_LOOP('',(#4464,#4487,#4515,#4536));
#4464 = ORIENTED_EDGE('',*,*,#4465,.F.);
#4465 = EDGE_CURVE('',#4466,#4413,#4468,.T.);
#4466 = VERTEX_POINT('',#4467);
#4467 = CARTESIAN_POINT('',(-127.,30.,-135.));
#4468 = SURFACE_CURVE('',#4469,(#4473,#4480),.PCURVE_S1.);
#4469 = LINE('',#4470,#4471);
#4470 = CARTESIAN_POINT('',(-127.,30.,-135.));
#4471 = VECTOR('',#4472,1.);
#4472 = DIRECTION('',(0.,0.,1.));
#4473 = PCURVE('',#4428,#4474);
#4474 = DEFINITIONAL_REPRESENTATION('',(#4475),#4479);
#4475 = LINE('',#4476,#4477);
#4476 = CARTESIAN_POINT('',(0.,0.));
#4477 = VECTOR('',#4478,1.);
#4478 = DIRECTION('',(1.,0.));
#4479 = ( GEOMETRIC_REPRESENTATION_CONTEXT(2) 
PARAMETRIC_REPRESENTATION_CONTEXT() REPRESENTATION_CONTEXT('2D SPACE',''
  ) );
#4480 = PCURVE('',#3829,#4481);
#4481 = DEFINITIONAL_REPRESENTATION('',(#4482),#4486);
#4482 = LINE('',#4483,#4484);
#4483 = CARTESIAN_POINT('',(0.,0.));
#4484 = VECTOR('',#4485,1.);
#4485 = DIRECTION('',(1.,0.));
#4486 = ( GEOMETRIC_REPRESENTATION_CONTEXT(2) 
PARAMETRIC_REPRESENTATION_CONTEXT() REPRESENTATION_CONTEXT('2D SPACE',''
  ) );
#4487 = ORIENTED_EDGE('',*,*,#4488,.T.);
#4488 = EDGE_CURVE('',#4466,#4489,#4491,.T.);
#4489 = VERTEX_POINT('',#4490);
#4490 = CARTESIAN_POINT('',(-127.,300.,-135.));
#4491 = SURFACE_CURVE('',#4492,(#4496,#4503),.PCURVE_S1.);
#4492 = LINE('',#4493,#4494);
#4493 = CARTESIAN_POINT('',(-127.,30.,-135.));
#4494 = VECTOR('',#4495,1.);
#4495 = DIRECTION('',(-0.,1.,0.));
#4496 = PCURVE('',#4428,#4497);
#4497 = DEFINITIONAL_REPRESENTATION('',(#4498),#4502);
#4498 = LINE('',#4499,#4500);
#4499 = CARTESIAN_POINT('',(0.,0.));
#4500 = VECTOR('',#4501,1.);
#4501 = DIRECTION('',(0.,-1.));
#4502 = ( GEOMETRIC_REPRESENTATION_CONTEXT(2) 
PARAMETRIC_REPRESENTATION_CONTEXT() REPRESENTATION_CONTEXT('2D SPACE',''
  ) );
#4503 = PCURVE('',#4504,#4509);
#4504 = PLANE('',#4505);
#4505 = AXIS2_PLACEMENT_3D('',#4506,#4507,#4508);
#4506 = CARTESIAN_POINT('',(-127.,30.,-135.));
#4507 = DIRECTION('',(0.,0.,1.));
#4508 = DIRECTION('',(1.,0.,-0.));
#4509 = DEFINITIONAL_REPRESENTATION('',(#4510),#4514);
#4510 = LINE('',#4511,#4512);
#4511 = CARTESIAN_POINT('',(0.,0.));
#4512 = VECTOR('',#4513,1.);
#4513 = DIRECTION('',(0.,1.));
#4514 = ( GEOMETRIC_REPRESENTATION_CONTEXT(2) 
PARAMETRIC_REPRESENTATION_CONTEXT() REPRESENTATION_CONTEXT('2D SPACE',''
  ) );
#4515 = ORIENTED_EDGE('',*,*,#4516,.T.);
#4516 = EDGE_CURVE('',#4489,#4390,#4517,.T.);
#4517 = SURFACE_CURVE('',#4518,(#4522,#4529),.PCURVE_S1.);
#4518 = LINE('',#4519,#4520);
#4519 = CARTESIAN_POINT('',(-127.,300.,-135.));
#4520 = VECTOR('',#4521,1.);
#4521 = DIRECTION('',(0.,0.,1.));
#4522 = PCURVE('',#4428,#4523);
#4523 = DEFINITIONAL_REPRESENTATION('',(#4524),#4528);
#4524 = LINE('',#4525,#4526);
#4525 = CARTESIAN_POINT('',(0.,-270.));
#4526 = VECTOR('',#4527,1.);
#4527 = DIRECTION('',(1.,0.));
#4528 = ( GEOMETRIC_REPRESENTATION_CONTEXT(2) 
PARAMETRIC_REPRESENTATION_CONTEXT() REPRESENTATION_CONTEXT('2D SPACE',''
  ) );
#4529 = PCURVE('',#3775,#4530);
#4530 = DEFINITIONAL_REPRESENTATION('',(#4531),#4535);
#4531 = LINE('',#4532,#4533);
#4532 = CARTESIAN_POINT('',(0.,0.));
#4533 = VECTOR('',#4534,1.);
#4534 = DIRECTION('',(1.,0.));
#4535 = ( GEOMETRIC_REPRESENTATION_CONTEXT(2) 
PARAMETRIC_REPRESENTATION_CONTEXT() REPRESENTATION_CONTEXT('2D SPACE',''
  ) );
#4536 = ORIENTED_EDGE('',*,*,#4412,.F.);
#4537 = ADVANCED_FACE('',(#4538),#4504,.F.);
#4538 = FACE_BOUND('',#4539,.F.);
#4539 = EDGE_LOOP('',(#4540,#4541,#4564,#4592));
#4540 = ORIENTED_EDGE('',*,*,#4488,.F.);
#4541 = ORIENTED_EDGE('',*,*,#4542,.T.);
#4542 = EDGE_CURVE('',#4466,#4543,#4545,.T.);
#4543 = VERTEX_POINT('',#4544);
#4544 = CARTESIAN_POINT('',(127.,30.,-135.));
#4545 = SURFACE_CURVE('',#4546,(#4550,#4557),.PCURVE_S1.);
#4546 = LINE('',#4547,#4548);
#4547 = CARTESIAN_POINT('',(-127.,30.,-135.));
#4548 = VECTOR('',#4549,1.);
#4549 = DIRECTION('',(1.,0.,-0.));
#4550 = PCURVE('',#4504,#4551);
#4551 = DEFINITIONAL_REPRESENTATION('',(#4552),#4556);
#4552 = LINE('',#4553,#4554);
#4553 = CARTESIAN_POINT('',(0.,0.));
#4554 = VECTOR('',#4555,1.);
#4555 = DIRECTION('',(1.,0.));
#4556 = ( GEOMETRIC_REPRESENTATION_CONTEXT(2) 
PARAMETRIC_REPRESENTATION_CONTEXT() REPRESENTATION_CONTEXT('2D SPACE',''
  ) );
#4557 = PCURVE('',#3829,#4558);
#4558 = DEFINITIONAL_REPRESENTATION('',(#4559),#4563);
#4559 = LINE('',#4560,#4561);
#4560 = CARTESIAN_POINT('',(0.,0.));
#4561 = VECTOR('',#4562,1.);
#4562 = DIRECTION('',(0.,1.));
#4563 = ( GEOMETRIC_REPRESENTATION_CONTEXT(2) 
PARAMETRIC_REPRESENTATION_CONTEXT() REPRESENTATION_CONTEXT('2D SPACE',''
  ) );
#4564 = ORIENTED_EDGE('',*,*,#4565,.T.);
#4565 = EDGE_CURVE('',#4543,#4566,#4568,.T.);
#4566 = VERTEX_POINT('',#4567);
#4567 = CARTESIAN_POINT('',(127.,300.,-135.));
#4568 = SURFACE_CURVE('',#4569,(#4573,#4580),.PCURVE_S1.);
#4569 = LINE('',#4570,#4571);
#4570 = CARTESIAN_POINT('',(127.,30.,-135.));
#4571 = VECTOR('',#4572,1.);
#4572 = DIRECTION('',(-0.,1.,0.));
#4573 = PCURVE('',#4504,#4574);
#4574 = DEFINITIONAL_REPRESENTATION('',(#4575),#4579);
#4575 = LINE('',#4576,#4577);
#4576 = CARTESIAN_POINT('',(254.,0.));
#4577 = VECTOR('',#4578,1.);
#4578 = DIRECTION('',(0.,1.));
#4579 = ( GEOMETRIC_REPRESENTATION_CONTEXT(2) 
PARAMETRIC_REPRESENTATION_CONTEXT() REPRESENTATION_CONTEXT('2D SPACE',''
  ) );
#4580 = PCURVE('',#4581,#4586);
#4581 = PLANE('',#4582);
#4582 = AXIS2_PLACEMENT_3D('',#4583,#4584,#4585);
#4583 = CARTESIAN_POINT('',(127.,30.,-135.));
#4584 = DIRECTION('',(1.,0.,-0.));
#4585 = DIRECTION('',(0.,0.,1.));
#4586 = DEFINITIONAL_REPRESENTATION('',(#4587),#4591);
#4587 = LINE('',#4588,#4589);
#4588 = CARTESIAN_POINT('',(0.,0.));
#4589 = VECTOR('',#4590,1.);
#4590 = DIRECTION('',(0.,-1.));
#4591 = ( GEOMETRIC_REPRESENTATION_CONTEXT(2) 
PARAMETRIC_REPRESENTATION_CONTEXT() REPRESENTATION_CONTEXT('2D SPACE',''
  ) );
#4592 = ORIENTED_EDGE('',*,*,#4593,.F.);
#4593 = EDGE_CURVE('',#4489,#4566,#4594,.T.);
#4594 = SURFACE_CURVE('',#4595,(#4599,#4606),.PCURVE_S1.);
#4595 = LINE('',#4596,#4597);
#4596 = CARTESIAN_POINT('',(-127.,300.,-135.));
#4597 = VECTOR('',#4598,1.);
#4598 = DIRECTION('',(1.,0.,-0.));
#4599 = PCURVE('',#4504,#4600);
#4600 = DEFINITIONAL_REPRESENTATION('',(#4601),#4605);
#4601 = LINE('',#4602,#4603);
#4602 = CARTESIAN_POINT('',(0.,270.));
#4603 = VECTOR('',#4604,1.);
#4604 = DIRECTION('',(1.,0.));
#4605 = ( GEOMETRIC_REPRESENTATION_CONTEXT(2) 
PARAMETRIC_REPRESENTATION_CONTEXT() REPRESENTATION_CONTEXT('2D SPACE',''
  ) );
#4606 = PCURVE('',#3775,#4607);
#4607 = DEFINITIONAL_REPRESENTATION('',(#4608),#4612);
#4608 = LINE('',#4609,#4610);
#4609 = CARTESIAN_POINT('',(0.,0.));
#4610 = VECTOR('',#4611,1.);
#4611 = DIRECTION('',(0.,1.));
#4612 = ( GEOMETRIC_REPRESENTATION_CONTEXT(2) 
PARAMETRIC_REPRESENTATION_CONTEXT() REPRESENTATION_CONTEXT('2D SPACE',''
  ) );
#4613 = ADVANCED_FACE('',(#4614),#4581,.T.);
#4614 = FACE_BOUND('',#4615,.T.);
#4615 = EDGE_LOOP('',(#4616,#4639,#4640,#4663));
#4616 = ORIENTED_EDGE('',*,*,#4617,.F.);
#4617 = EDGE_CURVE('',#4543,#4618,#4620,.T.);
#4618 = VERTEX_POINT('',#4619);
#4619 = CARTESIAN_POINT('',(127.,30.,-113.));
#4620 = SURFACE_CURVE('',#4621,(#4625,#4632),.PCURVE_S1.);
#4621 = LINE('',#4622,#4623);
#4622 = CARTESIAN_POINT('',(127.,30.,-135.));
#4623 = VECTOR('',#4624,1.);
#4624 = DIRECTION('',(0.,0.,1.));
#4625 = PCURVE('',#4581,#4626);
#4626 = DEFINITIONAL_REPRESENTATION('',(#4627),#4631);
#4627 = LINE('',#4628,#4629);
#4628 = CARTESIAN_POINT('',(0.,0.));
#4629 = VECTOR('',#4630,1.);
#4630 = DIRECTION('',(1.,0.));
#4631 = ( GEOMETRIC_REPRESENTATION_CONTEXT(2) 
PARAMETRIC_REPRESENTATION_CONTEXT() REPRESENTATION_CONTEXT('2D SPACE',''
  ) );
#4632 = PCURVE('',#3829,#4633);
#4633 = DEFINITIONAL_REPRESENTATION('',(#4634),#4638);
#4634 = LINE('',#4635,#4636);
#4635 = CARTESIAN_POINT('',(0.,254.));
#4636 = VECTOR('',#4637,1.);
#4637 = DIRECTION('',(1.,0.));
#4638 = ( GEOMETRIC_REPRESENTATION_CONTEXT(2) 
PARAMETRIC_REPRESENTATION_CONTEXT() REPRESENTATION_CONTEXT('2D SPACE',''
  ) );
#4639 = ORIENTED_EDGE('',*,*,#4565,.T.);
#4640 = ORIENTED_EDGE('',*,*,#4641,.T.);
#4641 = EDGE_CURVE('',#4566,#4642,#4644,.T.);
#4642 = VERTEX_POINT('',#4643);
#4643 = CARTESIAN_POINT('',(127.,300.,-113.));
#4644 = SURFACE_CURVE('',#4645,(#4649,#4656),.PCURVE_S1.);
#4645 = LINE('',#4646,#4647);
#4646 = CARTESIAN_POINT('',(127.,300.,-135.));
#4647 = VECTOR('',#4648,1.);
#4648 = DIRECTION('',(0.,0.,1.));
#4649 = PCURVE('',#4581,#4650);
#4650 = DEFINITIONAL_REPRESENTATION('',(#4651),#4655);
#4651 = LINE('',#4652,#4653);
#4652 = CARTESIAN_POINT('',(0.,-270.));
#4653 = VECTOR('',#4654,1.);
#4654 = DIRECTION('',(1.,0.));
#4655 = ( GEOMETRIC_REPRESENTATION_CONTEXT(2) 
PARAMETRIC_REPRESENTATION_CONTEXT() REPRESENTATION_CONTEXT('2D SPACE',''
  ) );
#4656 = PCURVE('',#3775,#4657);
#4657 = DEFINITIONAL_REPRESENTATION('',(#4658),#4662);
#4658 = LINE('',#4659,#4660);
#4659 = CARTESIAN_POINT('',(0.,254.));
#4660 = VECTOR('',#4661,1.);
#4661 = DIRECTION('',(1.,0.));
#4662 = ( GEOMETRIC_REPRESENTATION_CONTEXT(2) 
PARAMETRIC_REPRESENTATION_CONTEXT() REPRESENTATION_CONTEXT('2D SPACE',''
  ) );
#4663 = ORIENTED_EDGE('',*,*,#4664,.F.);
#4664 = EDGE_CURVE('',#4618,#4642,#4665,.T.);
#4665 = SURFACE_CURVE('',#4666,(#4670,#4677),.PCURVE_S1.);
#4666 = LINE('',#4667,#4668);
#4667 = CARTESIAN_POINT('',(127.,30.,-113.));
#4668 = VECTOR('',#4669,1.);
#4669 = DIRECTION('',(-0.,1.,0.));
#4670 = PCURVE('',#4581,#4671);
#4671 = DEFINITIONAL_REPRESENTATION('',(#4672),#4676);
#4672 = LINE('',#4673,#4674);
#4673 = CARTESIAN_POINT('',(22.,0.));
#4674 = VECTOR('',#4675,1.);
#4675 = DIRECTION('',(0.,-1.));
#4676 = ( GEOMETRIC_REPRESENTATION_CONTEXT(2) 
PARAMETRIC_REPRESENTATION_CONTEXT() REPRESENTATION_CONTEXT('2D SPACE',''
  ) );
#4677 = PCURVE('',#4678,#4683);
#4678 = PLANE('',#4679);
#4679 = AXIS2_PLACEMENT_3D('',#4680,#4681,#4682);
#4680 = CARTESIAN_POINT('',(-127.,30.,-113.));
#4681 = DIRECTION('',(0.,0.,1.));
#4682 = DIRECTION('',(1.,0.,-0.));
#4683 = DEFINITIONAL_REPRESENTATION('',(#4684),#4688);
#4684 = LINE('',#4685,#4686);
#4685 = CARTESIAN_POINT('',(254.,0.));
#4686 = VECTOR('',#4687,1.);
#4687 = DIRECTION('',(0.,1.));
#4688 = ( GEOMETRIC_REPRESENTATION_CONTEXT(2) 
PARAMETRIC_REPRESENTATION_CONTEXT() REPRESENTATION_CONTEXT('2D SPACE',''
  ) );
#4689 = ADVANCED_FACE('',(#4690),#4678,.T.);
#4690 = FACE_BOUND('',#4691,.T.);
#4691 = EDGE_LOOP('',(#4692,#4715,#4741,#4762));
#4692 = ORIENTED_EDGE('',*,*,#4693,.F.);
#4693 = EDGE_CURVE('',#4694,#4642,#4696,.T.);
#4694 = VERTEX_POINT('',#4695);
#4695 = CARTESIAN_POINT('',(59.210603235043,300.,-113.));
#4696 = SURFACE_CURVE('',#4697,(#4701,#4708),.PCURVE_S1.);
#4697 = LINE('',#4698,#4699);
#4698 = CARTESIAN_POINT('',(-127.,300.,-113.));
#4699 = VECTOR('',#4700,1.);
#4700 = DIRECTION('',(1.,0.,-0.));
#4701 = PCURVE('',#4678,#4702);
#4702 = DEFINITIONAL_REPRESENTATION('',(#4703),#4707);
#4703 = LINE('',#4704,#4705);
#4704 = CARTESIAN_POINT('',(0.,270.));
#4705 = VECTOR('',#4706,1.);
#4706 = DIRECTION('',(1.,0.));
#4707 = ( GEOMETRIC_REPRESENTATION_CONTEXT(2) 
PARAMETRIC_REPRESENTATION_CONTEXT() REPRESENTATION_CONTEXT('2D SPACE',''
  ) );
#4708 = PCURVE('',#3775,#4709);
#4709 = DEFINITIONAL_REPRESENTATION('',(#4710),#4714);
#4710 = LINE('',#4711,#4712);
#4711 = CARTESIAN_POINT('',(22.,0.));
#4712 = VECTOR('',#4713,1.);
#4713 = DIRECTION('',(0.,1.));
#4714 = ( GEOMETRIC_REPRESENTATION_CONTEXT(2) 
PARAMETRIC_REPRESENTATION_CONTEXT() REPRESENTATION_CONTEXT('2D SPACE',''
  ) );
#4715 = ORIENTED_EDGE('',*,*,#4716,.T.);
#4716 = EDGE_CURVE('',#4694,#4717,#4719,.T.);
#4717 = VERTEX_POINT('',#4718);
#4718 = CARTESIAN_POINT('',(59.210603235043,30.,-113.));
#4719 = SURFACE_CURVE('',#4720,(#4724,#4730),.PCURVE_S1.);
#4720 = LINE('',#4721,#4722);
#4721 = CARTESIAN_POINT('',(59.210603235043,27.5,-113.));
#4722 = VECTOR('',#4723,1.);
#4723 = DIRECTION('',(0.,-1.,0.));
#4724 = PCURVE('',#4678,#4725);
#4725 = DEFINITIONAL_REPRESENTATION('',(#4726),#4729);
#4726 = B_SPLINE_CURVE_WITH_KNOTS('',1,(#4727,#4728),.UNSPECIFIED.,.F.,
  .F.,(2,2),(-272.5,-2.5),.PIECEWISE_BEZIER_KNOTS.);
#4727 = CARTESIAN_POINT('',(186.21060323504,270.));
#4728 = CARTESIAN_POINT('',(186.21060323504,0.));
#4729 = ( GEOMETRIC_REPRESENTATION_CONTEXT(2) 
PARAMETRIC_REPRESENTATION_CONTEXT() REPRESENTATION_CONTEXT('2D SPACE',''
  ) );
#4730 = PCURVE('',#4731,#4736);
#4731 = PLANE('',#4732);
#4732 = AXIS2_PLACEMENT_3D('',#4733,#4734,#4735);
#4733 = CARTESIAN_POINT('',(63.42889654861,25.,-110.9685770055));
#4734 = DIRECTION('',(0.433883739118,0.,-0.900968867902));
#4735 = DIRECTION('',(-0.900968867902,0.,-0.433883739118));
#4736 = DEFINITIONAL_REPRESENTATION('',(#4737),#4740);
#4737 = B_SPLINE_CURVE_WITH_KNOTS('',1,(#4738,#4739),.UNSPECIFIED.,.F.,
  .F.,(2,2),(-272.5,-2.5),.PIECEWISE_BEZIER_KNOTS.);
#4738 = CARTESIAN_POINT('',(4.681952355788,275.));
#4739 = CARTESIAN_POINT('',(4.681952355788,5.));
#4740 = ( GEOMETRIC_REPRESENTATION_CONTEXT(2) 
PARAMETRIC_REPRESENTATION_CONTEXT() REPRESENTATION_CONTEXT('2D SPACE',''
  ) );
#4741 = ORIENTED_EDGE('',*,*,#4742,.T.);
#4742 = EDGE_CURVE('',#4717,#4618,#4743,.T.);
#4743 = SURFACE_CURVE('',#4744,(#4748,#4755),.PCURVE_S1.);
#4744 = LINE('',#4745,#4746);
#4745 = CARTESIAN_POINT('',(-127.,30.,-113.));
#4746 = VECTOR('',#4747,1.);
#4747 = DIRECTION('',(1.,0.,-0.));
#4748 = PCURVE('',#4678,#4749);
#4749 = DEFINITIONAL_REPRESENTATION('',(#4750),#4754);
#4750 = LINE('',#4751,#4752);
#4751 = CARTESIAN_POINT('',(0.,0.));
#4752 = VECTOR('',#4753,1.);
#4753 = DIRECTION('',(1.,0.));
#4754 = ( GEOMETRIC_REPRESENTATION_CONTEXT(2) 
PARAMETRIC_REPRESENTATION_CONTEXT() REPRESENTATION_CONTEXT('2D SPACE',''
  ) );
#4755 = PCURVE('',#3829,#4756);
#4756 = DEFINITIONAL_REPRESENTATION('',(#4757),#4761);
#4757 = LINE('',#4758,#4759);
#4758 = CARTESIAN_POINT('',(22.,0.));
#4759 = VECTOR('',#4760,1.);
#4760 = DIRECTION('',(0.,1.));
#4761 = ( GEOMETRIC_REPRESENTATION_CONTEXT(2) 
PARAMETRIC_REPRESENTATION_CONTEXT() REPRESENTATION_CONTEXT('2D SPACE',''
  ) );
#4762 = ORIENTED_EDGE('',*,*,#4664,.T.);
#4763 = ADVANCED_FACE('',(#4764),#4731,.T.);
#4764 = FACE_BOUND('',#4765,.T.);
#4765 = EDGE_LOOP('',(#4766,#4796,#4824,#4852,#4880,#4899,#4900,#4921));
#4766 = ORIENTED_EDGE('',*,*,#4767,.F.);
#4767 = EDGE_CURVE('',#4768,#4770,#4772,.T.);
#4768 = VERTEX_POINT('',#4769);
#4769 = CARTESIAN_POINT('',(63.42889654861,305.,-110.9685770055));
#4770 = VERTEX_POINT('',#4771);
#4771 = CARTESIAN_POINT('',(47.211456926367,305.,-118.7784843096));
#4772 = SURFACE_CURVE('',#4773,(#4777,#4784),.PCURVE_S1.);
#4773 = LINE('',#4774,#4775);
#4774 = CARTESIAN_POINT('',(63.42889654861,305.,-110.9685770055));
#4775 = VECTOR('',#4776,1.);
#4776 = DIRECTION('',(-0.900968867902,0.,-0.433883739118));
#4777 = PCURVE('',#4731,#4778);
#4778 = DEFINITIONAL_REPRESENTATION('',(#4779),#4783);
#4779 = LINE('',#4780,#4781);
#4780 = CARTESIAN_POINT('',(0.,280.));
#4781 = VECTOR('',#4782,1.);
#4782 = DIRECTION('',(1.,0.));
#4783 = ( GEOMETRIC_REPRESENTATION_CONTEXT(2) 
PARAMETRIC_REPRESENTATION_CONTEXT() REPRESENTATION_CONTEXT('2D SPACE',''
  ) );
#4784 = PCURVE('',#4785,#4790);
#4785 = PLANE('',#4786);
#4786 = AXIS2_PLACEMENT_3D('',#4787,#4788,#4789);
#4787 = CARTESIAN_POINT('',(60.391710374788,305.,-104.6617949301));
#4788 = DIRECTION('',(0.,1.,0.));
#4789 = DIRECTION('',(0.433883739118,0.,-0.900968867902));
#4790 = DEFINITIONAL_REPRESENTATION('',(#4791),#4795);
#4791 = LINE('',#4792,#4793);
#4792 = CARTESIAN_POINT('',(7.,0.));
#4793 = VECTOR('',#4794,1.);
#4794 = DIRECTION('',(0.,1.));
#4795 = ( GEOMETRIC_REPRESENTATION_CONTEXT(2) 
PARAMETRIC_REPRESENTATION_CONTEXT() REPRESENTATION_CONTEXT('2D SPACE',''
  ) );
#4796 = ORIENTED_EDGE('',*,*,#4797,.F.);
#4797 = EDGE_CURVE('',#4798,#4768,#4800,.T.);
#4798 = VERTEX_POINT('',#4799);
#4799 = CARTESIAN_POINT('',(63.42889654861,25.,-110.9685770055));
#4800 = SURFACE_CURVE('',#4801,(#4805,#4812),.PCURVE_S1.);
#4801 = LINE('',#4802,#4803);
#4802 = CARTESIAN_POINT('',(63.42889654861,25.,-110.9685770055));
#4803 = VECTOR('',#4804,1.);
#4804 = DIRECTION('',(0.,1.,0.));
#4805 = PCURVE('',#4731,#4806);
#4806 = DEFINITIONAL_REPRESENTATION('',(#4807),#4811);
#4807 = LINE('',#4808,#4809);
#4808 = CARTESIAN_POINT('',(0.,0.));
#4809 = VECTOR('',#4810,1.);
#4810 = DIRECTION('',(0.,1.));
#4811 = ( GEOMETRIC_REPRESENTATION_CONTEXT(2) 
PARAMETRIC_REPRESENTATION_CONTEXT() REPRESENTATION_CONTEXT('2D SPACE',''
  ) );
#4812 = PCURVE('',#4813,#4818);
#4813 = PLANE('',#4814);
#4814 = AXIS2_PLACEMENT_3D('',#4815,#4816,#4817);
#4815 = CARTESIAN_POINT('',(60.391710374788,25.,-104.6617949301));
#4816 = DIRECTION('',(-0.900968867902,0.,-0.433883739118));
#4817 = DIRECTION('',(0.433883739118,0.,-0.900968867902));
#4818 = DEFINITIONAL_REPRESENTATION('',(#4819),#4823);
#4819 = LINE('',#4820,#4821);
#4820 = CARTESIAN_POINT('',(7.,0.));
#4821 = VECTOR('',#4822,1.);
#4822 = DIRECTION('',(0.,-1.));
#4823 = ( GEOMETRIC_REPRESENTATION_CONTEXT(2) 
PARAMETRIC_REPRESENTATION_CONTEXT() REPRESENTATION_CONTEXT('2D SPACE',''
  ) );
#4824 = ORIENTED_EDGE('',*,*,#4825,.T.);
#4825 = EDGE_CURVE('',#4798,#4826,#4828,.T.);
#4826 = VERTEX_POINT('',#4827);
#4827 = CARTESIAN_POINT('',(47.211456926367,25.,-118.7784843096));
#4828 = SURFACE_CURVE('',#4829,(#4833,#4840),.PCURVE_S1.);
#4829 = LINE('',#4830,#4831);
#4830 = CARTESIAN_POINT('',(63.42889654861,25.,-110.9685770055));
#4831 = VECTOR('',#4832,1.);
#4832 = DIRECTION('',(-0.900968867902,0.,-0.433883739118));
#4833 = PCURVE('',#4731,#4834);
#4834 = DEFINITIONAL_REPRESENTATION('',(#4835),#4839);
#4835 = LINE('',#4836,#4837);
#4836 = CARTESIAN_POINT('',(0.,0.));
#4837 = VECTOR('',#4838,1.);
#4838 = DIRECTION('',(1.,0.));
#4839 = ( GEOMETRIC_REPRESENTATION_CONTEXT(2) 
PARAMETRIC_REPRESENTATION_CONTEXT() REPRESENTATION_CONTEXT('2D SPACE',''
  ) );
#4840 = PCURVE('',#4841,#4846);
#4841 = PLANE('',#4842);
#4842 = AXIS2_PLACEMENT_3D('',#4843,#4844,#4845);
#4843 = CARTESIAN_POINT('',(60.391710374788,25.,-104.6617949301));
#4844 = DIRECTION('',(0.,1.,0.));
#4845 = DIRECTION('',(0.433883739118,0.,-0.900968867902));
#4846 = DEFINITIONAL_REPRESENTATION('',(#4847),#4851);
#4847 = LINE('',#4848,#4849);
#4848 = CARTESIAN_POINT('',(7.,0.));
#4849 = VECTOR('',#4850,1.);
#4850 = DIRECTION('',(0.,1.));
#4851 = ( GEOMETRIC_REPRESENTATION_CONTEXT(2) 
PARAMETRIC_REPRESENTATION_CONTEXT() REPRESENTATION_CONTEXT('2D SPACE',''
  ) );
#4852 = ORIENTED_EDGE('',*,*,#4853,.T.);
#4853 = EDGE_CURVE('',#4826,#4854,#4856,.T.);
#4854 = VERTEX_POINT('',#4855);
#4855 = CARTESIAN_POINT('',(47.211456926367,30.,-118.7784843096));
#4856 = SURFACE_CURVE('',#4857,(#4861,#4868),.PCURVE_S1.);
#4857 = LINE('',#4858,#4859);
#4858 = CARTESIAN_POINT('',(47.211456926367,25.,-118.7784843096));
#4859 = VECTOR('',#4860,1.);
#4860 = DIRECTION('',(0.,1.,0.));
#4861 = PCURVE('',#4731,#4862);
#4862 = DEFINITIONAL_REPRESENTATION('',(#4863),#4867);
#4863 = LINE('',#4864,#4865);
#4864 = CARTESIAN_POINT('',(18.,0.));
#4865 = VECTOR('',#4866,1.);
#4866 = DIRECTION('',(0.,1.));
#4867 = ( GEOMETRIC_REPRESENTATION_CONTEXT(2) 
PARAMETRIC_REPRESENTATION_CONTEXT() REPRESENTATION_CONTEXT('2D SPACE',''
  ) );
#4868 = PCURVE('',#4869,#4874);
#4869 = PLANE('',#4870);
#4870 = AXIS2_PLACEMENT_3D('',#4871,#4872,#4873);
#4871 = CARTESIAN_POINT('',(44.174270752544,25.,-112.4717022343));
#4872 = DIRECTION('',(-0.900968867902,0.,-0.433883739118));
#4873 = DIRECTION('',(0.433883739118,0.,-0.900968867902));
#4874 = DEFINITIONAL_REPRESENTATION('',(#4875),#4879);
#4875 = LINE('',#4876,#4877);
#4876 = CARTESIAN_POINT('',(7.,0.));
#4877 = VECTOR('',#4878,1.);
#4878 = DIRECTION('',(0.,-1.));
#4879 = ( GEOMETRIC_REPRESENTATION_CONTEXT(2) 
PARAMETRIC_REPRESENTATION_CONTEXT() REPRESENTATION_CONTEXT('2D SPACE',''
  ) );
#4880 = ORIENTED_EDGE('',*,*,#4881,.T.);
#4881 = EDGE_CURVE('',#4854,#4717,#4882,.T.);
#4882 = SURFACE_CURVE('',#4883,(#4887,#4893),.PCURVE_S1.);
#4883 = LINE('',#4884,#4885);
#4884 = CARTESIAN_POINT('',(-18.55807709926,30.,-150.4514225871));
#4885 = VECTOR('',#4886,1.);
#4886 = DIRECTION('',(0.900968867902,0.,0.433883739118));
#4887 = PCURVE('',#4731,#4888);
#4888 = DEFINITIONAL_REPRESENTATION('',(#4889),#4892);
#4889 = B_SPLINE_CURVE_WITH_KNOTS('',1,(#4890,#4891),.UNSPECIFIED.,.F.,
  .F.,(2,2),(72.998675502239,86.316723146451),.PIECEWISE_BEZIER_KNOTS.);
#4890 = CARTESIAN_POINT('',(18.,5.));
#4891 = CARTESIAN_POINT('',(4.681952355788,5.));
#4892 = ( GEOMETRIC_REPRESENTATION_CONTEXT(2) 
PARAMETRIC_REPRESENTATION_CONTEXT() REPRESENTATION_CONTEXT('2D SPACE',''
  ) );
#4893 = PCURVE('',#3829,#4894);
#4894 = DEFINITIONAL_REPRESENTATION('',(#4895),#4898);
#4895 = B_SPLINE_CURVE_WITH_KNOTS('',1,(#4896,#4897),.UNSPECIFIED.,.F.,
  .F.,(2,2),(72.998675502239,86.316723146451),.PIECEWISE_BEZIER_KNOTS.);
#4896 = CARTESIAN_POINT('',(16.221515690384,174.21145692636));
#4897 = CARTESIAN_POINT('',(22.,186.21060323504));
#4898 = ( GEOMETRIC_REPRESENTATION_CONTEXT(2) 
PARAMETRIC_REPRESENTATION_CONTEXT() REPRESENTATION_CONTEXT('2D SPACE',''
  ) );
#4899 = ORIENTED_EDGE('',*,*,#4716,.F.);
#4900 = ORIENTED_EDGE('',*,*,#4901,.F.);
#4901 = EDGE_CURVE('',#4902,#4694,#4904,.T.);
#4902 = VERTEX_POINT('',#4903);
#4903 = CARTESIAN_POINT('',(47.211456926367,300.,-118.7784843096));
#4904 = SURFACE_CURVE('',#4905,(#4909,#4915),.PCURVE_S1.);
#4905 = LINE('',#4906,#4907);
#4906 = CARTESIAN_POINT('',(-18.55807709926,300.,-150.4514225871));
#4907 = VECTOR('',#4908,1.);
#4908 = DIRECTION('',(0.900968867902,0.,0.433883739118));
#4909 = PCURVE('',#4731,#4910);
#4910 = DEFINITIONAL_REPRESENTATION('',(#4911),#4914);
#4911 = B_SPLINE_CURVE_WITH_KNOTS('',1,(#4912,#4913),.UNSPECIFIED.,.F.,
  .F.,(2,2),(72.998675502239,86.316723146451),.PIECEWISE_BEZIER_KNOTS.);
#4912 = CARTESIAN_POINT('',(18.,275.));
#4913 = CARTESIAN_POINT('',(4.681952355788,275.));
#4914 = ( GEOMETRIC_REPRESENTATION_CONTEXT(2) 
PARAMETRIC_REPRESENTATION_CONTEXT() REPRESENTATION_CONTEXT('2D SPACE',''
  ) );
#4915 = PCURVE('',#3775,#4916);
#4916 = DEFINITIONAL_REPRESENTATION('',(#4917),#4920);
#4917 = B_SPLINE_CURVE_WITH_KNOTS('',1,(#4918,#4919),.UNSPECIFIED.,.F.,
  .F.,(2,2),(72.998675502239,86.316723146451),.PIECEWISE_BEZIER_KNOTS.);
#4918 = CARTESIAN_POINT('',(16.221515690384,174.21145692636));
#4919 = CARTESIAN_POINT('',(22.,186.21060323504));
#4920 = ( GEOMETRIC_REPRESENTATION_CONTEXT(2) 
PARAMETRIC_REPRESENTATION_CONTEXT() REPRESENTATION_CONTEXT('2D SPACE',''
  ) );
#4921 = ORIENTED_EDGE('',*,*,#4922,.T.);
#4922 = EDGE_CURVE('',#4902,#4770,#4923,.T.);
#4923 = SURFACE_CURVE('',#4924,(#4928,#4935),.PCURVE_S1.);
#4924 = LINE('',#4925,#4926);
#4925 = CARTESIAN_POINT('',(47.211456926367,25.,-118.7784843096));
#4926 = VECTOR('',#4927,1.);
#4927 = DIRECTION('',(0.,1.,0.));
#4928 = PCURVE('',#4731,#4929);
#4929 = DEFINITIONAL_REPRESENTATION('',(#4930),#4934);
#4930 = LINE('',#4931,#4932);
#4931 = CARTESIAN_POINT('',(18.,0.));
#4932 = VECTOR('',#4933,1.);
#4933 = DIRECTION('',(0.,1.));
#4934 = ( GEOMETRIC_REPRESENTATION_CONTEXT(2) 
PARAMETRIC_REPRESENTATION_CONTEXT() REPRESENTATION_CONTEXT('2D SPACE',''
  ) );
#4935 = PCURVE('',#4869,#4936);
#4936 = DEFINITIONAL_REPRESENTATION('',(#4937),#4941);
#4937 = LINE('',#4938,#4939);
#4938 = CARTESIAN_POINT('',(7.,0.));
#4939 = VECTOR('',#4940,1.);
#4940 = DIRECTION('',(0.,-1.));
#4941 = ( GEOMETRIC_REPRESENTATION_CONTEXT(2) 
PARAMETRIC_REPRESENTATION_CONTEXT() REPRESENTATION_CONTEXT('2D SPACE',''
  ) );
#4942 = ADVANCED_FACE('',(#4943),#4813,.F.);
#4943 = FACE_BOUND('',#4944,.F.);
#4944 = EDGE_LOOP('',(#4945,#4968,#4996,#5017));
#4945 = ORIENTED_EDGE('',*,*,#4946,.F.);
#4946 = EDGE_CURVE('',#4947,#4798,#4949,.T.);
#4947 = VERTEX_POINT('',#4948);
#4948 = CARTESIAN_POINT('',(60.391710374788,25.,-104.6617949301));
#4949 = SURFACE_CURVE('',#4950,(#4954,#4961),.PCURVE_S1.);
#4950 = LINE('',#4951,#4952);
#4951 = CARTESIAN_POINT('',(60.391710374788,25.,-104.6617949301));
#4952 = VECTOR('',#4953,1.);
#4953 = DIRECTION('',(0.433883739118,0.,-0.900968867902));
#4954 = PCURVE('',#4813,#4955);
#4955 = DEFINITIONAL_REPRESENTATION('',(#4956),#4960);
#4956 = LINE('',#4957,#4958);
#4957 = CARTESIAN_POINT('',(0.,0.));
#4958 = VECTOR('',#4959,1.);
#4959 = DIRECTION('',(1.,0.));
#4960 = ( GEOMETRIC_REPRESENTATION_CONTEXT(2) 
PARAMETRIC_REPRESENTATION_CONTEXT() REPRESENTATION_CONTEXT('2D SPACE',''
  ) );
#4961 = PCURVE('',#4841,#4962);
#4962 = DEFINITIONAL_REPRESENTATION('',(#4963),#4967);
#4963 = LINE('',#4964,#4965);
#4964 = CARTESIAN_POINT('',(0.,0.));
#4965 = VECTOR('',#4966,1.);
#4966 = DIRECTION('',(1.,0.));
#4967 = ( GEOMETRIC_REPRESENTATION_CONTEXT(2) 
PARAMETRIC_REPRESENTATION_CONTEXT() REPRESENTATION_CONTEXT('2D SPACE',''
  ) );
#4968 = ORIENTED_EDGE('',*,*,#4969,.T.);
#4969 = EDGE_CURVE('',#4947,#4970,#4972,.T.);
#4970 = VERTEX_POINT('',#4971);
#4971 = CARTESIAN_POINT('',(60.391710374788,305.,-104.6617949301));
#4972 = SURFACE_CURVE('',#4973,(#4977,#4984),.PCURVE_S1.);
#4973 = LINE('',#4974,#4975);
#4974 = CARTESIAN_POINT('',(60.391710374788,25.,-104.6617949301));
#4975 = VECTOR('',#4976,1.);
#4976 = DIRECTION('',(0.,1.,0.));
#4977 = PCURVE('',#4813,#4978);
#4978 = DEFINITIONAL_REPRESENTATION('',(#4979),#4983);
#4979 = LINE('',#4980,#4981);
#4980 = CARTESIAN_POINT('',(0.,0.));
#4981 = VECTOR('',#4982,1.);
#4982 = DIRECTION('',(0.,-1.));
#4983 = ( GEOMETRIC_REPRESENTATION_CONTEXT(2) 
PARAMETRIC_REPRESENTATION_CONTEXT() REPRESENTATION_CONTEXT('2D SPACE',''
  ) );
#4984 = PCURVE('',#4985,#4990);
#4985 = PLANE('',#4986);
#4986 = AXIS2_PLACEMENT_3D('',#4987,#4988,#4989);
#4987 = CARTESIAN_POINT('',(60.391710374788,25.,-104.6617949301));
#4988 = DIRECTION('',(0.433883739118,0.,-0.900968867902));
#4989 = DIRECTION('',(-0.900968867902,0.,-0.433883739118));
#4990 = DEFINITIONAL_REPRESENTATION('',(#4991),#4995);
#4991 = LINE('',#4992,#4993);
#4992 = CARTESIAN_POINT('',(0.,0.));
#4993 = VECTOR('',#4994,1.);
#4994 = DIRECTION('',(0.,1.));
#4995 = ( GEOMETRIC_REPRESENTATION_CONTEXT(2) 
PARAMETRIC_REPRESENTATION_CONTEXT() REPRESENTATION_CONTEXT('2D SPACE',''
  ) );
#4996 = ORIENTED_EDGE('',*,*,#4997,.T.);
#4997 = EDGE_CURVE('',#4970,#4768,#4998,.T.);
#4998 = SURFACE_CURVE('',#4999,(#5003,#5010),.PCURVE_S1.);
#4999 = LINE('',#5000,#5001);
#5000 = CARTESIAN_POINT('',(60.391710374788,305.,-104.6617949301));
#5001 = VECTOR('',#5002,1.);
#5002 = DIRECTION('',(0.433883739118,0.,-0.900968867902));
#5003 = PCURVE('',#4813,#5004);
#5004 = DEFINITIONAL_REPRESENTATION('',(#5005),#5009);
#5005 = LINE('',#5006,#5007);
#5006 = CARTESIAN_POINT('',(0.,-280.));
#5007 = VECTOR('',#5008,1.);
#5008 = DIRECTION('',(1.,0.));
#5009 = ( GEOMETRIC_REPRESENTATION_CONTEXT(2) 
PARAMETRIC_REPRESENTATION_CONTEXT() REPRESENTATION_CONTEXT('2D SPACE',''
  ) );
#5010 = PCURVE('',#4785,#5011);
#5011 = DEFINITIONAL_REPRESENTATION('',(#5012),#5016);
#5012 = LINE('',#5013,#5014);
#5013 = CARTESIAN_POINT('',(0.,0.));
#5014 = VECTOR('',#5015,1.);
#5015 = DIRECTION('',(1.,0.));
#5016 = ( GEOMETRIC_REPRESENTATION_CONTEXT(2) 
PARAMETRIC_REPRESENTATION_CONTEXT() REPRESENTATION_CONTEXT('2D SPACE',''
  ) );
#5017 = ORIENTED_EDGE('',*,*,#4797,.F.);
#5018 = ADVANCED_FACE('',(#5019),#4985,.F.);
#5019 = FACE_BOUND('',#5020,.F.);
#5020 = EDGE_LOOP('',(#5021,#5022,#5045,#5068));
#5021 = ORIENTED_EDGE('',*,*,#4969,.F.);
#5022 = ORIENTED_EDGE('',*,*,#5023,.T.);
#5023 = EDGE_CURVE('',#4947,#5024,#5026,.T.);
#5024 = VERTEX_POINT('',#5025);
#5025 = CARTESIAN_POINT('',(44.174270752544,25.,-112.4717022343));
#5026 = SURFACE_CURVE('',#5027,(#5031,#5038),.PCURVE_S1.);
#5027 = LINE('',#5028,#5029);
#5028 = CARTESIAN_POINT('',(60.391710374788,25.,-104.6617949301));
#5029 = VECTOR('',#5030,1.);
#5030 = DIRECTION('',(-0.900968867902,0.,-0.433883739118));
#5031 = PCURVE('',#4985,#5032);
#5032 = DEFINITIONAL_REPRESENTATION('',(#5033),#5037);
#5033 = LINE('',#5034,#5035);
#5034 = CARTESIAN_POINT('',(0.,0.));
#5035 = VECTOR('',#5036,1.);
#5036 = DIRECTION('',(1.,0.));
#5037 = ( GEOMETRIC_REPRESENTATION_CONTEXT(2) 
PARAMETRIC_REPRESENTATION_CONTEXT() REPRESENTATION_CONTEXT('2D SPACE',''
  ) );
#5038 = PCURVE('',#4841,#5039);
#5039 = DEFINITIONAL_REPRESENTATION('',(#5040),#5044);
#5040 = LINE('',#5041,#5042);
#5041 = CARTESIAN_POINT('',(0.,0.));
#5042 = VECTOR('',#5043,1.);
#5043 = DIRECTION('',(0.,1.));
#5044 = ( GEOMETRIC_REPRESENTATION_CONTEXT(2) 
PARAMETRIC_REPRESENTATION_CONTEXT() REPRESENTATION_CONTEXT('2D SPACE',''
  ) );
#5045 = ORIENTED_EDGE('',*,*,#5046,.T.);
#5046 = EDGE_CURVE('',#5024,#5047,#5049,.T.);
#5047 = VERTEX_POINT('',#5048);
#5048 = CARTESIAN_POINT('',(44.174270752544,305.,-112.4717022343));
#5049 = SURFACE_CURVE('',#5050,(#5054,#5061),.PCURVE_S1.);
#5050 = LINE('',#5051,#5052);
#5051 = CARTESIAN_POINT('',(44.174270752544,25.,-112.4717022343));
#5052 = VECTOR('',#5053,1.);
#5053 = DIRECTION('',(0.,1.,0.));
#5054 = PCURVE('',#4985,#5055);
#5055 = DEFINITIONAL_REPRESENTATION('',(#5056),#5060);
#5056 = LINE('',#5057,#5058);
#5057 = CARTESIAN_POINT('',(18.,0.));
#5058 = VECTOR('',#5059,1.);
#5059 = DIRECTION('',(0.,1.));
#5060 = ( GEOMETRIC_REPRESENTATION_CONTEXT(2) 
PARAMETRIC_REPRESENTATION_CONTEXT() REPRESENTATION_CONTEXT('2D SPACE',''
  ) );
#5061 = PCURVE('',#4869,#5062);
#5062 = DEFINITIONAL_REPRESENTATION('',(#5063),#5067);
#5063 = LINE('',#5064,#5065);
#5064 = CARTESIAN_POINT('',(0.,0.));
#5065 = VECTOR('',#5066,1.);
#5066 = DIRECTION('',(0.,-1.));
#5067 = ( GEOMETRIC_REPRESENTATION_CONTEXT(2) 
PARAMETRIC_REPRESENTATION_CONTEXT() REPRESENTATION_CONTEXT('2D SPACE',''
  ) );
#5068 = ORIENTED_EDGE('',*,*,#5069,.F.);
#5069 = EDGE_CURVE('',#4970,#5047,#5070,.T.);
#5070 = SURFACE_CURVE('',#5071,(#5075,#5082),.PCURVE_S1.);
#5071 = LINE('',#5072,#5073);
#5072 = CARTESIAN_POINT('',(60.391710374788,305.,-104.6617949301));
#5073 = VECTOR('',#5074,1.);
#5074 = DIRECTION('',(-0.900968867902,0.,-0.433883739118));
#5075 = PCURVE('',#4985,#5076);
#5076 = DEFINITIONAL_REPRESENTATION('',(#5077),#5081);
#5077 = LINE('',#5078,#5079);
#5078 = CARTESIAN_POINT('',(0.,280.));
#5079 = VECTOR('',#5080,1.);
#5080 = DIRECTION('',(1.,0.));
#5081 = ( GEOMETRIC_REPRESENTATION_CONTEXT(2) 
PARAMETRIC_REPRESENTATION_CONTEXT() REPRESENTATION_CONTEXT('2D SPACE',''
  ) );
#5082 = PCURVE('',#4785,#5083);
#5083 = DEFINITIONAL_REPRESENTATION('',(#5084),#5088);
#5084 = LINE('',#5085,#5086);
#5085 = CARTESIAN_POINT('',(0.,0.));
#5086 = VECTOR('',#5087,1.);
#5087 = DIRECTION('',(0.,1.));
#5088 = ( GEOMETRIC_REPRESENTATION_CONTEXT(2) 
PARAMETRIC_REPRESENTATION_CONTEXT() REPRESENTATION_CONTEXT('2D SPACE',''
  ) );
#5089 = ADVANCED_FACE('',(#5090),#4841,.F.);
#5090 = FACE_BOUND('',#5091,.F.);
#5091 = EDGE_LOOP('',(#5092,#5093,#5094,#5095));
#5092 = ORIENTED_EDGE('',*,*,#5023,.F.);
#5093 = ORIENTED_EDGE('',*,*,#4946,.T.);
#5094 = ORIENTED_EDGE('',*,*,#4825,.T.);
#5095 = ORIENTED_EDGE('',*,*,#5096,.F.);
#5096 = EDGE_CURVE('',#5024,#4826,#5097,.T.);
#5097 = SURFACE_CURVE('',#5098,(#5102,#5109),.PCURVE_S1.);
#5098 = LINE('',#5099,#5100);
#5099 = CARTESIAN_POINT('',(44.174270752544,25.,-112.4717022343));
#5100 = VECTOR('',#5101,1.);
#5101 = DIRECTION('',(0.433883739118,0.,-0.900968867902));
#5102 = PCURVE('',#4841,#5103);
#5103 = DEFINITIONAL_REPRESENTATION('',(#5104),#5108);
#5104 = LINE('',#5105,#5106);
#5105 = CARTESIAN_POINT('',(0.,18.));
#5106 = VECTOR('',#5107,1.);
#5107 = DIRECTION('',(1.,0.));
#5108 = ( GEOMETRIC_REPRESENTATION_CONTEXT(2) 
PARAMETRIC_REPRESENTATION_CONTEXT() REPRESENTATION_CONTEXT('2D SPACE',''
  ) );
#5109 = PCURVE('',#4869,#5110);
#5110 = DEFINITIONAL_REPRESENTATION('',(#5111),#5115);
#5111 = LINE('',#5112,#5113);
#5112 = CARTESIAN_POINT('',(0.,0.));
#5113 = VECTOR('',#5114,1.);
#5114 = DIRECTION('',(1.,0.));
#5115 = ( GEOMETRIC_REPRESENTATION_CONTEXT(2) 
PARAMETRIC_REPRESENTATION_CONTEXT() REPRESENTATION_CONTEXT('2D SPACE',''
  ) );
#5116 = ADVANCED_FACE('',(#5117),#4869,.T.);
#5117 = FACE_BOUND('',#5118,.T.);
#5118 = EDGE_LOOP('',(#5119,#5120,#5121,#5122,#5143,#5144,#5165,#5186));
#5119 = ORIENTED_EDGE('',*,*,#4853,.F.);
#5120 = ORIENTED_EDGE('',*,*,#5096,.F.);
#5121 = ORIENTED_EDGE('',*,*,#5046,.T.);
#5122 = ORIENTED_EDGE('',*,*,#5123,.T.);
#5123 = EDGE_CURVE('',#5047,#4770,#5124,.T.);
#5124 = SURFACE_CURVE('',#5125,(#5129,#5136),.PCURVE_S1.);
#5125 = LINE('',#5126,#5127);
#5126 = CARTESIAN_POINT('',(44.174270752544,305.,-112.4717022343));
#5127 = VECTOR('',#5128,1.);
#5128 = DIRECTION('',(0.433883739118,0.,-0.900968867902));
#5129 = PCURVE('',#4869,#5130);
#5130 = DEFINITIONAL_REPRESENTATION('',(#5131),#5135);
#5131 = LINE('',#5132,#5133);
#5132 = CARTESIAN_POINT('',(0.,-280.));
#5133 = VECTOR('',#5134,1.);
#5134 = DIRECTION('',(1.,0.));
#5135 = ( GEOMETRIC_REPRESENTATION_CONTEXT(2) 
PARAMETRIC_REPRESENTATION_CONTEXT() REPRESENTATION_CONTEXT('2D SPACE',''
  ) );
#5136 = PCURVE('',#4785,#5137);
#5137 = DEFINITIONAL_REPRESENTATION('',(#5138),#5142);
#5138 = LINE('',#5139,#5140);
#5139 = CARTESIAN_POINT('',(0.,18.));
#5140 = VECTOR('',#5141,1.);
#5141 = DIRECTION('',(1.,0.));
#5142 = ( GEOMETRIC_REPRESENTATION_CONTEXT(2) 
PARAMETRIC_REPRESENTATION_CONTEXT() REPRESENTATION_CONTEXT('2D SPACE',''
  ) );
#5143 = ORIENTED_EDGE('',*,*,#4922,.F.);
#5144 = ORIENTED_EDGE('',*,*,#5145,.F.);
#5145 = EDGE_CURVE('',#5146,#4902,#5148,.T.);
#5146 = VERTEX_POINT('',#5147);
#5147 = CARTESIAN_POINT('',(44.428685547678,300.,-113.));
#5148 = SURFACE_CURVE('',#5149,(#5153,#5159),.PCURVE_S1.);
#5149 = LINE('',#5150,#5151);
#5150 = CARTESIAN_POINT('',(32.465389213022,300.,-88.15795918755));
#5151 = VECTOR('',#5152,1.);
#5152 = DIRECTION('',(0.433883739118,0.,-0.900968867902));
#5153 = PCURVE('',#4869,#5154);
#5154 = DEFINITIONAL_REPRESENTATION('',(#5155),#5158);
#5155 = B_SPLINE_CURVE_WITH_KNOTS('',1,(#5156,#5157),.UNSPECIFIED.,.F.,
  .F.,(2,2),(27.57258513303,33.986218850552),.PIECEWISE_BEZIER_KNOTS.);
#5156 = CARTESIAN_POINT('',(0.586366282478,-275.));
#5157 = CARTESIAN_POINT('',(7.,-275.));
#5158 = ( GEOMETRIC_REPRESENTATION_CONTEXT(2) 
PARAMETRIC_REPRESENTATION_CONTEXT() REPRESENTATION_CONTEXT('2D SPACE',''
  ) );
#5159 = PCURVE('',#3775,#5160);
#5160 = DEFINITIONAL_REPRESENTATION('',(#5161),#5164);
#5161 = B_SPLINE_CURVE_WITH_KNOTS('',1,(#5162,#5163),.UNSPECIFIED.,.F.,
  .F.,(2,2),(27.57258513303,33.986218850552),.PIECEWISE_BEZIER_KNOTS.);
#5162 = CARTESIAN_POINT('',(22.,171.42868554767));
#5163 = CARTESIAN_POINT('',(16.221515690384,174.21145692636));
#5164 = ( GEOMETRIC_REPRESENTATION_CONTEXT(2) 
PARAMETRIC_REPRESENTATION_CONTEXT() REPRESENTATION_CONTEXT('2D SPACE',''
  ) );
#5165 = ORIENTED_EDGE('',*,*,#5166,.F.);
#5166 = EDGE_CURVE('',#5167,#5146,#5169,.T.);
#5167 = VERTEX_POINT('',#5168);
#5168 = CARTESIAN_POINT('',(44.428685547678,30.,-113.));
#5169 = SURFACE_CURVE('',#5170,(#5174,#5180),.PCURVE_S1.);
#5170 = LINE('',#5171,#5172);
#5171 = CARTESIAN_POINT('',(44.428685547678,27.5,-113.));
#5172 = VECTOR('',#5173,1.);
#5173 = DIRECTION('',(0.,1.,-0.));
#5174 = PCURVE('',#4869,#5175);
#5175 = DEFINITIONAL_REPRESENTATION('',(#5176),#5179);
#5176 = B_SPLINE_CURVE_WITH_KNOTS('',1,(#5177,#5178),.UNSPECIFIED.,.F.,
  .F.,(2,2),(2.5,272.5),.PIECEWISE_BEZIER_KNOTS.);
#5177 = CARTESIAN_POINT('',(0.586366282478,-5.));
#5178 = CARTESIAN_POINT('',(0.586366282478,-275.));
#5179 = ( GEOMETRIC_REPRESENTATION_CONTEXT(2) 
PARAMETRIC_REPRESENTATION_CONTEXT() REPRESENTATION_CONTEXT('2D SPACE',''
  ) );
#5180 = PCURVE('',#72,#5181);
#5181 = DEFINITIONAL_REPRESENTATION('',(#5182),#5185);
#5182 = B_SPLINE_CURVE_WITH_KNOTS('',1,(#5183,#5184),.UNSPECIFIED.,.F.,
  .F.,(2,2),(2.5,272.5),.PIECEWISE_BEZIER_KNOTS.);
#5183 = CARTESIAN_POINT('',(171.42868554767,0.));
#5184 = CARTESIAN_POINT('',(171.42868554767,270.));
#5185 = ( GEOMETRIC_REPRESENTATION_CONTEXT(2) 
PARAMETRIC_REPRESENTATION_CONTEXT() REPRESENTATION_CONTEXT('2D SPACE',''
  ) );
#5186 = ORIENTED_EDGE('',*,*,#5187,.T.);
#5187 = EDGE_CURVE('',#5167,#4854,#5188,.T.);
#5188 = SURFACE_CURVE('',#5189,(#5193,#5199),.PCURVE_S1.);
#5189 = LINE('',#5190,#5191);
#5190 = CARTESIAN_POINT('',(32.465389213022,30.,-88.15795918755));
#5191 = VECTOR('',#5192,1.);
#5192 = DIRECTION('',(0.433883739118,0.,-0.900968867902));
#5193 = PCURVE('',#4869,#5194);
#5194 = DEFINITIONAL_REPRESENTATION('',(#5195),#5198);
#5195 = B_SPLINE_CURVE_WITH_KNOTS('',1,(#5196,#5197),.UNSPECIFIED.,.F.,
  .F.,(2,2),(27.57258513303,33.986218850552),.PIECEWISE_BEZIER_KNOTS.);
#5196 = CARTESIAN_POINT('',(0.586366282478,-5.));
#5197 = CARTESIAN_POINT('',(7.,-5.));
#5198 = ( GEOMETRIC_REPRESENTATION_CONTEXT(2) 
PARAMETRIC_REPRESENTATION_CONTEXT() REPRESENTATION_CONTEXT('2D SPACE',''
  ) );
#5199 = PCURVE('',#3829,#5200);
#5200 = DEFINITIONAL_REPRESENTATION('',(#5201),#5204);
#5201 = B_SPLINE_CURVE_WITH_KNOTS('',1,(#5202,#5203),.UNSPECIFIED.,.F.,
  .F.,(2,2),(27.57258513303,33.986218850552),.PIECEWISE_BEZIER_KNOTS.);
#5202 = CARTESIAN_POINT('',(22.,171.42868554767));
#5203 = CARTESIAN_POINT('',(16.221515690384,174.21145692636));
#5204 = ( GEOMETRIC_REPRESENTATION_CONTEXT(2) 
PARAMETRIC_REPRESENTATION_CONTEXT() REPRESENTATION_CONTEXT('2D SPACE',''
  ) );
#5205 = ADVANCED_FACE('',(#5206),#4785,.T.);
#5206 = FACE_BOUND('',#5207,.T.);
#5207 = EDGE_LOOP('',(#5208,#5209,#5210,#5211));
#5208 = ORIENTED_EDGE('',*,*,#5069,.F.);
#5209 = ORIENTED_EDGE('',*,*,#4997,.T.);
#5210 = ORIENTED_EDGE('',*,*,#4767,.T.);
#5211 = ORIENTED_EDGE('',*,*,#5123,.F.);
#5212 = ADVANCED_FACE('',(#5213,#5270,#5376,#5482),#3829,.F.);
#5213 = FACE_BOUND('',#5214,.F.);
#5214 = EDGE_LOOP('',(#5215,#5216,#5217,#5218,#5219,#5220,#5221,#5222,
    #5246,#5267,#5268,#5269));
#5215 = ORIENTED_EDGE('',*,*,#4617,.F.);
#5216 = ORIENTED_EDGE('',*,*,#4542,.F.);
#5217 = ORIENTED_EDGE('',*,*,#4465,.T.);
#5218 = ORIENTED_EDGE('',*,*,#4440,.T.);
#5219 = ORIENTED_EDGE('',*,*,#4367,.T.);
#5220 = ORIENTED_EDGE('',*,*,#4092,.F.);
#5221 = ORIENTED_EDGE('',*,*,#3813,.T.);
#5222 = ORIENTED_EDGE('',*,*,#5223,.F.);
#5223 = EDGE_CURVE('',#5224,#3814,#5226,.T.);
#5224 = VERTEX_POINT('',#5225);
#5225 = CARTESIAN_POINT('',(37.309516212355,30.,-113.));
#5226 = SURFACE_CURVE('',#5227,(#5232,#5239),.PCURVE_S1.);
#5227 = CIRCLE('',#5228,119.);
#5228 = AXIS2_PLACEMENT_3D('',#5229,#5230,#5231);
#5229 = CARTESIAN_POINT('',(0.,30.,2.886579864025E-15));
#5230 = DIRECTION('',(0.,1.,2.22044604925E-16));
#5231 = DIRECTION('',(1.,0.,-0.));
#5232 = PCURVE('',#3829,#5233);
#5233 = DEFINITIONAL_REPRESENTATION('',(#5234),#5238);
#5234 = CIRCLE('',#5235,119.);
#5235 = AXIS2_PLACEMENT_2D('',#5236,#5237);
#5236 = CARTESIAN_POINT('',(135.,127.));
#5237 = DIRECTION('',(0.,1.));
#5238 = ( GEOMETRIC_REPRESENTATION_CONTEXT(2) 
PARAMETRIC_REPRESENTATION_CONTEXT() REPRESENTATION_CONTEXT('2D SPACE',''
  ) );
#5239 = PCURVE('',#3856,#5240);
#5240 = DEFINITIONAL_REPRESENTATION('',(#5241),#5245);
#5241 = LINE('',#5242,#5243);
#5242 = CARTESIAN_POINT('',(0.,30.));
#5243 = VECTOR('',#5244,1.);
#5244 = DIRECTION('',(1.,0.));
#5245 = ( GEOMETRIC_REPRESENTATION_CONTEXT(2) 
PARAMETRIC_REPRESENTATION_CONTEXT() REPRESENTATION_CONTEXT('2D SPACE',''
  ) );
#5246 = ORIENTED_EDGE('',*,*,#5247,.T.);
#5247 = EDGE_CURVE('',#5224,#5167,#5248,.T.);
#5248 = SURFACE_CURVE('',#5249,(#5253,#5260),.PCURVE_S1.);
#5249 = LINE('',#5250,#5251);
#5250 = CARTESIAN_POINT('',(-127.,30.,-113.));
#5251 = VECTOR('',#5252,1.);
#5252 = DIRECTION('',(1.,0.,-0.));
#5253 = PCURVE('',#3829,#5254);
#5254 = DEFINITIONAL_REPRESENTATION('',(#5255),#5259);
#5255 = LINE('',#5256,#5257);
#5256 = CARTESIAN_POINT('',(22.,0.));
#5257 = VECTOR('',#5258,1.);
#5258 = DIRECTION('',(0.,1.));
#5259 = ( GEOMETRIC_REPRESENTATION_CONTEXT(2) 
PARAMETRIC_REPRESENTATION_CONTEXT() REPRESENTATION_CONTEXT('2D SPACE',''
  ) );
#5260 = PCURVE('',#72,#5261);
#5261 = DEFINITIONAL_REPRESENTATION('',(#5262),#5266);
#5262 = LINE('',#5263,#5264);
#5263 = CARTESIAN_POINT('',(0.,0.));
#5264 = VECTOR('',#5265,1.);
#5265 = DIRECTION('',(1.,0.));
#5266 = ( GEOMETRIC_REPRESENTATION_CONTEXT(2) 
PARAMETRIC_REPRESENTATION_CONTEXT() REPRESENTATION_CONTEXT('2D SPACE',''
  ) );
#5267 = ORIENTED_EDGE('',*,*,#5187,.T.);
#5268 = ORIENTED_EDGE('',*,*,#4881,.T.);
#5269 = ORIENTED_EDGE('',*,*,#4742,.T.);
#5270 = FACE_BOUND('',#5271,.F.);
#5271 = EDGE_LOOP('',(#5272,#5300,#5326,#5352));
#5272 = ORIENTED_EDGE('',*,*,#5273,.F.);
#5273 = EDGE_CURVE('',#5274,#5276,#5278,.T.);
#5274 = VERTEX_POINT('',#5275);
#5275 = CARTESIAN_POINT('',(-18.03942133209,30.,-119.4815018235));
#5276 = VERTEX_POINT('',#5277);
#5277 = CARTESIAN_POINT('',(-19.59706786979,30.,-126.3059972087));
#5278 = SURFACE_CURVE('',#5279,(#5283,#5289),.PCURVE_S1.);
#5279 = LINE('',#5280,#5281);
#5280 = CARTESIAN_POINT('',(-22.42034970054,30.,-138.6756031232));
#5281 = VECTOR('',#5282,1.);
#5282 = DIRECTION('',(-0.222520933956,0.,-0.974927912182));
#5283 = PCURVE('',#3829,#5284);
#5284 = DEFINITIONAL_REPRESENTATION('',(#5285),#5288);
#5285 = B_SPLINE_CURVE_WITH_KNOTS('',1,(#5286,#5287),.UNSPECIFIED.,.F.,
  .F.,(2,2),(-19.68771337849,-12.68771337849),.PIECEWISE_BEZIER_KNOTS.);
#5286 = CARTESIAN_POINT('',(15.518498176483,108.9605786679));
#5287 = CARTESIAN_POINT('',(8.694002791211,107.4029321302));
#5288 = ( GEOMETRIC_REPRESENTATION_CONTEXT(2) 
PARAMETRIC_REPRESENTATION_CONTEXT() REPRESENTATION_CONTEXT('2D SPACE',''
  ) );
#5289 = PCURVE('',#5290,#5295);
#5290 = PLANE('',#5291);
#5291 = AXIS2_PLACEMENT_3D('',#5292,#5293,#5294);
#5292 = CARTESIAN_POINT('',(-18.03942133209,25.,-119.4815018235));
#5293 = DIRECTION('',(-0.974927912182,0.,0.222520933956));
#5294 = DIRECTION('',(-0.222520933956,0.,-0.974927912182));
#5295 = DEFINITIONAL_REPRESENTATION('',(#5296),#5299);
#5296 = B_SPLINE_CURVE_WITH_KNOTS('',1,(#5297,#5298),.UNSPECIFIED.,.F.,
  .F.,(2,2),(-19.68771337849,-12.68771337849),.PIECEWISE_BEZIER_KNOTS.);
#5297 = CARTESIAN_POINT('',(0.,-5.));
#5298 = CARTESIAN_POINT('',(7.,-5.));
#5299 = ( GEOMETRIC_REPRESENTATION_CONTEXT(2) 
PARAMETRIC_REPRESENTATION_CONTEXT() REPRESENTATION_CONTEXT('2D SPACE',''
  ) );
#5300 = ORIENTED_EDGE('',*,*,#5301,.F.);
#5301 = EDGE_CURVE('',#5302,#5274,#5304,.T.);
#5302 = VERTEX_POINT('',#5303);
#5303 = CARTESIAN_POINT('',(-35.58812375137,30.,-115.4761250123));
#5304 = SURFACE_CURVE('',#5305,(#5309,#5315),.PCURVE_S1.);
#5305 = LINE('',#5306,#5307);
#5306 = CARTESIAN_POINT('',(-68.1387822976,30.,-108.046649612));
#5307 = VECTOR('',#5308,1.);
#5308 = DIRECTION('',(0.974927912182,0.,-0.222520933956));
#5309 = PCURVE('',#3829,#5310);
#5310 = DEFINITIONAL_REPRESENTATION('',(#5311),#5314);
#5311 = B_SPLINE_CURVE_WITH_KNOTS('',1,(#5312,#5313),.UNSPECIFIED.,.F.,
  .F.,(2,2),(33.387759381495,51.387759381495),.PIECEWISE_BEZIER_KNOTS.);
#5312 = CARTESIAN_POINT('',(19.523874987697,91.411876248628));
#5313 = CARTESIAN_POINT('',(15.518498176483,108.9605786679));
#5314 = ( GEOMETRIC_REPRESENTATION_CONTEXT(2) 
PARAMETRIC_REPRESENTATION_CONTEXT() REPRESENTATION_CONTEXT('2D SPACE',''
  ) );
#5315 = PCURVE('',#5316,#5321);
#5316 = PLANE('',#5317);
#5317 = AXIS2_PLACEMENT_3D('',#5318,#5319,#5320);
#5318 = CARTESIAN_POINT('',(-18.03942133209,25.,-119.4815018235));
#5319 = DIRECTION('',(-0.222520933956,0.,-0.974927912182));
#5320 = DIRECTION('',(-0.974927912182,0.,0.222520933956));
#5321 = DEFINITIONAL_REPRESENTATION('',(#5322),#5325);
#5322 = B_SPLINE_CURVE_WITH_KNOTS('',1,(#5323,#5324),.UNSPECIFIED.,.F.,
  .F.,(2,2),(33.387759381495,51.387759381495),.PIECEWISE_BEZIER_KNOTS.);
#5323 = CARTESIAN_POINT('',(18.,5.));
#5324 = CARTESIAN_POINT('',(0.,5.));
#5325 = ( GEOMETRIC_REPRESENTATION_CONTEXT(2) 
PARAMETRIC_REPRESENTATION_CONTEXT() REPRESENTATION_CONTEXT('2D SPACE',''
  ) );
#5326 = ORIENTED_EDGE('',*,*,#5327,.T.);
#5327 = EDGE_CURVE('',#5302,#5328,#5330,.T.);
#5328 = VERTEX_POINT('',#5329);
#5329 = CARTESIAN_POINT('',(-37.14577028906,30.,-122.3006203975));
#5330 = SURFACE_CURVE('',#5331,(#5335,#5341),.PCURVE_S1.);
#5331 = LINE('',#5332,#5333);
#5332 = CARTESIAN_POINT('',(-39.96905211982,30.,-134.670226312));
#5333 = VECTOR('',#5334,1.);
#5334 = DIRECTION('',(-0.222520933956,0.,-0.974927912182));
#5335 = PCURVE('',#3829,#5336);
#5336 = DEFINITIONAL_REPRESENTATION('',(#5337),#5340);
#5337 = B_SPLINE_CURVE_WITH_KNOTS('',1,(#5338,#5339),.UNSPECIFIED.,.F.,
  .F.,(2,2),(-19.68771337849,-12.68771337849),.PIECEWISE_BEZIER_KNOTS.);
#5338 = CARTESIAN_POINT('',(19.523874987697,91.411876248628));
#5339 = CARTESIAN_POINT('',(12.699379602424,89.854229710934));
#5340 = ( GEOMETRIC_REPRESENTATION_CONTEXT(2) 
PARAMETRIC_REPRESENTATION_CONTEXT() REPRESENTATION_CONTEXT('2D SPACE',''
  ) );
#5341 = PCURVE('',#5342,#5347);
#5342 = PLANE('',#5343);
#5343 = AXIS2_PLACEMENT_3D('',#5344,#5345,#5346);
#5344 = CARTESIAN_POINT('',(-35.58812375137,25.,-115.4761250123));
#5345 = DIRECTION('',(-0.974927912182,0.,0.222520933956));
#5346 = DIRECTION('',(-0.222520933956,0.,-0.974927912182));
#5347 = DEFINITIONAL_REPRESENTATION('',(#5348),#5351);
#5348 = B_SPLINE_CURVE_WITH_KNOTS('',1,(#5349,#5350),.UNSPECIFIED.,.F.,
  .F.,(2,2),(-19.68771337849,-12.68771337849),.PIECEWISE_BEZIER_KNOTS.);
#5349 = CARTESIAN_POINT('',(0.,-5.));
#5350 = CARTESIAN_POINT('',(7.,-5.));
#5351 = ( GEOMETRIC_REPRESENTATION_CONTEXT(2) 
PARAMETRIC_REPRESENTATION_CONTEXT() REPRESENTATION_CONTEXT('2D SPACE',''
  ) );
#5352 = ORIENTED_EDGE('',*,*,#5353,.T.);
#5353 = EDGE_CURVE('',#5328,#5276,#5354,.T.);
#5354 = SURFACE_CURVE('',#5355,(#5359,#5365),.PCURVE_S1.);
#5355 = LINE('',#5356,#5357);
#5356 = CARTESIAN_POINT('',(-69.69642883529,30.,-114.8711449972));
#5357 = VECTOR('',#5358,1.);
#5358 = DIRECTION('',(0.974927912182,0.,-0.222520933956));
#5359 = PCURVE('',#3829,#5360);
#5360 = DEFINITIONAL_REPRESENTATION('',(#5361),#5364);
#5361 = B_SPLINE_CURVE_WITH_KNOTS('',1,(#5362,#5363),.UNSPECIFIED.,.F.,
  .F.,(2,2),(33.387759381495,51.387759381495),.PIECEWISE_BEZIER_KNOTS.);
#5362 = CARTESIAN_POINT('',(12.699379602424,89.854229710934));
#5363 = CARTESIAN_POINT('',(8.694002791211,107.4029321302));
#5364 = ( GEOMETRIC_REPRESENTATION_CONTEXT(2) 
PARAMETRIC_REPRESENTATION_CONTEXT() REPRESENTATION_CONTEXT('2D SPACE',''
  ) );
#5365 = PCURVE('',#5366,#5371);
#5366 = PLANE('',#5367);
#5367 = AXIS2_PLACEMENT_3D('',#5368,#5369,#5370);
#5368 = CARTESIAN_POINT('',(-19.59706786979,25.,-126.3059972087));
#5369 = DIRECTION('',(-0.222520933956,0.,-0.974927912182));
#5370 = DIRECTION('',(-0.974927912182,0.,0.222520933956));
#5371 = DEFINITIONAL_REPRESENTATION('',(#5372),#5375);
#5372 = B_SPLINE_CURVE_WITH_KNOTS('',1,(#5373,#5374),.UNSPECIFIED.,.F.,
  .F.,(2,2),(33.387759381495,51.387759381495),.PIECEWISE_BEZIER_KNOTS.);
#5373 = CARTESIAN_POINT('',(18.,5.));
#5374 = CARTESIAN_POINT('',(0.,5.));
#5375 = ( GEOMETRIC_REPRESENTATION_CONTEXT(2) 
PARAMETRIC_REPRESENTATION_CONTEXT() REPRESENTATION_CONTEXT('2D SPACE',''
  ) );
#5376 = FACE_BOUND('',#5377,.F.);
#5377 = EDGE_LOOP('',(#5378,#5406,#5432,#5458));
#5378 = ORIENTED_EDGE('',*,*,#5379,.F.);
#5379 = EDGE_CURVE('',#5380,#5382,#5384,.T.);
#5380 = VERTEX_POINT('',#5381);
#5381 = CARTESIAN_POINT('',(9.,30.,-120.5));
#5382 = VERTEX_POINT('',#5383);
#5383 = CARTESIAN_POINT('',(9.,30.,-127.5));
#5384 = SURFACE_CURVE('',#5385,(#5389,#5395),.PCURVE_S1.);
#5385 = LINE('',#5386,#5387);
#5386 = CARTESIAN_POINT('',(9.,30.,-127.75));
#5387 = VECTOR('',#5388,1.);
#5388 = DIRECTION('',(1.224646799147E-16,0.,-1.));
#5389 = PCURVE('',#3829,#5390);
#5390 = DEFINITIONAL_REPRESENTATION('',(#5391),#5394);
#5391 = B_SPLINE_CURVE_WITH_KNOTS('',1,(#5392,#5393),.UNSPECIFIED.,.F.,
  .F.,(2,2),(-7.25,-0.25),.PIECEWISE_BEZIER_KNOTS.);
#5392 = CARTESIAN_POINT('',(14.5,136.));
#5393 = CARTESIAN_POINT('',(7.5,136.));
#5394 = ( GEOMETRIC_REPRESENTATION_CONTEXT(2) 
PARAMETRIC_REPRESENTATION_CONTEXT() REPRESENTATION_CONTEXT('2D SPACE',''
  ) );
#5395 = PCURVE('',#5396,#5401);
#5396 = PLANE('',#5397);
#5397 = AXIS2_PLACEMENT_3D('',#5398,#5399,#5400);
#5398 = CARTESIAN_POINT('',(9.,25.,-120.5));
#5399 = DIRECTION('',(-1.,0.,-1.224646799147E-16));
#5400 = DIRECTION('',(1.224646799147E-16,0.,-1.));
#5401 = DEFINITIONAL_REPRESENTATION('',(#5402),#5405);
#5402 = B_SPLINE_CURVE_WITH_KNOTS('',1,(#5403,#5404),.UNSPECIFIED.,.F.,
  .F.,(2,2),(-7.25,-0.25),.PIECEWISE_BEZIER_KNOTS.);
#5403 = CARTESIAN_POINT('',(0.,-5.));
#5404 = CARTESIAN_POINT('',(7.,-5.));
#5405 = ( GEOMETRIC_REPRESENTATION_CONTEXT(2) 
PARAMETRIC_REPRESENTATION_CONTEXT() REPRESENTATION_CONTEXT('2D SPACE',''
  ) );
#5406 = ORIENTED_EDGE('',*,*,#5407,.F.);
#5407 = EDGE_CURVE('',#5408,#5380,#5410,.T.);
#5408 = VERTEX_POINT('',#5409);
#5409 = CARTESIAN_POINT('',(-9.,30.,-120.5));
#5410 = SURFACE_CURVE('',#5411,(#5415,#5421),.PCURVE_S1.);
#5411 = LINE('',#5412,#5413);
#5412 = CARTESIAN_POINT('',(-59.,30.,-120.5));
#5413 = VECTOR('',#5414,1.);
#5414 = DIRECTION('',(1.,0.,1.224646799147E-16));
#5415 = PCURVE('',#3829,#5416);
#5416 = DEFINITIONAL_REPRESENTATION('',(#5417),#5420);
#5417 = B_SPLINE_CURVE_WITH_KNOTS('',1,(#5418,#5419),.UNSPECIFIED.,.F.,
  .F.,(2,2),(50.,68.),.PIECEWISE_BEZIER_KNOTS.);
#5418 = CARTESIAN_POINT('',(14.5,118.));
#5419 = CARTESIAN_POINT('',(14.5,136.));
#5420 = ( GEOMETRIC_REPRESENTATION_CONTEXT(2) 
PARAMETRIC_REPRESENTATION_CONTEXT() REPRESENTATION_CONTEXT('2D SPACE',''
  ) );
#5421 = PCURVE('',#5422,#5427);
#5422 = PLANE('',#5423);
#5423 = AXIS2_PLACEMENT_3D('',#5424,#5425,#5426);
#5424 = CARTESIAN_POINT('',(9.,25.,-120.5));
#5425 = DIRECTION('',(1.224646799147E-16,0.,-1.));
#5426 = DIRECTION('',(-1.,0.,-1.224646799147E-16));
#5427 = DEFINITIONAL_REPRESENTATION('',(#5428),#5431);
#5428 = B_SPLINE_CURVE_WITH_KNOTS('',1,(#5429,#5430),.UNSPECIFIED.,.F.,
  .F.,(2,2),(50.,68.),.PIECEWISE_BEZIER_KNOTS.);
#5429 = CARTESIAN_POINT('',(18.,5.));
#5430 = CARTESIAN_POINT('',(0.,5.));
#5431 = ( GEOMETRIC_REPRESENTATION_CONTEXT(2) 
PARAMETRIC_REPRESENTATION_CONTEXT() REPRESENTATION_CONTEXT('2D SPACE',''
  ) );
#5432 = ORIENTED_EDGE('',*,*,#5433,.T.);
#5433 = EDGE_CURVE('',#5408,#5434,#5436,.T.);
#5434 = VERTEX_POINT('',#5435);
#5435 = CARTESIAN_POINT('',(-9.,30.,-127.5));
#5436 = SURFACE_CURVE('',#5437,(#5441,#5447),.PCURVE_S1.);
#5437 = LINE('',#5438,#5439);
#5438 = CARTESIAN_POINT('',(-9.,30.,-127.75));
#5439 = VECTOR('',#5440,1.);
#5440 = DIRECTION('',(1.224646799147E-16,0.,-1.));
#5441 = PCURVE('',#3829,#5442);
#5442 = DEFINITIONAL_REPRESENTATION('',(#5443),#5446);
#5443 = B_SPLINE_CURVE_WITH_KNOTS('',1,(#5444,#5445),.UNSPECIFIED.,.F.,
  .F.,(2,2),(-7.25,-0.25),.PIECEWISE_BEZIER_KNOTS.);
#5444 = CARTESIAN_POINT('',(14.5,118.));
#5445 = CARTESIAN_POINT('',(7.5,118.));
#5446 = ( GEOMETRIC_REPRESENTATION_CONTEXT(2) 
PARAMETRIC_REPRESENTATION_CONTEXT() REPRESENTATION_CONTEXT('2D SPACE',''
  ) );
#5447 = PCURVE('',#5448,#5453);
#5448 = PLANE('',#5449);
#5449 = AXIS2_PLACEMENT_3D('',#5450,#5451,#5452);
#5450 = CARTESIAN_POINT('',(-9.,25.,-120.5));
#5451 = DIRECTION('',(-1.,0.,-1.224646799147E-16));
#5452 = DIRECTION('',(1.224646799147E-16,0.,-1.));
#5453 = DEFINITIONAL_REPRESENTATION('',(#5454),#5457);
#5454 = B_SPLINE_CURVE_WITH_KNOTS('',1,(#5455,#5456),.UNSPECIFIED.,.F.,
  .F.,(2,2),(-7.25,-0.25),.PIECEWISE_BEZIER_KNOTS.);
#5455 = CARTESIAN_POINT('',(0.,-5.));
#5456 = CARTESIAN_POINT('',(7.,-5.));
#5457 = ( GEOMETRIC_REPRESENTATION_CONTEXT(2) 
PARAMETRIC_REPRESENTATION_CONTEXT() REPRESENTATION_CONTEXT('2D SPACE',''
  ) );
#5458 = ORIENTED_EDGE('',*,*,#5459,.T.);
#5459 = EDGE_CURVE('',#5434,#5382,#5460,.T.);
#5460 = SURFACE_CURVE('',#5461,(#5465,#5471),.PCURVE_S1.);
#5461 = LINE('',#5462,#5463);
#5462 = CARTESIAN_POINT('',(-59.,30.,-127.5));
#5463 = VECTOR('',#5464,1.);
#5464 = DIRECTION('',(1.,0.,1.224646799147E-16));
#5465 = PCURVE('',#3829,#5466);
#5466 = DEFINITIONAL_REPRESENTATION('',(#5467),#5470);
#5467 = B_SPLINE_CURVE_WITH_KNOTS('',1,(#5468,#5469),.UNSPECIFIED.,.F.,
  .F.,(2,2),(50.,68.),.PIECEWISE_BEZIER_KNOTS.);
#5468 = CARTESIAN_POINT('',(7.5,118.));
#5469 = CARTESIAN_POINT('',(7.5,136.));
#5470 = ( GEOMETRIC_REPRESENTATION_CONTEXT(2) 
PARAMETRIC_REPRESENTATION_CONTEXT() REPRESENTATION_CONTEXT('2D SPACE',''
  ) );
#5471 = PCURVE('',#5472,#5477);
#5472 = PLANE('',#5473);
#5473 = AXIS2_PLACEMENT_3D('',#5474,#5475,#5476);
#5474 = CARTESIAN_POINT('',(9.,25.,-127.5));
#5475 = DIRECTION('',(1.224646799147E-16,0.,-1.));
#5476 = DIRECTION('',(-1.,0.,-1.224646799147E-16));
#5477 = DEFINITIONAL_REPRESENTATION('',(#5478),#5481);
#5478 = B_SPLINE_CURVE_WITH_KNOTS('',1,(#5479,#5480),.UNSPECIFIED.,.F.,
  .F.,(2,2),(50.,68.),.PIECEWISE_BEZIER_KNOTS.);
#5479 = CARTESIAN_POINT('',(18.,5.));
#5480 = CARTESIAN_POINT('',(0.,5.));
#5481 = ( GEOMETRIC_REPRESENTATION_CONTEXT(2) 
PARAMETRIC_REPRESENTATION_CONTEXT() REPRESENTATION_CONTEXT('2D SPACE',''
  ) );
#5482 = FACE_BOUND('',#5483,.F.);
#5483 = EDGE_LOOP('',(#5484,#5512,#5538,#5564));
#5484 = ORIENTED_EDGE('',*,*,#5485,.F.);
#5485 = EDGE_CURVE('',#5486,#5488,#5490,.T.);
#5486 = VERTEX_POINT('',#5487);
#5487 = CARTESIAN_POINT('',(35.588123751372,30.,-115.4761250123));
#5488 = VERTEX_POINT('',#5489);
#5489 = CARTESIAN_POINT('',(37.145770289067,30.,-122.3006203975));
#5490 = SURFACE_CURVE('',#5491,(#5495,#5501),.PCURVE_S1.);
#5491 = LINE('',#5492,#5493);
#5492 = CARTESIAN_POINT('',(33.680575231624,30.,-107.118608878));
#5493 = VECTOR('',#5494,1.);
#5494 = DIRECTION('',(0.222520933956,0.,-0.974927912182));
#5495 = PCURVE('',#3829,#5496);
#5496 = DEFINITIONAL_REPRESENTATION('',(#5497),#5500);
#5497 = B_SPLINE_CURVE_WITH_KNOTS('',1,(#5498,#5499),.UNSPECIFIED.,.F.,
  .F.,(2,2),(8.572445233953,15.572445233953),.PIECEWISE_BEZIER_KNOTS.);
#5498 = CARTESIAN_POINT('',(19.523874987697,162.58812375137));
#5499 = CARTESIAN_POINT('',(12.699379602424,164.14577028906));
#5500 = ( GEOMETRIC_REPRESENTATION_CONTEXT(2) 
PARAMETRIC_REPRESENTATION_CONTEXT() REPRESENTATION_CONTEXT('2D SPACE',''
  ) );
#5501 = PCURVE('',#5502,#5507);
#5502 = PLANE('',#5503);
#5503 = AXIS2_PLACEMENT_3D('',#5504,#5505,#5506);
#5504 = CARTESIAN_POINT('',(35.588123751372,25.,-115.4761250123));
#5505 = DIRECTION('',(-0.974927912182,0.,-0.222520933956));
#5506 = DIRECTION('',(0.222520933956,0.,-0.974927912182));
#5507 = DEFINITIONAL_REPRESENTATION('',(#5508),#5511);
#5508 = B_SPLINE_CURVE_WITH_KNOTS('',1,(#5509,#5510),.UNSPECIFIED.,.F.,
  .F.,(2,2),(8.572445233953,15.572445233953),.PIECEWISE_BEZIER_KNOTS.);
#5509 = CARTESIAN_POINT('',(0.,-5.));
#5510 = CARTESIAN_POINT('',(7.,-5.));
#5511 = ( GEOMETRIC_REPRESENTATION_CONTEXT(2) 
PARAMETRIC_REPRESENTATION_CONTEXT() REPRESENTATION_CONTEXT('2D SPACE',''
  ) );
#5512 = ORIENTED_EDGE('',*,*,#5513,.F.);
#5513 = EDGE_CURVE('',#5514,#5486,#5516,.T.);
#5514 = VERTEX_POINT('',#5515);
#5515 = CARTESIAN_POINT('',(18.039421332099,30.,-119.4815018235));
#5516 = SURFACE_CURVE('',#5517,(#5521,#5527),.PCURVE_S1.);
#5517 = LINE('',#5518,#5519);
#5518 = CARTESIAN_POINT('',(-43.79838960456,30.,-133.5955786403));
#5519 = VECTOR('',#5520,1.);
#5520 = DIRECTION('',(0.974927912182,0.,0.222520933956));
#5521 = PCURVE('',#3829,#5522);
#5522 = DEFINITIONAL_REPRESENTATION('',(#5523),#5526);
#5523 = B_SPLINE_CURVE_WITH_KNOTS('',1,(#5524,#5525),.UNSPECIFIED.,.F.,
  .F.,(2,2),(63.428085465597,81.428085465597),.PIECEWISE_BEZIER_KNOTS.);
#5524 = CARTESIAN_POINT('',(15.518498176483,145.03942133209));
#5525 = CARTESIAN_POINT('',(19.523874987697,162.58812375137));
#5526 = ( GEOMETRIC_REPRESENTATION_CONTEXT(2) 
PARAMETRIC_REPRESENTATION_CONTEXT() REPRESENTATION_CONTEXT('2D SPACE',''
  ) );
#5527 = PCURVE('',#5528,#5533);
#5528 = PLANE('',#5529);
#5529 = AXIS2_PLACEMENT_3D('',#5530,#5531,#5532);
#5530 = CARTESIAN_POINT('',(35.588123751372,25.,-115.4761250123));
#5531 = DIRECTION('',(0.222520933956,0.,-0.974927912182));
#5532 = DIRECTION('',(-0.974927912182,0.,-0.222520933956));
#5533 = DEFINITIONAL_REPRESENTATION('',(#5534),#5537);
#5534 = B_SPLINE_CURVE_WITH_KNOTS('',1,(#5535,#5536),.UNSPECIFIED.,.F.,
  .F.,(2,2),(63.428085465597,81.428085465597),.PIECEWISE_BEZIER_KNOTS.);
#5535 = CARTESIAN_POINT('',(18.,5.));
#5536 = CARTESIAN_POINT('',(0.,5.));
#5537 = ( GEOMETRIC_REPRESENTATION_CONTEXT(2) 
PARAMETRIC_REPRESENTATION_CONTEXT() REPRESENTATION_CONTEXT('2D SPACE',''
  ) );
#5538 = ORIENTED_EDGE('',*,*,#5539,.T.);
#5539 = EDGE_CURVE('',#5514,#5540,#5542,.T.);
#5540 = VERTEX_POINT('',#5541);
#5541 = CARTESIAN_POINT('',(19.597067869794,30.,-126.3059972087));
#5542 = SURFACE_CURVE('',#5543,(#5547,#5553),.PCURVE_S1.);
#5543 = LINE('',#5544,#5545);
#5544 = CARTESIAN_POINT('',(16.131872812351,30.,-111.1239856892));
#5545 = VECTOR('',#5546,1.);
#5546 = DIRECTION('',(0.222520933956,0.,-0.974927912182));
#5547 = PCURVE('',#3829,#5548);
#5548 = DEFINITIONAL_REPRESENTATION('',(#5549),#5552);
#5549 = B_SPLINE_CURVE_WITH_KNOTS('',1,(#5550,#5551),.UNSPECIFIED.,.F.,
  .F.,(2,2),(8.572445233953,15.572445233953),.PIECEWISE_BEZIER_KNOTS.);
#5550 = CARTESIAN_POINT('',(15.518498176483,145.03942133209));
#5551 = CARTESIAN_POINT('',(8.694002791211,146.59706786979));
#5552 = ( GEOMETRIC_REPRESENTATION_CONTEXT(2) 
PARAMETRIC_REPRESENTATION_CONTEXT() REPRESENTATION_CONTEXT('2D SPACE',''
  ) );
#5553 = PCURVE('',#5554,#5559);
#5554 = PLANE('',#5555);
#5555 = AXIS2_PLACEMENT_3D('',#5556,#5557,#5558);
#5556 = CARTESIAN_POINT('',(18.039421332099,25.,-119.4815018235));
#5557 = DIRECTION('',(-0.974927912182,0.,-0.222520933956));
#5558 = DIRECTION('',(0.222520933956,0.,-0.974927912182));
#5559 = DEFINITIONAL_REPRESENTATION('',(#5560),#5563);
#5560 = B_SPLINE_CURVE_WITH_KNOTS('',1,(#5561,#5562),.UNSPECIFIED.,.F.,
  .F.,(2,2),(8.572445233953,15.572445233953),.PIECEWISE_BEZIER_KNOTS.);
#5561 = CARTESIAN_POINT('',(0.,-5.));
#5562 = CARTESIAN_POINT('',(7.,-5.));
#5563 = ( GEOMETRIC_REPRESENTATION_CONTEXT(2) 
PARAMETRIC_REPRESENTATION_CONTEXT() REPRESENTATION_CONTEXT('2D SPACE',''
  ) );
#5564 = ORIENTED_EDGE('',*,*,#5565,.T.);
#5565 = EDGE_CURVE('',#5540,#5488,#5566,.T.);
#5566 = SURFACE_CURVE('',#5567,(#5571,#5577),.PCURVE_S1.);
#5567 = LINE('',#5568,#5569);
#5568 = CARTESIAN_POINT('',(-42.24074306687,30.,-140.4200740256));
#5569 = VECTOR('',#5570,1.);
#5570 = DIRECTION('',(0.974927912182,0.,0.222520933956));
#5571 = PCURVE('',#3829,#5572);
#5572 = DEFINITIONAL_REPRESENTATION('',(#5573),#5576);
#5573 = B_SPLINE_CURVE_WITH_KNOTS('',1,(#5574,#5575),.UNSPECIFIED.,.F.,
  .F.,(2,2),(63.428085465597,81.428085465597),.PIECEWISE_BEZIER_KNOTS.);
#5574 = CARTESIAN_POINT('',(8.694002791211,146.59706786979));
#5575 = CARTESIAN_POINT('',(12.699379602424,164.14577028906));
#5576 = ( GEOMETRIC_REPRESENTATION_CONTEXT(2) 
PARAMETRIC_REPRESENTATION_CONTEXT() REPRESENTATION_CONTEXT('2D SPACE',''
  ) );
#5577 = PCURVE('',#5578,#5583);
#5578 = PLANE('',#5579);
#5579 = AXIS2_PLACEMENT_3D('',#5580,#5581,#5582);
#5580 = CARTESIAN_POINT('',(37.145770289067,25.,-122.3006203975));
#5581 = DIRECTION('',(0.222520933956,0.,-0.974927912182));
#5582 = DIRECTION('',(-0.974927912182,0.,-0.222520933956));
#5583 = DEFINITIONAL_REPRESENTATION('',(#5584),#5587);
#5584 = B_SPLINE_CURVE_WITH_KNOTS('',1,(#5585,#5586),.UNSPECIFIED.,.F.,
  .F.,(2,2),(63.428085465597,81.428085465597),.PIECEWISE_BEZIER_KNOTS.);
#5585 = CARTESIAN_POINT('',(18.,5.));
#5586 = CARTESIAN_POINT('',(0.,5.));
#5587 = ( GEOMETRIC_REPRESENTATION_CONTEXT(2) 
PARAMETRIC_REPRESENTATION_CONTEXT() REPRESENTATION_CONTEXT('2D SPACE',''
  ) );
#5588 = ADVANCED_FACE('',(#5589),#5528,.F.);
#5589 = FACE_BOUND('',#5590,.F.);
#5590 = EDGE_LOOP('',(#5591,#5614,#5642,#5663));
#5591 = ORIENTED_EDGE('',*,*,#5592,.F.);
#5592 = EDGE_CURVE('',#5593,#5486,#5595,.T.);
#5593 = VERTEX_POINT('',#5594);
#5594 = CARTESIAN_POINT('',(35.588123751372,25.,-115.4761250123));
#5595 = SURFACE_CURVE('',#5596,(#5600,#5607),.PCURVE_S1.);
#5596 = LINE('',#5597,#5598);
#5597 = CARTESIAN_POINT('',(35.588123751372,25.,-115.4761250123));
#5598 = VECTOR('',#5599,1.);
#5599 = DIRECTION('',(0.,1.,0.));
#5600 = PCURVE('',#5528,#5601);
#5601 = DEFINITIONAL_REPRESENTATION('',(#5602),#5606);
#5602 = LINE('',#5603,#5604);
#5603 = CARTESIAN_POINT('',(0.,0.));
#5604 = VECTOR('',#5605,1.);
#5605 = DIRECTION('',(0.,1.));
#5606 = ( GEOMETRIC_REPRESENTATION_CONTEXT(2) 
PARAMETRIC_REPRESENTATION_CONTEXT() REPRESENTATION_CONTEXT('2D SPACE',''
  ) );
#5607 = PCURVE('',#5502,#5608);
#5608 = DEFINITIONAL_REPRESENTATION('',(#5609),#5613);
#5609 = LINE('',#5610,#5611);
#5610 = CARTESIAN_POINT('',(0.,0.));
#5611 = VECTOR('',#5612,1.);
#5612 = DIRECTION('',(0.,-1.));
#5613 = ( GEOMETRIC_REPRESENTATION_CONTEXT(2) 
PARAMETRIC_REPRESENTATION_CONTEXT() REPRESENTATION_CONTEXT('2D SPACE',''
  ) );
#5614 = ORIENTED_EDGE('',*,*,#5615,.T.);
#5615 = EDGE_CURVE('',#5593,#5616,#5618,.T.);
#5616 = VERTEX_POINT('',#5617);
#5617 = CARTESIAN_POINT('',(18.039421332099,25.,-119.4815018235));
#5618 = SURFACE_CURVE('',#5619,(#5623,#5630),.PCURVE_S1.);
#5619 = LINE('',#5620,#5621);
#5620 = CARTESIAN_POINT('',(35.588123751372,25.,-115.4761250123));
#5621 = VECTOR('',#5622,1.);
#5622 = DIRECTION('',(-0.974927912182,0.,-0.222520933956));
#5623 = PCURVE('',#5528,#5624);
#5624 = DEFINITIONAL_REPRESENTATION('',(#5625),#5629);
#5625 = LINE('',#5626,#5627);
#5626 = CARTESIAN_POINT('',(0.,0.));
#5627 = VECTOR('',#5628,1.);
#5628 = DIRECTION('',(1.,0.));
#5629 = ( GEOMETRIC_REPRESENTATION_CONTEXT(2) 
PARAMETRIC_REPRESENTATION_CONTEXT() REPRESENTATION_CONTEXT('2D SPACE',''
  ) );
#5630 = PCURVE('',#5631,#5636);
#5631 = PLANE('',#5632);
#5632 = AXIS2_PLACEMENT_3D('',#5633,#5634,#5635);
#5633 = CARTESIAN_POINT('',(35.588123751372,25.,-115.4761250123));
#5634 = DIRECTION('',(0.,1.,0.));
#5635 = DIRECTION('',(0.222520933956,0.,-0.974927912182));
#5636 = DEFINITIONAL_REPRESENTATION('',(#5637),#5641);
#5637 = LINE('',#5638,#5639);
#5638 = CARTESIAN_POINT('',(0.,0.));
#5639 = VECTOR('',#5640,1.);
#5640 = DIRECTION('',(0.,1.));
#5641 = ( GEOMETRIC_REPRESENTATION_CONTEXT(2) 
PARAMETRIC_REPRESENTATION_CONTEXT() REPRESENTATION_CONTEXT('2D SPACE',''
  ) );
#5642 = ORIENTED_EDGE('',*,*,#5643,.T.);
#5643 = EDGE_CURVE('',#5616,#5514,#5644,.T.);
#5644 = SURFACE_CURVE('',#5645,(#5649,#5656),.PCURVE_S1.);
#5645 = LINE('',#5646,#5647);
#5646 = CARTESIAN_POINT('',(18.039421332099,25.,-119.4815018235));
#5647 = VECTOR('',#5648,1.);
#5648 = DIRECTION('',(0.,1.,0.));
#5649 = PCURVE('',#5528,#5650);
#5650 = DEFINITIONAL_REPRESENTATION('',(#5651),#5655);
#5651 = LINE('',#5652,#5653);
#5652 = CARTESIAN_POINT('',(18.,0.));
#5653 = VECTOR('',#5654,1.);
#5654 = DIRECTION('',(0.,1.));
#5655 = ( GEOMETRIC_REPRESENTATION_CONTEXT(2) 
PARAMETRIC_REPRESENTATION_CONTEXT() REPRESENTATION_CONTEXT('2D SPACE',''
  ) );
#5656 = PCURVE('',#5554,#5657);
#5657 = DEFINITIONAL_REPRESENTATION('',(#5658),#5662);
#5658 = LINE('',#5659,#5660);
#5659 = CARTESIAN_POINT('',(0.,0.));
#5660 = VECTOR('',#5661,1.);
#5661 = DIRECTION('',(0.,-1.));
#5662 = ( GEOMETRIC_REPRESENTATION_CONTEXT(2) 
PARAMETRIC_REPRESENTATION_CONTEXT() REPRESENTATION_CONTEXT('2D SPACE',''
  ) );
#5663 = ORIENTED_EDGE('',*,*,#5513,.T.);
#5664 = ADVANCED_FACE('',(#5665),#5631,.F.);
#5665 = FACE_BOUND('',#5666,.F.);
#5666 = EDGE_LOOP('',(#5667,#5668,#5691,#5714));
#5667 = ORIENTED_EDGE('',*,*,#5615,.F.);
#5668 = ORIENTED_EDGE('',*,*,#5669,.T.);
#5669 = EDGE_CURVE('',#5593,#5670,#5672,.T.);
#5670 = VERTEX_POINT('',#5671);
#5671 = CARTESIAN_POINT('',(37.145770289067,25.,-122.3006203975));
#5672 = SURFACE_CURVE('',#5673,(#5677,#5684),.PCURVE_S1.);
#5673 = LINE('',#5674,#5675);
#5674 = CARTESIAN_POINT('',(35.588123751372,25.,-115.4761250123));
#5675 = VECTOR('',#5676,1.);
#5676 = DIRECTION('',(0.222520933956,0.,-0.974927912182));
#5677 = PCURVE('',#5631,#5678);
#5678 = DEFINITIONAL_REPRESENTATION('',(#5679),#5683);
#5679 = LINE('',#5680,#5681);
#5680 = CARTESIAN_POINT('',(0.,0.));
#5681 = VECTOR('',#5682,1.);
#5682 = DIRECTION('',(1.,0.));
#5683 = ( GEOMETRIC_REPRESENTATION_CONTEXT(2) 
PARAMETRIC_REPRESENTATION_CONTEXT() REPRESENTATION_CONTEXT('2D SPACE',''
  ) );
#5684 = PCURVE('',#5502,#5685);
#5685 = DEFINITIONAL_REPRESENTATION('',(#5686),#5690);
#5686 = LINE('',#5687,#5688);
#5687 = CARTESIAN_POINT('',(0.,0.));
#5688 = VECTOR('',#5689,1.);
#5689 = DIRECTION('',(1.,0.));
#5690 = ( GEOMETRIC_REPRESENTATION_CONTEXT(2) 
PARAMETRIC_REPRESENTATION_CONTEXT() REPRESENTATION_CONTEXT('2D SPACE',''
  ) );
#5691 = ORIENTED_EDGE('',*,*,#5692,.T.);
#5692 = EDGE_CURVE('',#5670,#5693,#5695,.T.);
#5693 = VERTEX_POINT('',#5694);
#5694 = CARTESIAN_POINT('',(19.597067869794,25.,-126.3059972087));
#5695 = SURFACE_CURVE('',#5696,(#5700,#5707),.PCURVE_S1.);
#5696 = LINE('',#5697,#5698);
#5697 = CARTESIAN_POINT('',(37.145770289067,25.,-122.3006203975));
#5698 = VECTOR('',#5699,1.);
#5699 = DIRECTION('',(-0.974927912182,0.,-0.222520933956));
#5700 = PCURVE('',#5631,#5701);
#5701 = DEFINITIONAL_REPRESENTATION('',(#5702),#5706);
#5702 = LINE('',#5703,#5704);
#5703 = CARTESIAN_POINT('',(7.,0.));
#5704 = VECTOR('',#5705,1.);
#5705 = DIRECTION('',(0.,1.));
#5706 = ( GEOMETRIC_REPRESENTATION_CONTEXT(2) 
PARAMETRIC_REPRESENTATION_CONTEXT() REPRESENTATION_CONTEXT('2D SPACE',''
  ) );
#5707 = PCURVE('',#5578,#5708);
#5708 = DEFINITIONAL_REPRESENTATION('',(#5709),#5713);
#5709 = LINE('',#5710,#5711);
#5710 = CARTESIAN_POINT('',(0.,0.));
#5711 = VECTOR('',#5712,1.);
#5712 = DIRECTION('',(1.,0.));
#5713 = ( GEOMETRIC_REPRESENTATION_CONTEXT(2) 
PARAMETRIC_REPRESENTATION_CONTEXT() REPRESENTATION_CONTEXT('2D SPACE',''
  ) );
#5714 = ORIENTED_EDGE('',*,*,#5715,.F.);
#5715 = EDGE_CURVE('',#5616,#5693,#5716,.T.);
#5716 = SURFACE_CURVE('',#5717,(#5721,#5728),.PCURVE_S1.);
#5717 = LINE('',#5718,#5719);
#5718 = CARTESIAN_POINT('',(18.039421332099,25.,-119.4815018235));
#5719 = VECTOR('',#5720,1.);
#5720 = DIRECTION('',(0.222520933956,0.,-0.974927912182));
#5721 = PCURVE('',#5631,#5722);
#5722 = DEFINITIONAL_REPRESENTATION('',(#5723),#5727);
#5723 = LINE('',#5724,#5725);
#5724 = CARTESIAN_POINT('',(0.,18.));
#5725 = VECTOR('',#5726,1.);
#5726 = DIRECTION('',(1.,0.));
#5727 = ( GEOMETRIC_REPRESENTATION_CONTEXT(2) 
PARAMETRIC_REPRESENTATION_CONTEXT() REPRESENTATION_CONTEXT('2D SPACE',''
  ) );
#5728 = PCURVE('',#5554,#5729);
#5729 = DEFINITIONAL_REPRESENTATION('',(#5730),#5734);
#5730 = LINE('',#5731,#5732);
#5731 = CARTESIAN_POINT('',(0.,0.));
#5732 = VECTOR('',#5733,1.);
#5733 = DIRECTION('',(1.,0.));
#5734 = ( GEOMETRIC_REPRESENTATION_CONTEXT(2) 
PARAMETRIC_REPRESENTATION_CONTEXT() REPRESENTATION_CONTEXT('2D SPACE',''
  ) );
#5735 = ADVANCED_FACE('',(#5736),#5554,.T.);
#5736 = FACE_BOUND('',#5737,.T.);
#5737 = EDGE_LOOP('',(#5738,#5759,#5760,#5761));
#5738 = ORIENTED_EDGE('',*,*,#5739,.F.);
#5739 = EDGE_CURVE('',#5693,#5540,#5740,.T.);
#5740 = SURFACE_CURVE('',#5741,(#5745,#5752),.PCURVE_S1.);
#5741 = LINE('',#5742,#5743);
#5742 = CARTESIAN_POINT('',(19.597067869794,25.,-126.3059972087));
#5743 = VECTOR('',#5744,1.);
#5744 = DIRECTION('',(0.,1.,0.));
#5745 = PCURVE('',#5554,#5746);
#5746 = DEFINITIONAL_REPRESENTATION('',(#5747),#5751);
#5747 = LINE('',#5748,#5749);
#5748 = CARTESIAN_POINT('',(7.,0.));
#5749 = VECTOR('',#5750,1.);
#5750 = DIRECTION('',(0.,-1.));
#5751 = ( GEOMETRIC_REPRESENTATION_CONTEXT(2) 
PARAMETRIC_REPRESENTATION_CONTEXT() REPRESENTATION_CONTEXT('2D SPACE',''
  ) );
#5752 = PCURVE('',#5578,#5753);
#5753 = DEFINITIONAL_REPRESENTATION('',(#5754),#5758);
#5754 = LINE('',#5755,#5756);
#5755 = CARTESIAN_POINT('',(18.,0.));
#5756 = VECTOR('',#5757,1.);
#5757 = DIRECTION('',(0.,1.));
#5758 = ( GEOMETRIC_REPRESENTATION_CONTEXT(2) 
PARAMETRIC_REPRESENTATION_CONTEXT() REPRESENTATION_CONTEXT('2D SPACE',''
  ) );
#5759 = ORIENTED_EDGE('',*,*,#5715,.F.);
#5760 = ORIENTED_EDGE('',*,*,#5643,.T.);
#5761 = ORIENTED_EDGE('',*,*,#5539,.T.);
#5762 = ADVANCED_FACE('',(#5763),#5578,.T.);
#5763 = FACE_BOUND('',#5764,.T.);
#5764 = EDGE_LOOP('',(#5765,#5786,#5787,#5788));
#5765 = ORIENTED_EDGE('',*,*,#5766,.F.);
#5766 = EDGE_CURVE('',#5670,#5488,#5767,.T.);
#5767 = SURFACE_CURVE('',#5768,(#5772,#5779),.PCURVE_S1.);
#5768 = LINE('',#5769,#5770);
#5769 = CARTESIAN_POINT('',(37.145770289067,25.,-122.3006203975));
#5770 = VECTOR('',#5771,1.);
#5771 = DIRECTION('',(0.,1.,0.));
#5772 = PCURVE('',#5578,#5773);
#5773 = DEFINITIONAL_REPRESENTATION('',(#5774),#5778);
#5774 = LINE('',#5775,#5776);
#5775 = CARTESIAN_POINT('',(0.,0.));
#5776 = VECTOR('',#5777,1.);
#5777 = DIRECTION('',(0.,1.));
#5778 = ( GEOMETRIC_REPRESENTATION_CONTEXT(2) 
PARAMETRIC_REPRESENTATION_CONTEXT() REPRESENTATION_CONTEXT('2D SPACE',''
  ) );
#5779 = PCURVE('',#5502,#5780);
#5780 = DEFINITIONAL_REPRESENTATION('',(#5781),#5785);
#5781 = LINE('',#5782,#5783);
#5782 = CARTESIAN_POINT('',(7.,0.));
#5783 = VECTOR('',#5784,1.);
#5784 = DIRECTION('',(0.,-1.));
#5785 = ( GEOMETRIC_REPRESENTATION_CONTEXT(2) 
PARAMETRIC_REPRESENTATION_CONTEXT() REPRESENTATION_CONTEXT('2D SPACE',''
  ) );
#5786 = ORIENTED_EDGE('',*,*,#5692,.T.);
#5787 = ORIENTED_EDGE('',*,*,#5739,.T.);
#5788 = ORIENTED_EDGE('',*,*,#5565,.T.);
#5789 = ADVANCED_FACE('',(#5790),#5502,.F.);
#5790 = FACE_BOUND('',#5791,.F.);
#5791 = EDGE_LOOP('',(#5792,#5793,#5794,#5795));
#5792 = ORIENTED_EDGE('',*,*,#5766,.F.);
#5793 = ORIENTED_EDGE('',*,*,#5669,.F.);
#5794 = ORIENTED_EDGE('',*,*,#5592,.T.);
#5795 = ORIENTED_EDGE('',*,*,#5485,.T.);
#5796 = ADVANCED_FACE('',(#5797),#5422,.F.);
#5797 = FACE_BOUND('',#5798,.F.);
#5798 = EDGE_LOOP('',(#5799,#5822,#5850,#5871));
#5799 = ORIENTED_EDGE('',*,*,#5800,.F.);
#5800 = EDGE_CURVE('',#5801,#5380,#5803,.T.);
#5801 = VERTEX_POINT('',#5802);
#5802 = CARTESIAN_POINT('',(9.,25.,-120.5));
#5803 = SURFACE_CURVE('',#5804,(#5808,#5815),.PCURVE_S1.);
#5804 = LINE('',#5805,#5806);
#5805 = CARTESIAN_POINT('',(9.,25.,-120.5));
#5806 = VECTOR('',#5807,1.);
#5807 = DIRECTION('',(0.,1.,0.));
#5808 = PCURVE('',#5422,#5809);
#5809 = DEFINITIONAL_REPRESENTATION('',(#5810),#5814);
#5810 = LINE('',#5811,#5812);
#5811 = CARTESIAN_POINT('',(0.,0.));
#5812 = VECTOR('',#5813,1.);
#5813 = DIRECTION('',(0.,1.));
#5814 = ( GEOMETRIC_REPRESENTATION_CONTEXT(2) 
PARAMETRIC_REPRESENTATION_CONTEXT() REPRESENTATION_CONTEXT('2D SPACE',''
  ) );
#5815 = PCURVE('',#5396,#5816);
#5816 = DEFINITIONAL_REPRESENTATION('',(#5817),#5821);
#5817 = LINE('',#5818,#5819);
#5818 = CARTESIAN_POINT('',(0.,0.));
#5819 = VECTOR('',#5820,1.);
#5820 = DIRECTION('',(0.,-1.));
#5821 = ( GEOMETRIC_REPRESENTATION_CONTEXT(2) 
PARAMETRIC_REPRESENTATION_CONTEXT() REPRESENTATION_CONTEXT('2D SPACE',''
  ) );
#5822 = ORIENTED_EDGE('',*,*,#5823,.T.);
#5823 = EDGE_CURVE('',#5801,#5824,#5826,.T.);
#5824 = VERTEX_POINT('',#5825);
#5825 = CARTESIAN_POINT('',(-9.,25.,-120.5));
#5826 = SURFACE_CURVE('',#5827,(#5831,#5838),.PCURVE_S1.);
#5827 = LINE('',#5828,#5829);
#5828 = CARTESIAN_POINT('',(9.,25.,-120.5));
#5829 = VECTOR('',#5830,1.);
#5830 = DIRECTION('',(-1.,0.,-1.224646799147E-16));
#5831 = PCURVE('',#5422,#5832);
#5832 = DEFINITIONAL_REPRESENTATION('',(#5833),#5837);
#5833 = LINE('',#5834,#5835);
#5834 = CARTESIAN_POINT('',(0.,0.));
#5835 = VECTOR('',#5836,1.);
#5836 = DIRECTION('',(1.,0.));
#5837 = ( GEOMETRIC_REPRESENTATION_CONTEXT(2) 
PARAMETRIC_REPRESENTATION_CONTEXT() REPRESENTATION_CONTEXT('2D SPACE',''
  ) );
#5838 = PCURVE('',#5839,#5844);
#5839 = PLANE('',#5840);
#5840 = AXIS2_PLACEMENT_3D('',#5841,#5842,#5843);
#5841 = CARTESIAN_POINT('',(9.,25.,-120.5));
#5842 = DIRECTION('',(0.,1.,0.));
#5843 = DIRECTION('',(1.224646799147E-16,0.,-1.));
#5844 = DEFINITIONAL_REPRESENTATION('',(#5845),#5849);
#5845 = LINE('',#5846,#5847);
#5846 = CARTESIAN_POINT('',(0.,0.));
#5847 = VECTOR('',#5848,1.);
#5848 = DIRECTION('',(0.,1.));
#5849 = ( GEOMETRIC_REPRESENTATION_CONTEXT(2) 
PARAMETRIC_REPRESENTATION_CONTEXT() REPRESENTATION_CONTEXT('2D SPACE',''
  ) );
#5850 = ORIENTED_EDGE('',*,*,#5851,.T.);
#5851 = EDGE_CURVE('',#5824,#5408,#5852,.T.);
#5852 = SURFACE_CURVE('',#5853,(#5857,#5864),.PCURVE_S1.);
#5853 = LINE('',#5854,#5855);
#5854 = CARTESIAN_POINT('',(-9.,25.,-120.5));
#5855 = VECTOR('',#5856,1.);
#5856 = DIRECTION('',(0.,1.,0.));
#5857 = PCURVE('',#5422,#5858);
#5858 = DEFINITIONAL_REPRESENTATION('',(#5859),#5863);
#5859 = LINE('',#5860,#5861);
#5860 = CARTESIAN_POINT('',(18.,0.));
#5861 = VECTOR('',#5862,1.);
#5862 = DIRECTION('',(0.,1.));
#5863 = ( GEOMETRIC_REPRESENTATION_CONTEXT(2) 
PARAMETRIC_REPRESENTATION_CONTEXT() REPRESENTATION_CONTEXT('2D SPACE',''
  ) );
#5864 = PCURVE('',#5448,#5865);
#5865 = DEFINITIONAL_REPRESENTATION('',(#5866),#5870);
#5866 = LINE('',#5867,#5868);
#5867 = CARTESIAN_POINT('',(0.,0.));
#5868 = VECTOR('',#5869,1.);
#5869 = DIRECTION('',(0.,-1.));
#5870 = ( GEOMETRIC_REPRESENTATION_CONTEXT(2) 
PARAMETRIC_REPRESENTATION_CONTEXT() REPRESENTATION_CONTEXT('2D SPACE',''
  ) );
#5871 = ORIENTED_EDGE('',*,*,#5407,.T.);
#5872 = ADVANCED_FACE('',(#5873),#5839,.F.);
#5873 = FACE_BOUND('',#5874,.F.);
#5874 = EDGE_LOOP('',(#5875,#5876,#5899,#5922));
#5875 = ORIENTED_EDGE('',*,*,#5823,.F.);
#5876 = ORIENTED_EDGE('',*,*,#5877,.T.);
#5877 = EDGE_CURVE('',#5801,#5878,#5880,.T.);
#5878 = VERTEX_POINT('',#5879);
#5879 = CARTESIAN_POINT('',(9.,25.,-127.5));
#5880 = SURFACE_CURVE('',#5881,(#5885,#5892),.PCURVE_S1.);
#5881 = LINE('',#5882,#5883);
#5882 = CARTESIAN_POINT('',(9.,25.,-120.5));
#5883 = VECTOR('',#5884,1.);
#5884 = DIRECTION('',(1.224646799147E-16,0.,-1.));
#5885 = PCURVE('',#5839,#5886);
#5886 = DEFINITIONAL_REPRESENTATION('',(#5887),#5891);
#5887 = LINE('',#5888,#5889);
#5888 = CARTESIAN_POINT('',(0.,0.));
#5889 = VECTOR('',#5890,1.);
#5890 = DIRECTION('',(1.,0.));
#5891 = ( GEOMETRIC_REPRESENTATION_CONTEXT(2) 
PARAMETRIC_REPRESENTATION_CONTEXT() REPRESENTATION_CONTEXT('2D SPACE',''
  ) );
#5892 = PCURVE('',#5396,#5893);
#5893 = DEFINITIONAL_REPRESENTATION('',(#5894),#5898);
#5894 = LINE('',#5895,#5896);
#5895 = CARTESIAN_POINT('',(0.,0.));
#5896 = VECTOR('',#5897,1.);
#5897 = DIRECTION('',(1.,0.));
#5898 = ( GEOMETRIC_REPRESENTATION_CONTEXT(2) 
PARAMETRIC_REPRESENTATION_CONTEXT() REPRESENTATION_CONTEXT('2D SPACE',''
  ) );
#5899 = ORIENTED_EDGE('',*,*,#5900,.T.);
#5900 = EDGE_CURVE('',#5878,#5901,#5903,.T.);
#5901 = VERTEX_POINT('',#5902);
#5902 = CARTESIAN_POINT('',(-9.,25.,-127.5));
#5903 = SURFACE_CURVE('',#5904,(#5908,#5915),.PCURVE_S1.);
#5904 = LINE('',#5905,#5906);
#5905 = CARTESIAN_POINT('',(9.,25.,-127.5));
#5906 = VECTOR('',#5907,1.);
#5907 = DIRECTION('',(-1.,0.,-1.224646799147E-16));
#5908 = PCURVE('',#5839,#5909);
#5909 = DEFINITIONAL_REPRESENTATION('',(#5910),#5914);
#5910 = LINE('',#5911,#5912);
#5911 = CARTESIAN_POINT('',(7.,0.));
#5912 = VECTOR('',#5913,1.);
#5913 = DIRECTION('',(0.,1.));
#5914 = ( GEOMETRIC_REPRESENTATION_CONTEXT(2) 
PARAMETRIC_REPRESENTATION_CONTEXT() REPRESENTATION_CONTEXT('2D SPACE',''
  ) );
#5915 = PCURVE('',#5472,#5916);
#5916 = DEFINITIONAL_REPRESENTATION('',(#5917),#5921);
#5917 = LINE('',#5918,#5919);
#5918 = CARTESIAN_POINT('',(0.,0.));
#5919 = VECTOR('',#5920,1.);
#5920 = DIRECTION('',(1.,0.));
#5921 = ( GEOMETRIC_REPRESENTATION_CONTEXT(2) 
PARAMETRIC_REPRESENTATION_CONTEXT() REPRESENTATION_CONTEXT('2D SPACE',''
  ) );
#5922 = ORIENTED_EDGE('',*,*,#5923,.F.);
#5923 = EDGE_CURVE('',#5824,#5901,#5924,.T.);
#5924 = SURFACE_CURVE('',#5925,(#5929,#5936),.PCURVE_S1.);
#5925 = LINE('',#5926,#5927);
#5926 = CARTESIAN_POINT('',(-9.,25.,-120.5));
#5927 = VECTOR('',#5928,1.);
#5928 = DIRECTION('',(1.224646799147E-16,0.,-1.));
#5929 = PCURVE('',#5839,#5930);
#5930 = DEFINITIONAL_REPRESENTATION('',(#5931),#5935);
#5931 = LINE('',#5932,#5933);
#5932 = CARTESIAN_POINT('',(0.,18.));
#5933 = VECTOR('',#5934,1.);
#5934 = DIRECTION('',(1.,0.));
#5935 = ( GEOMETRIC_REPRESENTATION_CONTEXT(2) 
PARAMETRIC_REPRESENTATION_CONTEXT() REPRESENTATION_CONTEXT('2D SPACE',''
  ) );
#5936 = PCURVE('',#5448,#5937);
#5937 = DEFINITIONAL_REPRESENTATION('',(#5938),#5942);
#5938 = LINE('',#5939,#5940);
#5939 = CARTESIAN_POINT('',(0.,0.));
#5940 = VECTOR('',#5941,1.);
#5941 = DIRECTION('',(1.,0.));
#5942 = ( GEOMETRIC_REPRESENTATION_CONTEXT(2) 
PARAMETRIC_REPRESENTATION_CONTEXT() REPRESENTATION_CONTEXT('2D SPACE',''
  ) );
#5943 = ADVANCED_FACE('',(#5944),#5448,.T.);
#5944 = FACE_BOUND('',#5945,.T.);
#5945 = EDGE_LOOP('',(#5946,#5967,#5968,#5969));
#5946 = ORIENTED_EDGE('',*,*,#5947,.F.);
#5947 = EDGE_CURVE('',#5901,#5434,#5948,.T.);
#5948 = SURFACE_CURVE('',#5949,(#5953,#5960),.PCURVE_S1.);
#5949 = LINE('',#5950,#5951);
#5950 = CARTESIAN_POINT('',(-9.,25.,-127.5));
#5951 = VECTOR('',#5952,1.);
#5952 = DIRECTION('',(0.,1.,0.));
#5953 = PCURVE('',#5448,#5954);
#5954 = DEFINITIONAL_REPRESENTATION('',(#5955),#5959);
#5955 = LINE('',#5956,#5957);
#5956 = CARTESIAN_POINT('',(7.,0.));
#5957 = VECTOR('',#5958,1.);
#5958 = DIRECTION('',(0.,-1.));
#5959 = ( GEOMETRIC_REPRESENTATION_CONTEXT(2) 
PARAMETRIC_REPRESENTATION_CONTEXT() REPRESENTATION_CONTEXT('2D SPACE',''
  ) );
#5960 = PCURVE('',#5472,#5961);
#5961 = DEFINITIONAL_REPRESENTATION('',(#5962),#5966);
#5962 = LINE('',#5963,#5964);
#5963 = CARTESIAN_POINT('',(18.,0.));
#5964 = VECTOR('',#5965,1.);
#5965 = DIRECTION('',(0.,1.));
#5966 = ( GEOMETRIC_REPRESENTATION_CONTEXT(2) 
PARAMETRIC_REPRESENTATION_CONTEXT() REPRESENTATION_CONTEXT('2D SPACE',''
  ) );
#5967 = ORIENTED_EDGE('',*,*,#5923,.F.);
#5968 = ORIENTED_EDGE('',*,*,#5851,.T.);
#5969 = ORIENTED_EDGE('',*,*,#5433,.T.);
#5970 = ADVANCED_FACE('',(#5971),#5472,.T.);
#5971 = FACE_BOUND('',#5972,.T.);
#5972 = EDGE_LOOP('',(#5973,#5994,#5995,#5996));
#5973 = ORIENTED_EDGE('',*,*,#5974,.F.);
#5974 = EDGE_CURVE('',#5878,#5382,#5975,.T.);
#5975 = SURFACE_CURVE('',#5976,(#5980,#5987),.PCURVE_S1.);
#5976 = LINE('',#5977,#5978);
#5977 = CARTESIAN_POINT('',(9.,25.,-127.5));
#5978 = VECTOR('',#5979,1.);
#5979 = DIRECTION('',(0.,1.,0.));
#5980 = PCURVE('',#5472,#5981);
#5981 = DEFINITIONAL_REPRESENTATION('',(#5982),#5986);
#5982 = LINE('',#5983,#5984);
#5983 = CARTESIAN_POINT('',(0.,0.));
#5984 = VECTOR('',#5985,1.);
#5985 = DIRECTION('',(0.,1.));
#5986 = ( GEOMETRIC_REPRESENTATION_CONTEXT(2) 
PARAMETRIC_REPRESENTATION_CONTEXT() REPRESENTATION_CONTEXT('2D SPACE',''
  ) );
#5987 = PCURVE('',#5396,#5988);
#5988 = DEFINITIONAL_REPRESENTATION('',(#5989),#5993);
#5989 = LINE('',#5990,#5991);
#5990 = CARTESIAN_POINT('',(7.,0.));
#5991 = VECTOR('',#5992,1.);
#5992 = DIRECTION('',(0.,-1.));
#5993 = ( GEOMETRIC_REPRESENTATION_CONTEXT(2) 
PARAMETRIC_REPRESENTATION_CONTEXT() REPRESENTATION_CONTEXT('2D SPACE',''
  ) );
#5994 = ORIENTED_EDGE('',*,*,#5900,.T.);
#5995 = ORIENTED_EDGE('',*,*,#5947,.T.);
#5996 = ORIENTED_EDGE('',*,*,#5459,.T.);
#5997 = ADVANCED_FACE('',(#5998),#5396,.F.);
#5998 = FACE_BOUND('',#5999,.F.);
#5999 = EDGE_LOOP('',(#6000,#6001,#6002,#6003));
#6000 = ORIENTED_EDGE('',*,*,#5974,.F.);
#6001 = ORIENTED_EDGE('',*,*,#5877,.F.);
#6002 = ORIENTED_EDGE('',*,*,#5800,.T.);
#6003 = ORIENTED_EDGE('',*,*,#5379,.T.);
#6004 = ADVANCED_FACE('',(#6005),#5316,.F.);
#6005 = FACE_BOUND('',#6006,.F.);
#6006 = EDGE_LOOP('',(#6007,#6030,#6058,#6079));
#6007 = ORIENTED_EDGE('',*,*,#6008,.F.);
#6008 = EDGE_CURVE('',#6009,#5274,#6011,.T.);
#6009 = VERTEX_POINT('',#6010);
#6010 = CARTESIAN_POINT('',(-18.03942133209,25.,-119.4815018235));
#6011 = SURFACE_CURVE('',#6012,(#6016,#6023),.PCURVE_S1.);
#6012 = LINE('',#6013,#6014);
#6013 = CARTESIAN_POINT('',(-18.03942133209,25.,-119.4815018235));
#6014 = VECTOR('',#6015,1.);
#6015 = DIRECTION('',(0.,1.,0.));
#6016 = PCURVE('',#5316,#6017);
#6017 = DEFINITIONAL_REPRESENTATION('',(#6018),#6022);
#6018 = LINE('',#6019,#6020);
#6019 = CARTESIAN_POINT('',(0.,0.));
#6020 = VECTOR('',#6021,1.);
#6021 = DIRECTION('',(0.,1.));
#6022 = ( GEOMETRIC_REPRESENTATION_CONTEXT(2) 
PARAMETRIC_REPRESENTATION_CONTEXT() REPRESENTATION_CONTEXT('2D SPACE',''
  ) );
#6023 = PCURVE('',#5290,#6024);
#6024 = DEFINITIONAL_REPRESENTATION('',(#6025),#6029);
#6025 = LINE('',#6026,#6027);
#6026 = CARTESIAN_POINT('',(0.,0.));
#6027 = VECTOR('',#6028,1.);
#6028 = DIRECTION('',(0.,-1.));
#6029 = ( GEOMETRIC_REPRESENTATION_CONTEXT(2) 
PARAMETRIC_REPRESENTATION_CONTEXT() REPRESENTATION_CONTEXT('2D SPACE',''
  ) );
#6030 = ORIENTED_EDGE('',*,*,#6031,.T.);
#6031 = EDGE_CURVE('',#6009,#6032,#6034,.T.);
#6032 = VERTEX_POINT('',#6033);
#6033 = CARTESIAN_POINT('',(-35.58812375137,25.,-115.4761250123));
#6034 = SURFACE_CURVE('',#6035,(#6039,#6046),.PCURVE_S1.);
#6035 = LINE('',#6036,#6037);
#6036 = CARTESIAN_POINT('',(-18.03942133209,25.,-119.4815018235));
#6037 = VECTOR('',#6038,1.);
#6038 = DIRECTION('',(-0.974927912182,0.,0.222520933956));
#6039 = PCURVE('',#5316,#6040);
#6040 = DEFINITIONAL_REPRESENTATION('',(#6041),#6045);
#6041 = LINE('',#6042,#6043);
#6042 = CARTESIAN_POINT('',(0.,0.));
#6043 = VECTOR('',#6044,1.);
#6044 = DIRECTION('',(1.,0.));
#6045 = ( GEOMETRIC_REPRESENTATION_CONTEXT(2) 
PARAMETRIC_REPRESENTATION_CONTEXT() REPRESENTATION_CONTEXT('2D SPACE',''
  ) );
#6046 = PCURVE('',#6047,#6052);
#6047 = PLANE('',#6048);
#6048 = AXIS2_PLACEMENT_3D('',#6049,#6050,#6051);
#6049 = CARTESIAN_POINT('',(-18.03942133209,25.,-119.4815018235));
#6050 = DIRECTION('',(0.,1.,0.));
#6051 = DIRECTION('',(-0.222520933956,0.,-0.974927912182));
#6052 = DEFINITIONAL_REPRESENTATION('',(#6053),#6057);
#6053 = LINE('',#6054,#6055);
#6054 = CARTESIAN_POINT('',(0.,0.));
#6055 = VECTOR('',#6056,1.);
#6056 = DIRECTION('',(0.,1.));
#6057 = ( GEOMETRIC_REPRESENTATION_CONTEXT(2) 
PARAMETRIC_REPRESENTATION_CONTEXT() REPRESENTATION_CONTEXT('2D SPACE',''
  ) );
#6058 = ORIENTED_EDGE('',*,*,#6059,.T.);
#6059 = EDGE_CURVE('',#6032,#5302,#6060,.T.);
#6060 = SURFACE_CURVE('',#6061,(#6065,#6072),.PCURVE_S1.);
#6061 = LINE('',#6062,#6063);
#6062 = CARTESIAN_POINT('',(-35.58812375137,25.,-115.4761250123));
#6063 = VECTOR('',#6064,1.);
#6064 = DIRECTION('',(0.,1.,0.));
#6065 = PCURVE('',#5316,#6066);
#6066 = DEFINITIONAL_REPRESENTATION('',(#6067),#6071);
#6067 = LINE('',#6068,#6069);
#6068 = CARTESIAN_POINT('',(18.,0.));
#6069 = VECTOR('',#6070,1.);
#6070 = DIRECTION('',(0.,1.));
#6071 = ( GEOMETRIC_REPRESENTATION_CONTEXT(2) 
PARAMETRIC_REPRESENTATION_CONTEXT() REPRESENTATION_CONTEXT('2D SPACE',''
  ) );
#6072 = PCURVE('',#5342,#6073);
#6073 = DEFINITIONAL_REPRESENTATION('',(#6074),#6078);
#6074 = LINE('',#6075,#6076);
#6075 = CARTESIAN_POINT('',(0.,0.));
#6076 = VECTOR('',#6077,1.);
#6077 = DIRECTION('',(0.,-1.));
#6078 = ( GEOMETRIC_REPRESENTATION_CONTEXT(2) 
PARAMETRIC_REPRESENTATION_CONTEXT() REPRESENTATION_CONTEXT('2D SPACE',''
  ) );
#6079 = ORIENTED_EDGE('',*,*,#5301,.T.);
#6080 = ADVANCED_FACE('',(#6081),#6047,.F.);
#6081 = FACE_BOUND('',#6082,.F.);
#6082 = EDGE_LOOP('',(#6083,#6084,#6107,#6130));
#6083 = ORIENTED_EDGE('',*,*,#6031,.F.);
#6084 = ORIENTED_EDGE('',*,*,#6085,.T.);
#6085 = EDGE_CURVE('',#6009,#6086,#6088,.T.);
#6086 = VERTEX_POINT('',#6087);
#6087 = CARTESIAN_POINT('',(-19.59706786979,25.,-126.3059972087));
#6088 = SURFACE_CURVE('',#6089,(#6093,#6100),.PCURVE_S1.);
#6089 = LINE('',#6090,#6091);
#6090 = CARTESIAN_POINT('',(-18.03942133209,25.,-119.4815018235));
#6091 = VECTOR('',#6092,1.);
#6092 = DIRECTION('',(-0.222520933956,0.,-0.974927912182));
#6093 = PCURVE('',#6047,#6094);
#6094 = DEFINITIONAL_REPRESENTATION('',(#6095),#6099);
#6095 = LINE('',#6096,#6097);
#6096 = CARTESIAN_POINT('',(0.,0.));
#6097 = VECTOR('',#6098,1.);
#6098 = DIRECTION('',(1.,0.));
#6099 = ( GEOMETRIC_REPRESENTATION_CONTEXT(2) 
PARAMETRIC_REPRESENTATION_CONTEXT() REPRESENTATION_CONTEXT('2D SPACE',''
  ) );
#6100 = PCURVE('',#5290,#6101);
#6101 = DEFINITIONAL_REPRESENTATION('',(#6102),#6106);
#6102 = LINE('',#6103,#6104);
#6103 = CARTESIAN_POINT('',(0.,0.));
#6104 = VECTOR('',#6105,1.);
#6105 = DIRECTION('',(1.,0.));
#6106 = ( GEOMETRIC_REPRESENTATION_CONTEXT(2) 
PARAMETRIC_REPRESENTATION_CONTEXT() REPRESENTATION_CONTEXT('2D SPACE',''
  ) );
#6107 = ORIENTED_EDGE('',*,*,#6108,.T.);
#6108 = EDGE_CURVE('',#6086,#6109,#6111,.T.);
#6109 = VERTEX_POINT('',#6110);
#6110 = CARTESIAN_POINT('',(-37.14577028906,25.,-122.3006203975));
#6111 = SURFACE_CURVE('',#6112,(#6116,#6123),.PCURVE_S1.);
#6112 = LINE('',#6113,#6114);
#6113 = CARTESIAN_POINT('',(-19.59706786979,25.,-126.3059972087));
#6114 = VECTOR('',#6115,1.);
#6115 = DIRECTION('',(-0.974927912182,0.,0.222520933956));
#6116 = PCURVE('',#6047,#6117);
#6117 = DEFINITIONAL_REPRESENTATION('',(#6118),#6122);
#6118 = LINE('',#6119,#6120);
#6119 = CARTESIAN_POINT('',(7.,0.));
#6120 = VECTOR('',#6121,1.);
#6121 = DIRECTION('',(0.,1.));
#6122 = ( GEOMETRIC_REPRESENTATION_CONTEXT(2) 
PARAMETRIC_REPRESENTATION_CONTEXT() REPRESENTATION_CONTEXT('2D SPACE',''
  ) );
#6123 = PCURVE('',#5366,#6124);
#6124 = DEFINITIONAL_REPRESENTATION('',(#6125),#6129);
#6125 = LINE('',#6126,#6127);
#6126 = CARTESIAN_POINT('',(0.,0.));
#6127 = VECTOR('',#6128,1.);
#6128 = DIRECTION('',(1.,0.));
#6129 = ( GEOMETRIC_REPRESENTATION_CONTEXT(2) 
PARAMETRIC_REPRESENTATION_CONTEXT() REPRESENTATION_CONTEXT('2D SPACE',''
  ) );
#6130 = ORIENTED_EDGE('',*,*,#6131,.F.);
#6131 = EDGE_CURVE('',#6032,#6109,#6132,.T.);
#6132 = SURFACE_CURVE('',#6133,(#6137,#6144),.PCURVE_S1.);
#6133 = LINE('',#6134,#6135);
#6134 = CARTESIAN_POINT('',(-35.58812375137,25.,-115.4761250123));
#6135 = VECTOR('',#6136,1.);
#6136 = DIRECTION('',(-0.222520933956,0.,-0.974927912182));
#6137 = PCURVE('',#6047,#6138);
#6138 = DEFINITIONAL_REPRESENTATION('',(#6139),#6143);
#6139 = LINE('',#6140,#6141);
#6140 = CARTESIAN_POINT('',(0.,18.));
#6141 = VECTOR('',#6142,1.);
#6142 = DIRECTION('',(1.,0.));
#6143 = ( GEOMETRIC_REPRESENTATION_CONTEXT(2) 
PARAMETRIC_REPRESENTATION_CONTEXT() REPRESENTATION_CONTEXT('2D SPACE',''
  ) );
#6144 = PCURVE('',#5342,#6145);
#6145 = DEFINITIONAL_REPRESENTATION('',(#6146),#6150);
#6146 = LINE('',#6147,#6148);
#6147 = CARTESIAN_POINT('',(0.,0.));
#6148 = VECTOR('',#6149,1.);
#6149 = DIRECTION('',(1.,0.));
#6150 = ( GEOMETRIC_REPRESENTATION_CONTEXT(2) 
PARAMETRIC_REPRESENTATION_CONTEXT() REPRESENTATION_CONTEXT('2D SPACE',''
  ) );
#6151 = ADVANCED_FACE('',(#6152),#5342,.T.);
#6152 = FACE_BOUND('',#6153,.T.);
#6153 = EDGE_LOOP('',(#6154,#6175,#6176,#6177));
#6154 = ORIENTED_EDGE('',*,*,#6155,.F.);
#6155 = EDGE_CURVE('',#6109,#5328,#6156,.T.);
#6156 = SURFACE_CURVE('',#6157,(#6161,#6168),.PCURVE_S1.);
#6157 = LINE('',#6158,#6159);
#6158 = CARTESIAN_POINT('',(-37.14577028906,25.,-122.3006203975));
#6159 = VECTOR('',#6160,1.);
#6160 = DIRECTION('',(0.,1.,0.));
#6161 = PCURVE('',#5342,#6162);
#6162 = DEFINITIONAL_REPRESENTATION('',(#6163),#6167);
#6163 = LINE('',#6164,#6165);
#6164 = CARTESIAN_POINT('',(7.,0.));
#6165 = VECTOR('',#6166,1.);
#6166 = DIRECTION('',(0.,-1.));
#6167 = ( GEOMETRIC_REPRESENTATION_CONTEXT(2) 
PARAMETRIC_REPRESENTATION_CONTEXT() REPRESENTATION_CONTEXT('2D SPACE',''
  ) );
#6168 = PCURVE('',#5366,#6169);
#6169 = DEFINITIONAL_REPRESENTATION('',(#6170),#6174);
#6170 = LINE('',#6171,#6172);
#6171 = CARTESIAN_POINT('',(18.,0.));
#6172 = VECTOR('',#6173,1.);
#6173 = DIRECTION('',(0.,1.));
#6174 = ( GEOMETRIC_REPRESENTATION_CONTEXT(2) 
PARAMETRIC_REPRESENTATION_CONTEXT() REPRESENTATION_CONTEXT('2D SPACE',''
  ) );
#6175 = ORIENTED_EDGE('',*,*,#6131,.F.);
#6176 = ORIENTED_EDGE('',*,*,#6059,.T.);
#6177 = ORIENTED_EDGE('',*,*,#5327,.T.);
#6178 = ADVANCED_FACE('',(#6179),#5366,.T.);
#6179 = FACE_BOUND('',#6180,.T.);
#6180 = EDGE_LOOP('',(#6181,#6202,#6203,#6204));
#6181 = ORIENTED_EDGE('',*,*,#6182,.F.);
#6182 = EDGE_CURVE('',#6086,#5276,#6183,.T.);
#6183 = SURFACE_CURVE('',#6184,(#6188,#6195),.PCURVE_S1.);
#6184 = LINE('',#6185,#6186);
#6185 = CARTESIAN_POINT('',(-19.59706786979,25.,-126.3059972087));
#6186 = VECTOR('',#6187,1.);
#6187 = DIRECTION('',(0.,1.,0.));
#6188 = PCURVE('',#5366,#6189);
#6189 = DEFINITIONAL_REPRESENTATION('',(#6190),#6194);
#6190 = LINE('',#6191,#6192);
#6191 = CARTESIAN_POINT('',(0.,0.));
#6192 = VECTOR('',#6193,1.);
#6193 = DIRECTION('',(0.,1.));
#6194 = ( GEOMETRIC_REPRESENTATION_CONTEXT(2) 
PARAMETRIC_REPRESENTATION_CONTEXT() REPRESENTATION_CONTEXT('2D SPACE',''
  ) );
#6195 = PCURVE('',#5290,#6196);
#6196 = DEFINITIONAL_REPRESENTATION('',(#6197),#6201);
#6197 = LINE('',#6198,#6199);
#6198 = CARTESIAN_POINT('',(7.,0.));
#6199 = VECTOR('',#6200,1.);
#6200 = DIRECTION('',(0.,-1.));
#6201 = ( GEOMETRIC_REPRESENTATION_CONTEXT(2) 
PARAMETRIC_REPRESENTATION_CONTEXT() REPRESENTATION_CONTEXT('2D SPACE',''
  ) );
#6202 = ORIENTED_EDGE('',*,*,#6108,.T.);
#6203 = ORIENTED_EDGE('',*,*,#6155,.T.);
#6204 = ORIENTED_EDGE('',*,*,#5353,.T.);
#6205 = ADVANCED_FACE('',(#6206),#5290,.F.);
#6206 = FACE_BOUND('',#6207,.F.);
#6207 = EDGE_LOOP('',(#6208,#6209,#6210,#6211));
#6208 = ORIENTED_EDGE('',*,*,#6182,.F.);
#6209 = ORIENTED_EDGE('',*,*,#6085,.F.);
#6210 = ORIENTED_EDGE('',*,*,#6008,.T.);
#6211 = ORIENTED_EDGE('',*,*,#5273,.T.);
#6212 = ADVANCED_FACE('',(#6213),#3856,.T.);
#6213 = FACE_BOUND('',#6214,.T.);
#6214 = EDGE_LOOP('',(#6215,#6240,#6262,#6263,#6264,#6285,#6307,#6308));
#6215 = ORIENTED_EDGE('',*,*,#6216,.T.);
#6216 = EDGE_CURVE('',#6217,#6219,#6221,.T.);
#6217 = VERTEX_POINT('',#6218);
#6218 = CARTESIAN_POINT('',(119.,-6.471843909607E-30,2.537183553598E-14)
  );
#6219 = VERTEX_POINT('',#6220);
#6220 = CARTESIAN_POINT('',(119.,34.,3.292135210343E-14));
#6221 = SEAM_CURVE('',#6222,(#6226,#6233),.PCURVE_S1.);
#6222 = LINE('',#6223,#6224);
#6223 = CARTESIAN_POINT('',(119.,-6.471843909607E-30,2.537183553598E-14)
  );
#6224 = VECTOR('',#6225,1.);
#6225 = DIRECTION('',(0.,1.,2.22044604925E-16));
#6226 = PCURVE('',#3856,#6227);
#6227 = DEFINITIONAL_REPRESENTATION('',(#6228),#6232);
#6228 = LINE('',#6229,#6230);
#6229 = CARTESIAN_POINT('',(6.28318530718,-0.));
#6230 = VECTOR('',#6231,1.);
#6231 = DIRECTION('',(0.,1.));
#6232 = ( GEOMETRIC_REPRESENTATION_CONTEXT(2) 
PARAMETRIC_REPRESENTATION_CONTEXT() REPRESENTATION_CONTEXT('2D SPACE',''
  ) );
#6233 = PCURVE('',#3856,#6234);
#6234 = DEFINITIONAL_REPRESENTATION('',(#6235),#6239);
#6235 = LINE('',#6236,#6237);
#6236 = CARTESIAN_POINT('',(0.,-0.));
#6237 = VECTOR('',#6238,1.);
#6238 = DIRECTION('',(0.,1.));
#6239 = ( GEOMETRIC_REPRESENTATION_CONTEXT(2) 
PARAMETRIC_REPRESENTATION_CONTEXT() REPRESENTATION_CONTEXT('2D SPACE',''
  ) );
#6240 = ORIENTED_EDGE('',*,*,#6241,.F.);
#6241 = EDGE_CURVE('',#3842,#6219,#6242,.T.);
#6242 = SURFACE_CURVE('',#6243,(#6248,#6255),.PCURVE_S1.);
#6243 = CIRCLE('',#6244,119.);
#6244 = AXIS2_PLACEMENT_3D('',#6245,#6246,#6247);
#6245 = CARTESIAN_POINT('',(0.,34.,3.774758283726E-15));
#6246 = DIRECTION('',(0.,1.,2.22044604925E-16));
#6247 = DIRECTION('',(1.,0.,-0.));
#6248 = PCURVE('',#3856,#6249);
#6249 = DEFINITIONAL_REPRESENTATION('',(#6250),#6254);
#6250 = LINE('',#6251,#6252);
#6251 = CARTESIAN_POINT('',(0.,34.));
#6252 = VECTOR('',#6253,1.);
#6253 = DIRECTION('',(1.,0.));
#6254 = ( GEOMETRIC_REPRESENTATION_CONTEXT(2) 
PARAMETRIC_REPRESENTATION_CONTEXT() REPRESENTATION_CONTEXT('2D SPACE',''
  ) );
#6255 = PCURVE('',#45,#6256);
#6256 = DEFINITIONAL_REPRESENTATION('',(#6257),#6261);
#6257 = CIRCLE('',#6258,119.);
#6258 = AXIS2_PLACEMENT_2D('',#6259,#6260);
#6259 = CARTESIAN_POINT('',(0.,0.));
#6260 = DIRECTION('',(1.,0.));
#6261 = ( GEOMETRIC_REPRESENTATION_CONTEXT(2) 
PARAMETRIC_REPRESENTATION_CONTEXT() REPRESENTATION_CONTEXT('2D SPACE',''
  ) );
#6262 = ORIENTED_EDGE('',*,*,#3841,.F.);
#6263 = ORIENTED_EDGE('',*,*,#5223,.F.);
#6264 = ORIENTED_EDGE('',*,*,#6265,.T.);
#6265 = EDGE_CURVE('',#5224,#6266,#6268,.T.);
#6266 = VERTEX_POINT('',#6267);
#6267 = CARTESIAN_POINT('',(37.309516212355,34.,-113.));
#6268 = SURFACE_CURVE('',#6269,(#6273,#6279),.PCURVE_S1.);
#6269 = LINE('',#6270,#6271);
#6270 = CARTESIAN_POINT('',(37.309516212355,0.,-113.));
#6271 = VECTOR('',#6272,1.);
#6272 = DIRECTION('',(0.,1.,2.22044604925E-16));
#6273 = PCURVE('',#3856,#6274);
#6274 = DEFINITIONAL_REPRESENTATION('',(#6275),#6278);
#6275 = B_SPLINE_CURVE_WITH_KNOTS('',1,(#6276,#6277),.UNSPECIFIED.,.F.,
  .F.,(2,2),(3.,34.0000024),.PIECEWISE_BEZIER_KNOTS.);
#6276 = CARTESIAN_POINT('',(1.251893025581,3.));
#6277 = CARTESIAN_POINT('',(1.251893025581,34.0000024));
#6278 = ( GEOMETRIC_REPRESENTATION_CONTEXT(2) 
PARAMETRIC_REPRESENTATION_CONTEXT() REPRESENTATION_CONTEXT('2D SPACE',''
  ) );
#6279 = PCURVE('',#72,#6280);
#6280 = DEFINITIONAL_REPRESENTATION('',(#6281),#6284);
#6281 = B_SPLINE_CURVE_WITH_KNOTS('',1,(#6282,#6283),.UNSPECIFIED.,.F.,
  .F.,(2,2),(3.,34.0000024),.PIECEWISE_BEZIER_KNOTS.);
#6282 = CARTESIAN_POINT('',(164.30951621235,-27.));
#6283 = CARTESIAN_POINT('',(164.30951621235,4.0000024));
#6284 = ( GEOMETRIC_REPRESENTATION_CONTEXT(2) 
PARAMETRIC_REPRESENTATION_CONTEXT() REPRESENTATION_CONTEXT('2D SPACE',''
  ) );
#6285 = ORIENTED_EDGE('',*,*,#6286,.F.);
#6286 = EDGE_CURVE('',#6219,#6266,#6287,.T.);
#6287 = SURFACE_CURVE('',#6288,(#6293,#6300),.PCURVE_S1.);
#6288 = CIRCLE('',#6289,119.);
#6289 = AXIS2_PLACEMENT_3D('',#6290,#6291,#6292);
#6290 = CARTESIAN_POINT('',(0.,34.,3.774758283726E-15));
#6291 = DIRECTION('',(0.,1.,2.22044604925E-16));
#6292 = DIRECTION('',(1.,0.,-0.));
#6293 = PCURVE('',#3856,#6294);
#6294 = DEFINITIONAL_REPRESENTATION('',(#6295),#6299);
#6295 = LINE('',#6296,#6297);
#6296 = CARTESIAN_POINT('',(0.,34.));
#6297 = VECTOR('',#6298,1.);
#6298 = DIRECTION('',(1.,0.));
#6299 = ( GEOMETRIC_REPRESENTATION_CONTEXT(2) 
PARAMETRIC_REPRESENTATION_CONTEXT() REPRESENTATION_CONTEXT('2D SPACE',''
  ) );
#6300 = PCURVE('',#45,#6301);
#6301 = DEFINITIONAL_REPRESENTATION('',(#6302),#6306);
#6302 = CIRCLE('',#6303,119.);
#6303 = AXIS2_PLACEMENT_2D('',#6304,#6305);
#6304 = CARTESIAN_POINT('',(0.,0.));
#6305 = DIRECTION('',(1.,0.));
#6306 = ( GEOMETRIC_REPRESENTATION_CONTEXT(2) 
PARAMETRIC_REPRESENTATION_CONTEXT() REPRESENTATION_CONTEXT('2D SPACE',''
  ) );
#6307 = ORIENTED_EDGE('',*,*,#6216,.F.);
#6308 = ORIENTED_EDGE('',*,*,#6309,.T.);
#6309 = EDGE_CURVE('',#6217,#6217,#6310,.T.);
#6310 = SURFACE_CURVE('',#6311,(#6316,#6323),.PCURVE_S1.);
#6311 = CIRCLE('',#6312,119.);
#6312 = AXIS2_PLACEMENT_3D('',#6313,#6314,#6315);
#6313 = CARTESIAN_POINT('',(0.,0.,-3.774758283726E-15));
#6314 = DIRECTION('',(0.,1.,2.22044604925E-16));
#6315 = DIRECTION('',(1.,0.,-0.));
#6316 = PCURVE('',#3856,#6317);
#6317 = DEFINITIONAL_REPRESENTATION('',(#6318),#6322);
#6318 = LINE('',#6319,#6320);
#6319 = CARTESIAN_POINT('',(0.,0.));
#6320 = VECTOR('',#6321,1.);
#6321 = DIRECTION('',(1.,0.));
#6322 = ( GEOMETRIC_REPRESENTATION_CONTEXT(2) 
PARAMETRIC_REPRESENTATION_CONTEXT() REPRESENTATION_CONTEXT('2D SPACE',''
  ) );
#6323 = PCURVE('',#6324,#6329);
#6324 = PLANE('',#6325);
#6325 = AXIS2_PLACEMENT_3D('',#6326,#6327,#6328);
#6326 = CARTESIAN_POINT('',(0.,0.,-3.774758283726E-15));
#6327 = DIRECTION('',(0.,1.,2.22044604925E-16));
#6328 = DIRECTION('',(1.,0.,-0.));
#6329 = DEFINITIONAL_REPRESENTATION('',(#6330),#6334);
#6330 = CIRCLE('',#6331,119.);
#6331 = AXIS2_PLACEMENT_2D('',#6332,#6333);
#6332 = CARTESIAN_POINT('',(0.,0.));
#6333 = DIRECTION('',(1.,0.));
#6334 = ( GEOMETRIC_REPRESENTATION_CONTEXT(2) 
PARAMETRIC_REPRESENTATION_CONTEXT() REPRESENTATION_CONTEXT('2D SPACE',''
  ) );
#6335 = ADVANCED_FACE('',(#6336,#6339),#6324,.F.);
#6336 = FACE_BOUND('',#6337,.F.);
#6337 = EDGE_LOOP('',(#6338));
#6338 = ORIENTED_EDGE('',*,*,#6309,.T.);
#6339 = FACE_BOUND('',#6340,.F.);
#6340 = EDGE_LOOP('',(#6341));
#6341 = ORIENTED_EDGE('',*,*,#6342,.F.);
#6342 = EDGE_CURVE('',#6343,#6343,#6345,.T.);
#6343 = VERTEX_POINT('',#6344);
#6344 = CARTESIAN_POINT('',(19.,0.,1.686611110764E-14));
#6345 = SURFACE_CURVE('',#6346,(#6351,#6358),.PCURVE_S1.);
#6346 = CIRCLE('',#6347,19.);
#6347 = AXIS2_PLACEMENT_3D('',#6348,#6349,#6350);
#6348 = CARTESIAN_POINT('',(0.,0.,1.221245327088E-14));
#6349 = DIRECTION('',(0.,1.,2.22044604925E-16));
#6350 = DIRECTION('',(1.,0.,-0.));
#6351 = PCURVE('',#6324,#6352);
#6352 = DEFINITIONAL_REPRESENTATION('',(#6353),#6357);
#6353 = CIRCLE('',#6354,19.);
#6354 = AXIS2_PLACEMENT_2D('',#6355,#6356);
#6355 = CARTESIAN_POINT('',(0.,-1.59872115546E-14));
#6356 = DIRECTION('',(1.,0.));
#6357 = ( GEOMETRIC_REPRESENTATION_CONTEXT(2) 
PARAMETRIC_REPRESENTATION_CONTEXT() REPRESENTATION_CONTEXT('2D SPACE',''
  ) );
#6358 = PCURVE('',#6359,#6364);
#6359 = CYLINDRICAL_SURFACE('',#6360,19.);
#6360 = AXIS2_PLACEMENT_3D('',#6361,#6362,#6363);
#6361 = CARTESIAN_POINT('',(0.,-110.,-1.221245327088E-14));
#6362 = DIRECTION('',(0.,1.,2.22044604925E-16));
#6363 = DIRECTION('',(1.,0.,-0.));
#6364 = DEFINITIONAL_REPRESENTATION('',(#6365),#6369);
#6365 = LINE('',#6366,#6367);
#6366 = CARTESIAN_POINT('',(0.,110.));
#6367 = VECTOR('',#6368,1.);
#6368 = DIRECTION('',(1.,0.));
#6369 = ( GEOMETRIC_REPRESENTATION_CONTEXT(2) 
PARAMETRIC_REPRESENTATION_CONTEXT() REPRESENTATION_CONTEXT('2D SPACE',''
  ) );
#6370 = ADVANCED_FACE('',(#6371),#6359,.T.);
#6371 = FACE_BOUND('',#6372,.T.);
#6372 = EDGE_LOOP('',(#6373,#6374,#6397,#6424));
#6373 = ORIENTED_EDGE('',*,*,#6342,.F.);
#6374 = ORIENTED_EDGE('',*,*,#6375,.F.);
#6375 = EDGE_CURVE('',#6376,#6343,#6378,.T.);
#6376 = VERTEX_POINT('',#6377);
#6377 = CARTESIAN_POINT('',(19.,-110.,-7.558795434117E-15));
#6378 = SEAM_CURVE('',#6379,(#6383,#6390),.PCURVE_S1.);
#6379 = LINE('',#6380,#6381);
#6380 = CARTESIAN_POINT('',(19.,-110.,-7.558795434117E-15));
#6381 = VECTOR('',#6382,1.);
#6382 = DIRECTION('',(0.,1.,2.22044604925E-16));
#6383 = PCURVE('',#6359,#6384);
#6384 = DEFINITIONAL_REPRESENTATION('',(#6385),#6389);
#6385 = LINE('',#6386,#6387);
#6386 = CARTESIAN_POINT('',(6.28318530718,-0.));
#6387 = VECTOR('',#6388,1.);
#6388 = DIRECTION('',(0.,1.));
#6389 = ( GEOMETRIC_REPRESENTATION_CONTEXT(2) 
PARAMETRIC_REPRESENTATION_CONTEXT() REPRESENTATION_CONTEXT('2D SPACE',''
  ) );
#6390 = PCURVE('',#6359,#6391);
#6391 = DEFINITIONAL_REPRESENTATION('',(#6392),#6396);
#6392 = LINE('',#6393,#6394);
#6393 = CARTESIAN_POINT('',(0.,-0.));
#6394 = VECTOR('',#6395,1.);
#6395 = DIRECTION('',(0.,1.));
#6396 = ( GEOMETRIC_REPRESENTATION_CONTEXT(2) 
PARAMETRIC_REPRESENTATION_CONTEXT() REPRESENTATION_CONTEXT('2D SPACE',''
  ) );
#6397 = ORIENTED_EDGE('',*,*,#6398,.T.);
#6398 = EDGE_CURVE('',#6376,#6376,#6399,.T.);
#6399 = SURFACE_CURVE('',#6400,(#6405,#6412),.PCURVE_S1.);
#6400 = CIRCLE('',#6401,19.);
#6401 = AXIS2_PLACEMENT_3D('',#6402,#6403,#6404);
#6402 = CARTESIAN_POINT('',(0.,-110.,-1.221245327088E-14));
#6403 = DIRECTION('',(0.,1.,2.22044604925E-16));
#6404 = DIRECTION('',(1.,0.,-0.));
#6405 = PCURVE('',#6359,#6406);
#6406 = DEFINITIONAL_REPRESENTATION('',(#6407),#6411);
#6407 = LINE('',#6408,#6409);
#6408 = CARTESIAN_POINT('',(0.,0.));
#6409 = VECTOR('',#6410,1.);
#6410 = DIRECTION('',(1.,0.));
#6411 = ( GEOMETRIC_REPRESENTATION_CONTEXT(2) 
PARAMETRIC_REPRESENTATION_CONTEXT() REPRESENTATION_CONTEXT('2D SPACE',''
  ) );
#6412 = PCURVE('',#6413,#6418);
#6413 = PLANE('',#6414);
#6414 = AXIS2_PLACEMENT_3D('',#6415,#6416,#6417);
#6415 = CARTESIAN_POINT('',(0.,-110.,-1.221245327088E-14));
#6416 = DIRECTION('',(0.,1.,2.22044604925E-16));
#6417 = DIRECTION('',(1.,0.,-0.));
#6418 = DEFINITIONAL_REPRESENTATION('',(#6419),#6423);
#6419 = CIRCLE('',#6420,19.);
#6420 = AXIS2_PLACEMENT_2D('',#6421,#6422);
#6421 = CARTESIAN_POINT('',(0.,0.));
#6422 = DIRECTION('',(1.,0.));
#6423 = ( GEOMETRIC_REPRESENTATION_CONTEXT(2) 
PARAMETRIC_REPRESENTATION_CONTEXT() REPRESENTATION_CONTEXT('2D SPACE',''
  ) );
#6424 = ORIENTED_EDGE('',*,*,#6375,.T.);
#6425 = ADVANCED_FACE('',(#6426),#6413,.F.);
#6426 = FACE_BOUND('',#6427,.T.);
#6427 = EDGE_LOOP('',(#6428));
#6428 = ORIENTED_EDGE('',*,*,#6398,.F.);
#6429 = ADVANCED_FACE('',(#6430),#3921,.T.);
#6430 = FACE_BOUND('',#6431,.T.);
#6431 = EDGE_LOOP('',(#6432,#6457,#6484,#6485,#6509,#6530,#6552,#6553));
#6432 = ORIENTED_EDGE('',*,*,#6433,.T.);
#6433 = EDGE_CURVE('',#6434,#6436,#6438,.T.);
#6434 = VERTEX_POINT('',#6435);
#6435 = CARTESIAN_POINT('',(119.,296.,2.537183553598E-14));
#6436 = VERTEX_POINT('',#6437);
#6437 = CARTESIAN_POINT('',(119.,330.,3.292135210343E-14));
#6438 = SEAM_CURVE('',#6439,(#6443,#6450),.PCURVE_S1.);
#6439 = LINE('',#6440,#6441);
#6440 = CARTESIAN_POINT('',(119.,296.,2.537183553598E-14));
#6441 = VECTOR('',#6442,1.);
#6442 = DIRECTION('',(0.,1.,2.22044604925E-16));
#6443 = PCURVE('',#3921,#6444);
#6444 = DEFINITIONAL_REPRESENTATION('',(#6445),#6449);
#6445 = LINE('',#6446,#6447);
#6446 = CARTESIAN_POINT('',(6.28318530718,-0.));
#6447 = VECTOR('',#6448,1.);
#6448 = DIRECTION('',(0.,1.));
#6449 = ( GEOMETRIC_REPRESENTATION_CONTEXT(2) 
PARAMETRIC_REPRESENTATION_CONTEXT() REPRESENTATION_CONTEXT('2D SPACE',''
  ) );
#6450 = PCURVE('',#3921,#6451);
#6451 = DEFINITIONAL_REPRESENTATION('',(#6452),#6456);
#6452 = LINE('',#6453,#6454);
#6453 = CARTESIAN_POINT('',(0.,-0.));
#6454 = VECTOR('',#6455,1.);
#6455 = DIRECTION('',(0.,1.));
#6456 = ( GEOMETRIC_REPRESENTATION_CONTEXT(2) 
PARAMETRIC_REPRESENTATION_CONTEXT() REPRESENTATION_CONTEXT('2D SPACE',''
  ) );
#6457 = ORIENTED_EDGE('',*,*,#6458,.F.);
#6458 = EDGE_CURVE('',#6436,#6436,#6459,.T.);
#6459 = SURFACE_CURVE('',#6460,(#6465,#6472),.PCURVE_S1.);
#6460 = CIRCLE('',#6461,119.);
#6461 = AXIS2_PLACEMENT_3D('',#6462,#6463,#6464);
#6462 = CARTESIAN_POINT('',(0.,330.,3.774758283726E-15));
#6463 = DIRECTION('',(0.,1.,2.22044604925E-16));
#6464 = DIRECTION('',(1.,0.,-0.));
#6465 = PCURVE('',#3921,#6466);
#6466 = DEFINITIONAL_REPRESENTATION('',(#6467),#6471);
#6467 = LINE('',#6468,#6469);
#6468 = CARTESIAN_POINT('',(0.,34.));
#6469 = VECTOR('',#6470,1.);
#6470 = DIRECTION('',(1.,0.));
#6471 = ( GEOMETRIC_REPRESENTATION_CONTEXT(2) 
PARAMETRIC_REPRESENTATION_CONTEXT() REPRESENTATION_CONTEXT('2D SPACE',''
  ) );
#6472 = PCURVE('',#6473,#6478);
#6473 = PLANE('',#6474);
#6474 = AXIS2_PLACEMENT_3D('',#6475,#6476,#6477);
#6475 = CARTESIAN_POINT('',(0.,330.,3.774758283726E-15));
#6476 = DIRECTION('',(0.,1.,2.22044604925E-16));
#6477 = DIRECTION('',(1.,0.,-0.));
#6478 = DEFINITIONAL_REPRESENTATION('',(#6479),#6483);
#6479 = CIRCLE('',#6480,119.);
#6480 = AXIS2_PLACEMENT_2D('',#6481,#6482);
#6481 = CARTESIAN_POINT('',(0.,0.));
#6482 = DIRECTION('',(1.,0.));
#6483 = ( GEOMETRIC_REPRESENTATION_CONTEXT(2) 
PARAMETRIC_REPRESENTATION_CONTEXT() REPRESENTATION_CONTEXT('2D SPACE',''
  ) );
#6484 = ORIENTED_EDGE('',*,*,#6433,.F.);
#6485 = ORIENTED_EDGE('',*,*,#6486,.T.);
#6486 = EDGE_CURVE('',#6434,#6487,#6489,.T.);
#6487 = VERTEX_POINT('',#6488);
#6488 = CARTESIAN_POINT('',(37.309516212355,296.,-113.));
#6489 = SURFACE_CURVE('',#6490,(#6495,#6502),.PCURVE_S1.);
#6490 = CIRCLE('',#6491,119.);
#6491 = AXIS2_PLACEMENT_3D('',#6492,#6493,#6494);
#6492 = CARTESIAN_POINT('',(0.,296.,-3.774758283726E-15));
#6493 = DIRECTION('',(0.,1.,2.22044604925E-16));
#6494 = DIRECTION('',(1.,0.,-0.));
#6495 = PCURVE('',#3921,#6496);
#6496 = DEFINITIONAL_REPRESENTATION('',(#6497),#6501);
#6497 = LINE('',#6498,#6499);
#6498 = CARTESIAN_POINT('',(0.,0.));
#6499 = VECTOR('',#6500,1.);
#6500 = DIRECTION('',(1.,0.));
#6501 = ( GEOMETRIC_REPRESENTATION_CONTEXT(2) 
PARAMETRIC_REPRESENTATION_CONTEXT() REPRESENTATION_CONTEXT('2D SPACE',''
  ) );
#6502 = PCURVE('',#100,#6503);
#6503 = DEFINITIONAL_REPRESENTATION('',(#6504),#6508);
#6504 = CIRCLE('',#6505,119.);
#6505 = AXIS2_PLACEMENT_2D('',#6506,#6507);
#6506 = CARTESIAN_POINT('',(0.,0.));
#6507 = DIRECTION('',(1.,0.));
#6508 = ( GEOMETRIC_REPRESENTATION_CONTEXT(2) 
PARAMETRIC_REPRESENTATION_CONTEXT() REPRESENTATION_CONTEXT('2D SPACE',''
  ) );
#6509 = ORIENTED_EDGE('',*,*,#6510,.T.);
#6510 = EDGE_CURVE('',#6487,#6511,#6513,.T.);
#6511 = VERTEX_POINT('',#6512);
#6512 = CARTESIAN_POINT('',(37.309516212355,300.,-113.));
#6513 = SURFACE_CURVE('',#6514,(#6518,#6524),.PCURVE_S1.);
#6514 = LINE('',#6515,#6516);
#6515 = CARTESIAN_POINT('',(37.309516212355,296.,-113.));
#6516 = VECTOR('',#6517,1.);
#6517 = DIRECTION('',(0.,1.,2.22044604925E-16));
#6518 = PCURVE('',#3921,#6519);
#6519 = DEFINITIONAL_REPRESENTATION('',(#6520),#6523);
#6520 = B_SPLINE_CURVE_WITH_KNOTS('',1,(#6521,#6522),.UNSPECIFIED.,.F.,
  .F.,(2,2),(-2.399999971203E-06,31.),.PIECEWISE_BEZIER_KNOTS.);
#6521 = CARTESIAN_POINT('',(1.251893025581,-2.399999996294E-06));
#6522 = CARTESIAN_POINT('',(1.251893025581,31.));
#6523 = ( GEOMETRIC_REPRESENTATION_CONTEXT(2) 
PARAMETRIC_REPRESENTATION_CONTEXT() REPRESENTATION_CONTEXT('2D SPACE',''
  ) );
#6524 = PCURVE('',#72,#6525);
#6525 = DEFINITIONAL_REPRESENTATION('',(#6526),#6529);
#6526 = B_SPLINE_CURVE_WITH_KNOTS('',1,(#6527,#6528),.UNSPECIFIED.,.F.,
  .F.,(2,2),(-2.399999971203E-06,31.),.PIECEWISE_BEZIER_KNOTS.);
#6527 = CARTESIAN_POINT('',(164.30951621235,265.9999976));
#6528 = CARTESIAN_POINT('',(164.30951621235,297.));
#6529 = ( GEOMETRIC_REPRESENTATION_CONTEXT(2) 
PARAMETRIC_REPRESENTATION_CONTEXT() REPRESENTATION_CONTEXT('2D SPACE',''
  ) );
#6530 = ORIENTED_EDGE('',*,*,#6531,.T.);
#6531 = EDGE_CURVE('',#6511,#3760,#6532,.T.);
#6532 = SURFACE_CURVE('',#6533,(#6538,#6545),.PCURVE_S1.);
#6533 = CIRCLE('',#6534,119.);
#6534 = AXIS2_PLACEMENT_3D('',#6535,#6536,#6537);
#6535 = CARTESIAN_POINT('',(0.,300.,-2.886579864025E-15));
#6536 = DIRECTION('',(0.,1.,2.22044604925E-16));
#6537 = DIRECTION('',(1.,0.,-0.));
#6538 = PCURVE('',#3921,#6539);
#6539 = DEFINITIONAL_REPRESENTATION('',(#6540),#6544);
#6540 = LINE('',#6541,#6542);
#6541 = CARTESIAN_POINT('',(0.,4.));
#6542 = VECTOR('',#6543,1.);
#6543 = DIRECTION('',(1.,0.));
#6544 = ( GEOMETRIC_REPRESENTATION_CONTEXT(2) 
PARAMETRIC_REPRESENTATION_CONTEXT() REPRESENTATION_CONTEXT('2D SPACE',''
  ) );
#6545 = PCURVE('',#3775,#6546);
#6546 = DEFINITIONAL_REPRESENTATION('',(#6547),#6551);
#6547 = CIRCLE('',#6548,119.);
#6548 = AXIS2_PLACEMENT_2D('',#6549,#6550);
#6549 = CARTESIAN_POINT('',(135.,127.));
#6550 = DIRECTION('',(0.,1.));
#6551 = ( GEOMETRIC_REPRESENTATION_CONTEXT(2) 
PARAMETRIC_REPRESENTATION_CONTEXT() REPRESENTATION_CONTEXT('2D SPACE',''
  ) );
#6552 = ORIENTED_EDGE('',*,*,#3908,.F.);
#6553 = ORIENTED_EDGE('',*,*,#6554,.T.);
#6554 = EDGE_CURVE('',#3888,#6434,#6555,.T.);
#6555 = SURFACE_CURVE('',#6556,(#6561,#6568),.PCURVE_S1.);
#6556 = CIRCLE('',#6557,119.);
#6557 = AXIS2_PLACEMENT_3D('',#6558,#6559,#6560);
#6558 = CARTESIAN_POINT('',(0.,296.,-3.774758283726E-15));
#6559 = DIRECTION('',(0.,1.,2.22044604925E-16));
#6560 = DIRECTION('',(1.,0.,-0.));
#6561 = PCURVE('',#3921,#6562);
#6562 = DEFINITIONAL_REPRESENTATION('',(#6563),#6567);
#6563 = LINE('',#6564,#6565);
#6564 = CARTESIAN_POINT('',(0.,0.));
#6565 = VECTOR('',#6566,1.);
#6566 = DIRECTION('',(1.,0.));
#6567 = ( GEOMETRIC_REPRESENTATION_CONTEXT(2) 
PARAMETRIC_REPRESENTATION_CONTEXT() REPRESENTATION_CONTEXT('2D SPACE',''
  ) );
#6568 = PCURVE('',#100,#6569);
#6569 = DEFINITIONAL_REPRESENTATION('',(#6570),#6574);
#6570 = CIRCLE('',#6571,119.);
#6571 = AXIS2_PLACEMENT_2D('',#6572,#6573);
#6572 = CARTESIAN_POINT('',(0.,0.));
#6573 = DIRECTION('',(1.,0.));
#6574 = ( GEOMETRIC_REPRESENTATION_CONTEXT(2) 
PARAMETRIC_REPRESENTATION_CONTEXT() REPRESENTATION_CONTEXT('2D SPACE',''
  ) );
#6575 = ADVANCED_FACE('',(#6576,#6579),#6473,.T.);
#6576 = FACE_BOUND('',#6577,.T.);
#6577 = EDGE_LOOP('',(#6578));
#6578 = ORIENTED_EDGE('',*,*,#6458,.T.);
#6579 = FACE_BOUND('',#6580,.T.);
#6580 = EDGE_LOOP('',(#6581));
#6581 = ORIENTED_EDGE('',*,*,#6582,.F.);
#6582 = EDGE_CURVE('',#6583,#6583,#6585,.T.);
#6583 = VERTEX_POINT('',#6584);
#6584 = CARTESIAN_POINT('',(107.,330.,2.531926308205E-14));
#6585 = SURFACE_CURVE('',#6586,(#6591,#6598),.PCURVE_S1.);
#6586 = CIRCLE('',#6587,107.);
#6587 = AXIS2_PLACEMENT_3D('',#6588,#6589,#6590);
#6588 = CARTESIAN_POINT('',(0.,330.,-8.881784197001E-16));
#6589 = DIRECTION('',(0.,1.,2.22044604925E-16));
#6590 = DIRECTION('',(1.,0.,-0.));
#6591 = PCURVE('',#6473,#6592);
#6592 = DEFINITIONAL_REPRESENTATION('',(#6593),#6597);
#6593 = CIRCLE('',#6594,107.);
#6594 = AXIS2_PLACEMENT_2D('',#6595,#6596);
#6595 = CARTESIAN_POINT('',(0.,4.662936703426E-15));
#6596 = DIRECTION('',(1.,0.));
#6597 = ( GEOMETRIC_REPRESENTATION_CONTEXT(2) 
PARAMETRIC_REPRESENTATION_CONTEXT() REPRESENTATION_CONTEXT('2D SPACE',''
  ) );
#6598 = PCURVE('',#6599,#6604);
#6599 = CYLINDRICAL_SURFACE('',#6600,107.);
#6600 = AXIS2_PLACEMENT_3D('',#6601,#6602,#6603);
#6601 = CARTESIAN_POINT('',(0.,330.,-8.881784197001E-16));
#6602 = DIRECTION('',(0.,1.,2.22044604925E-16));
#6603 = DIRECTION('',(1.,0.,-0.));
#6604 = DEFINITIONAL_REPRESENTATION('',(#6605),#6609);
#6605 = LINE('',#6606,#6607);
#6606 = CARTESIAN_POINT('',(0.,0.));
#6607 = VECTOR('',#6608,1.);
#6608 = DIRECTION('',(1.,0.));
#6609 = ( GEOMETRIC_REPRESENTATION_CONTEXT(2) 
PARAMETRIC_REPRESENTATION_CONTEXT() REPRESENTATION_CONTEXT('2D SPACE',''
  ) );
#6610 = ADVANCED_FACE('',(#6611),#6599,.T.);
#6611 = FACE_BOUND('',#6612,.T.);
#6612 = EDGE_LOOP('',(#6613,#6642,#6663,#6664));
#6613 = ORIENTED_EDGE('',*,*,#6614,.F.);
#6614 = EDGE_CURVE('',#6615,#6615,#6617,.T.);
#6615 = VERTEX_POINT('',#6616);
#6616 = CARTESIAN_POINT('',(107.,338.,2.709561992145E-14));
#6617 = SURFACE_CURVE('',#6618,(#6623,#6630),.PCURVE_S1.);
#6618 = CIRCLE('',#6619,107.);
#6619 = AXIS2_PLACEMENT_3D('',#6620,#6621,#6622);
#6620 = CARTESIAN_POINT('',(0.,338.,8.881784197001E-16));
#6621 = DIRECTION('',(0.,1.,2.22044604925E-16));
#6622 = DIRECTION('',(1.,0.,-0.));
#6623 = PCURVE('',#6599,#6624);
#6624 = DEFINITIONAL_REPRESENTATION('',(#6625),#6629);
#6625 = LINE('',#6626,#6627);
#6626 = CARTESIAN_POINT('',(0.,8.));
#6627 = VECTOR('',#6628,1.);
#6628 = DIRECTION('',(1.,0.));
#6629 = ( GEOMETRIC_REPRESENTATION_CONTEXT(2) 
PARAMETRIC_REPRESENTATION_CONTEXT() REPRESENTATION_CONTEXT('2D SPACE',''
  ) );
#6630 = PCURVE('',#6631,#6636);
#6631 = PLANE('',#6632);
#6632 = AXIS2_PLACEMENT_3D('',#6633,#6634,#6635);
#6633 = CARTESIAN_POINT('',(0.,338.,8.881784197001E-16));
#6634 = DIRECTION('',(0.,1.,2.22044604925E-16));
#6635 = DIRECTION('',(1.,0.,-0.));
#6636 = DEFINITIONAL_REPRESENTATION('',(#6637),#6641);
#6637 = CIRCLE('',#6638,107.);
#6638 = AXIS2_PLACEMENT_2D('',#6639,#6640);
#6639 = CARTESIAN_POINT('',(0.,0.));
#6640 = DIRECTION('',(1.,0.));
#6641 = ( GEOMETRIC_REPRESENTATION_CONTEXT(2) 
PARAMETRIC_REPRESENTATION_CONTEXT() REPRESENTATION_CONTEXT('2D SPACE',''
  ) );
#6642 = ORIENTED_EDGE('',*,*,#6643,.F.);
#6643 = EDGE_CURVE('',#6583,#6615,#6644,.T.);
#6644 = SEAM_CURVE('',#6645,(#6649,#6656),.PCURVE_S1.);
#6645 = LINE('',#6646,#6647);
#6646 = CARTESIAN_POINT('',(107.,330.,2.531926308205E-14));
#6647 = VECTOR('',#6648,1.);
#6648 = DIRECTION('',(0.,1.,2.22044604925E-16));
#6649 = PCURVE('',#6599,#6650);
#6650 = DEFINITIONAL_REPRESENTATION('',(#6651),#6655);
#6651 = LINE('',#6652,#6653);
#6652 = CARTESIAN_POINT('',(6.28318530718,-0.));
#6653 = VECTOR('',#6654,1.);
#6654 = DIRECTION('',(0.,1.));
#6655 = ( GEOMETRIC_REPRESENTATION_CONTEXT(2) 
PARAMETRIC_REPRESENTATION_CONTEXT() REPRESENTATION_CONTEXT('2D SPACE',''
  ) );
#6656 = PCURVE('',#6599,#6657);
#6657 = DEFINITIONAL_REPRESENTATION('',(#6658),#6662);
#6658 = LINE('',#6659,#6660);
#6659 = CARTESIAN_POINT('',(0.,-0.));
#6660 = VECTOR('',#6661,1.);
#6661 = DIRECTION('',(0.,1.));
#6662 = ( GEOMETRIC_REPRESENTATION_CONTEXT(2) 
PARAMETRIC_REPRESENTATION_CONTEXT() REPRESENTATION_CONTEXT('2D SPACE',''
  ) );
#6663 = ORIENTED_EDGE('',*,*,#6582,.T.);
#6664 = ORIENTED_EDGE('',*,*,#6643,.T.);
#6665 = ADVANCED_FACE('',(#6666,#6669),#6631,.T.);
#6666 = FACE_BOUND('',#6667,.T.);
#6667 = EDGE_LOOP('',(#6668));
#6668 = ORIENTED_EDGE('',*,*,#6614,.T.);
#6669 = FACE_BOUND('',#6670,.T.);
#6670 = EDGE_LOOP('',(#6671));
#6671 = ORIENTED_EDGE('',*,*,#6672,.F.);
#6672 = EDGE_CURVE('',#6673,#6673,#6675,.T.);
#6673 = VERTEX_POINT('',#6674);
#6674 = CARTESIAN_POINT('',(100.,338.,1.916386546475E-14));
#6675 = SURFACE_CURVE('',#6676,(#6681,#6688),.PCURVE_S1.);
#6676 = CIRCLE('',#6677,100.);
#6677 = AXIS2_PLACEMENT_3D('',#6678,#6679,#6680);
#6678 = CARTESIAN_POINT('',(0.,338.,-5.329070518201E-15));
#6679 = DIRECTION('',(0.,1.,2.22044604925E-16));
#6680 = DIRECTION('',(1.,0.,-0.));
#6681 = PCURVE('',#6631,#6682);
#6682 = DEFINITIONAL_REPRESENTATION('',(#6683),#6687);
#6683 = CIRCLE('',#6684,100.);
#6684 = AXIS2_PLACEMENT_2D('',#6685,#6686);
#6685 = CARTESIAN_POINT('',(0.,6.217248937901E-15));
#6686 = DIRECTION('',(1.,0.));
#6687 = ( GEOMETRIC_REPRESENTATION_CONTEXT(2) 
PARAMETRIC_REPRESENTATION_CONTEXT() REPRESENTATION_CONTEXT('2D SPACE',''
  ) );
#6688 = PCURVE('',#6689,#6694);
#6689 = CYLINDRICAL_SURFACE('',#6690,100.);
#6690 = AXIS2_PLACEMENT_3D('',#6691,#6692,#6693);
#6691 = CARTESIAN_POINT('',(0.,338.,-5.329070518201E-15));
#6692 = DIRECTION('',(0.,1.,2.22044604925E-16));
#6693 = DIRECTION('',(1.,0.,-0.));
#6694 = DEFINITIONAL_REPRESENTATION('',(#6695),#6699);
#6695 = LINE('',#6696,#6697);
#6696 = CARTESIAN_POINT('',(0.,0.));
#6697 = VECTOR('',#6698,1.);
#6698 = DIRECTION('',(1.,0.));
#6699 = ( GEOMETRIC_REPRESENTATION_CONTEXT(2) 
PARAMETRIC_REPRESENTATION_CONTEXT() REPRESENTATION_CONTEXT('2D SPACE',''
  ) );
#6700 = ADVANCED_FACE('',(#6701,#6935,#7047,#7159,#7271,#7383,#7495,
    #7607,#7719,#7831,#7943,#8055),#6689,.T.);
#6701 = FACE_BOUND('',#6702,.T.);
#6702 = EDGE_LOOP('',(#6703,#6704,#6727,#6756,#6782,#6811,#6834,#6861,
    #6862,#6886,#6912,#6934));
#6703 = ORIENTED_EDGE('',*,*,#6672,.T.);
#6704 = ORIENTED_EDGE('',*,*,#6705,.T.);
#6705 = EDGE_CURVE('',#6673,#6706,#6708,.T.);
#6706 = VERTEX_POINT('',#6707);
#6707 = CARTESIAN_POINT('',(100.,349.,2.160635611892E-14));
#6708 = SEAM_CURVE('',#6709,(#6713,#6720),.PCURVE_S1.);
#6709 = LINE('',#6710,#6711);
#6710 = CARTESIAN_POINT('',(100.,338.,1.916386546475E-14));
#6711 = VECTOR('',#6712,1.);
#6712 = DIRECTION('',(0.,1.,2.22044604925E-16));
#6713 = PCURVE('',#6689,#6714);
#6714 = DEFINITIONAL_REPRESENTATION('',(#6715),#6719);
#6715 = LINE('',#6716,#6717);
#6716 = CARTESIAN_POINT('',(0.,-0.));
#6717 = VECTOR('',#6718,1.);
#6718 = DIRECTION('',(0.,1.));
#6719 = ( GEOMETRIC_REPRESENTATION_CONTEXT(2) 
PARAMETRIC_REPRESENTATION_CONTEXT() REPRESENTATION_CONTEXT('2D SPACE',''
  ) );
#6720 = PCURVE('',#6689,#6721);
#6721 = DEFINITIONAL_REPRESENTATION('',(#6722),#6726);
#6722 = LINE('',#6723,#6724);
#6723 = CARTESIAN_POINT('',(6.28318530718,-0.));
#6724 = VECTOR('',#6725,1.);
#6725 = DIRECTION('',(0.,1.));
#6726 = ( GEOMETRIC_REPRESENTATION_CONTEXT(2) 
PARAMETRIC_REPRESENTATION_CONTEXT() REPRESENTATION_CONTEXT('2D SPACE',''
  ) );
#6727 = ORIENTED_EDGE('',*,*,#6728,.F.);
#6728 = EDGE_CURVE('',#6729,#6706,#6731,.T.);
#6729 = VERTEX_POINT('',#6730);
#6730 = CARTESIAN_POINT('',(98.544406233941,349.,17.));
#6731 = SURFACE_CURVE('',#6732,(#6737,#6744),.PCURVE_S1.);
#6732 = CIRCLE('',#6733,100.);
#6733 = AXIS2_PLACEMENT_3D('',#6734,#6735,#6736);
#6734 = CARTESIAN_POINT('',(0.,349.,-2.886579864025E-15));
#6735 = DIRECTION('',(0.,1.,2.22044604925E-16));
#6736 = DIRECTION('',(1.,0.,-0.));
#6737 = PCURVE('',#6689,#6738);
#6738 = DEFINITIONAL_REPRESENTATION('',(#6739),#6743);
#6739 = LINE('',#6740,#6741);
#6740 = CARTESIAN_POINT('',(0.,11.));
#6741 = VECTOR('',#6742,1.);
#6742 = DIRECTION('',(1.,0.));
#6743 = ( GEOMETRIC_REPRESENTATION_CONTEXT(2) 
PARAMETRIC_REPRESENTATION_CONTEXT() REPRESENTATION_CONTEXT('2D SPACE',''
  ) );
#6744 = PCURVE('',#6745,#6750);
#6745 = PLANE('',#6746);
#6746 = AXIS2_PLACEMENT_3D('',#6747,#6748,#6749);
#6747 = CARTESIAN_POINT('',(82.,349.,17.));
#6748 = DIRECTION('',(0.,1.,0.));
#6749 = DIRECTION('',(1.,0.,2.22044604925E-16));
#6750 = DEFINITIONAL_REPRESENTATION('',(#6751),#6755);
#6751 = CIRCLE('',#6752,100.);
#6752 = AXIS2_PLACEMENT_2D('',#6753,#6754);
#6753 = CARTESIAN_POINT('',(-82.,17.));
#6754 = DIRECTION('',(1.,2.22044604925E-16));
#6755 = ( GEOMETRIC_REPRESENTATION_CONTEXT(2) 
PARAMETRIC_REPRESENTATION_CONTEXT() REPRESENTATION_CONTEXT('2D SPACE',''
  ) );
#6756 = ORIENTED_EDGE('',*,*,#6757,.T.);
#6757 = EDGE_CURVE('',#6729,#6758,#6760,.T.);
#6758 = VERTEX_POINT('',#6759);
#6759 = CARTESIAN_POINT('',(98.544406233941,359.,17.));
#6760 = SURFACE_CURVE('',#6761,(#6765,#6771),.PCURVE_S1.);
#6761 = LINE('',#6762,#6763);
#6762 = CARTESIAN_POINT('',(98.544406233941,338.,17.));
#6763 = VECTOR('',#6764,1.);
#6764 = DIRECTION('',(0.,1.,2.22044604925E-16));
#6765 = PCURVE('',#6689,#6766);
#6766 = DEFINITIONAL_REPRESENTATION('',(#6767),#6770);
#6767 = B_SPLINE_CURVE_WITH_KNOTS('',1,(#6768,#6769),.UNSPECIFIED.,.F.,
  .F.,(2,2),(10.,22.),.PIECEWISE_BEZIER_KNOTS.);
#6768 = CARTESIAN_POINT('',(6.11235563805,10.));
#6769 = CARTESIAN_POINT('',(6.11235563805,22.));
#6770 = ( GEOMETRIC_REPRESENTATION_CONTEXT(2) 
PARAMETRIC_REPRESENTATION_CONTEXT() REPRESENTATION_CONTEXT('2D SPACE',''
  ) );
#6771 = PCURVE('',#6772,#6777);
#6772 = PLANE('',#6773);
#6773 = AXIS2_PLACEMENT_3D('',#6774,#6775,#6776);
#6774 = CARTESIAN_POINT('',(82.,349.,17.));
#6775 = DIRECTION('',(2.22044604925E-16,0.,-1.));
#6776 = DIRECTION('',(1.,0.,2.22044604925E-16));
#6777 = DEFINITIONAL_REPRESENTATION('',(#6778),#6781);
#6778 = B_SPLINE_CURVE_WITH_KNOTS('',1,(#6779,#6780),.UNSPECIFIED.,.F.,
  .F.,(2,2),(10.,22.),.PIECEWISE_BEZIER_KNOTS.);
#6779 = CARTESIAN_POINT('',(16.544406233941,1.));
#6780 = CARTESIAN_POINT('',(16.544406233941,-11.));
#6781 = ( GEOMETRIC_REPRESENTATION_CONTEXT(2) 
PARAMETRIC_REPRESENTATION_CONTEXT() REPRESENTATION_CONTEXT('2D SPACE',''
  ) );
#6782 = ORIENTED_EDGE('',*,*,#6783,.T.);
#6783 = EDGE_CURVE('',#6758,#6784,#6786,.T.);
#6784 = VERTEX_POINT('',#6785);
#6785 = CARTESIAN_POINT('',(100.,359.,2.382680216817E-14));
#6786 = SURFACE_CURVE('',#6787,(#6792,#6799),.PCURVE_S1.);
#6787 = CIRCLE('',#6788,100.);
#6788 = AXIS2_PLACEMENT_3D('',#6789,#6790,#6791);
#6789 = CARTESIAN_POINT('',(0.,359.,-6.661338147751E-16));
#6790 = DIRECTION('',(0.,1.,2.22044604925E-16));
#6791 = DIRECTION('',(1.,0.,-0.));
#6792 = PCURVE('',#6689,#6793);
#6793 = DEFINITIONAL_REPRESENTATION('',(#6794),#6798);
#6794 = LINE('',#6795,#6796);
#6795 = CARTESIAN_POINT('',(0.,21.));
#6796 = VECTOR('',#6797,1.);
#6797 = DIRECTION('',(1.,0.));
#6798 = ( GEOMETRIC_REPRESENTATION_CONTEXT(2) 
PARAMETRIC_REPRESENTATION_CONTEXT() REPRESENTATION_CONTEXT('2D SPACE',''
  ) );
#6799 = PCURVE('',#6800,#6805);
#6800 = PLANE('',#6801);
#6801 = AXIS2_PLACEMENT_3D('',#6802,#6803,#6804);
#6802 = CARTESIAN_POINT('',(82.,359.,17.));
#6803 = DIRECTION('',(0.,1.,0.));
#6804 = DIRECTION('',(1.,0.,2.22044604925E-16));
#6805 = DEFINITIONAL_REPRESENTATION('',(#6806),#6810);
#6806 = CIRCLE('',#6807,100.);
#6807 = AXIS2_PLACEMENT_2D('',#6808,#6809);
#6808 = CARTESIAN_POINT('',(-82.,17.));
#6809 = DIRECTION('',(1.,2.22044604925E-16));
#6810 = ( GEOMETRIC_REPRESENTATION_CONTEXT(2) 
PARAMETRIC_REPRESENTATION_CONTEXT() REPRESENTATION_CONTEXT('2D SPACE',''
  ) );
#6811 = ORIENTED_EDGE('',*,*,#6812,.T.);
#6812 = EDGE_CURVE('',#6784,#6813,#6815,.T.);
#6813 = VERTEX_POINT('',#6814);
#6814 = CARTESIAN_POINT('',(100.,386.,2.982200650115E-14));
#6815 = SEAM_CURVE('',#6816,(#6820,#6827),.PCURVE_S1.);
#6816 = LINE('',#6817,#6818);
#6817 = CARTESIAN_POINT('',(100.,338.,1.916386546475E-14));
#6818 = VECTOR('',#6819,1.);
#6819 = DIRECTION('',(0.,1.,2.22044604925E-16));
#6820 = PCURVE('',#6689,#6821);
#6821 = DEFINITIONAL_REPRESENTATION('',(#6822),#6826);
#6822 = LINE('',#6823,#6824);
#6823 = CARTESIAN_POINT('',(0.,-0.));
#6824 = VECTOR('',#6825,1.);
#6825 = DIRECTION('',(0.,1.));
#6826 = ( GEOMETRIC_REPRESENTATION_CONTEXT(2) 
PARAMETRIC_REPRESENTATION_CONTEXT() REPRESENTATION_CONTEXT('2D SPACE',''
  ) );
#6827 = PCURVE('',#6689,#6828);
#6828 = DEFINITIONAL_REPRESENTATION('',(#6829),#6833);
#6829 = LINE('',#6830,#6831);
#6830 = CARTESIAN_POINT('',(6.28318530718,-0.));
#6831 = VECTOR('',#6832,1.);
#6832 = DIRECTION('',(0.,1.));
#6833 = ( GEOMETRIC_REPRESENTATION_CONTEXT(2) 
PARAMETRIC_REPRESENTATION_CONTEXT() REPRESENTATION_CONTEXT('2D SPACE',''
  ) );
#6834 = ORIENTED_EDGE('',*,*,#6835,.F.);
#6835 = EDGE_CURVE('',#6813,#6813,#6836,.T.);
#6836 = SURFACE_CURVE('',#6837,(#6842,#6849),.PCURVE_S1.);
#6837 = CIRCLE('',#6838,100.);
#6838 = AXIS2_PLACEMENT_3D('',#6839,#6840,#6841);
#6839 = CARTESIAN_POINT('',(0.,386.,5.329070518201E-15));
#6840 = DIRECTION('',(0.,1.,2.22044604925E-16));
#6841 = DIRECTION('',(1.,0.,-0.));
#6842 = PCURVE('',#6689,#6843);
#6843 = DEFINITIONAL_REPRESENTATION('',(#6844),#6848);
#6844 = LINE('',#6845,#6846);
#6845 = CARTESIAN_POINT('',(0.,48.));
#6846 = VECTOR('',#6847,1.);
#6847 = DIRECTION('',(1.,0.));
#6848 = ( GEOMETRIC_REPRESENTATION_CONTEXT(2) 
PARAMETRIC_REPRESENTATION_CONTEXT() REPRESENTATION_CONTEXT('2D SPACE',''
  ) );
#6849 = PCURVE('',#6850,#6855);
#6850 = PLANE('',#6851);
#6851 = AXIS2_PLACEMENT_3D('',#6852,#6853,#6854);
#6852 = CARTESIAN_POINT('',(0.,386.,5.329070518201E-15));
#6853 = DIRECTION('',(0.,1.,2.22044604925E-16));
#6854 = DIRECTION('',(1.,0.,-0.));
#6855 = DEFINITIONAL_REPRESENTATION('',(#6856),#6860);
#6856 = CIRCLE('',#6857,100.);
#6857 = AXIS2_PLACEMENT_2D('',#6858,#6859);
#6858 = CARTESIAN_POINT('',(0.,0.));
#6859 = DIRECTION('',(1.,0.));
#6860 = ( GEOMETRIC_REPRESENTATION_CONTEXT(2) 
PARAMETRIC_REPRESENTATION_CONTEXT() REPRESENTATION_CONTEXT('2D SPACE',''
  ) );
#6861 = ORIENTED_EDGE('',*,*,#6812,.F.);
#6862 = ORIENTED_EDGE('',*,*,#6863,.T.);
#6863 = EDGE_CURVE('',#6784,#6864,#6866,.T.);
#6864 = VERTEX_POINT('',#6865);
#6865 = CARTESIAN_POINT('',(98.544406233941,359.,-17.));
#6866 = SURFACE_CURVE('',#6867,(#6872,#6879),.PCURVE_S1.);
#6867 = CIRCLE('',#6868,100.);
#6868 = AXIS2_PLACEMENT_3D('',#6869,#6870,#6871);
#6869 = CARTESIAN_POINT('',(0.,359.,-6.661338147751E-16));
#6870 = DIRECTION('',(0.,1.,2.22044604925E-16));
#6871 = DIRECTION('',(1.,0.,-0.));
#6872 = PCURVE('',#6689,#6873);
#6873 = DEFINITIONAL_REPRESENTATION('',(#6874),#6878);
#6874 = LINE('',#6875,#6876);
#6875 = CARTESIAN_POINT('',(0.,21.));
#6876 = VECTOR('',#6877,1.);
#6877 = DIRECTION('',(1.,0.));
#6878 = ( GEOMETRIC_REPRESENTATION_CONTEXT(2) 
PARAMETRIC_REPRESENTATION_CONTEXT() REPRESENTATION_CONTEXT('2D SPACE',''
  ) );
#6879 = PCURVE('',#6800,#6880);
#6880 = DEFINITIONAL_REPRESENTATION('',(#6881),#6885);
#6881 = CIRCLE('',#6882,100.);
#6882 = AXIS2_PLACEMENT_2D('',#6883,#6884);
#6883 = CARTESIAN_POINT('',(-82.,17.));
#6884 = DIRECTION('',(1.,2.22044604925E-16));
#6885 = ( GEOMETRIC_REPRESENTATION_CONTEXT(2) 
PARAMETRIC_REPRESENTATION_CONTEXT() REPRESENTATION_CONTEXT('2D SPACE',''
  ) );
#6886 = ORIENTED_EDGE('',*,*,#6887,.F.);
#6887 = EDGE_CURVE('',#6888,#6864,#6890,.T.);
#6888 = VERTEX_POINT('',#6889);
#6889 = CARTESIAN_POINT('',(98.544406233941,349.,-17.));
#6890 = SURFACE_CURVE('',#6891,(#6895,#6901),.PCURVE_S1.);
#6891 = LINE('',#6892,#6893);
#6892 = CARTESIAN_POINT('',(98.544406233941,338.,-17.));
#6893 = VECTOR('',#6894,1.);
#6894 = DIRECTION('',(0.,1.,2.22044604925E-16));
#6895 = PCURVE('',#6689,#6896);
#6896 = DEFINITIONAL_REPRESENTATION('',(#6897),#6900);
#6897 = B_SPLINE_CURVE_WITH_KNOTS('',1,(#6898,#6899),.UNSPECIFIED.,.F.,
  .F.,(2,2),(10.,22.),.PIECEWISE_BEZIER_KNOTS.);
#6898 = CARTESIAN_POINT('',(0.170829669129,10.));
#6899 = CARTESIAN_POINT('',(0.170829669129,22.));
#6900 = ( GEOMETRIC_REPRESENTATION_CONTEXT(2) 
PARAMETRIC_REPRESENTATION_CONTEXT() REPRESENTATION_CONTEXT('2D SPACE',''
  ) );
#6901 = PCURVE('',#6902,#6907);
#6902 = PLANE('',#6903);
#6903 = AXIS2_PLACEMENT_3D('',#6904,#6905,#6906);
#6904 = CARTESIAN_POINT('',(82.,349.,-17.));
#6905 = DIRECTION('',(2.22044604925E-16,0.,-1.));
#6906 = DIRECTION('',(1.,0.,2.22044604925E-16));
#6907 = DEFINITIONAL_REPRESENTATION('',(#6908),#6911);
#6908 = B_SPLINE_CURVE_WITH_KNOTS('',1,(#6909,#6910),.UNSPECIFIED.,.F.,
  .F.,(2,2),(10.,22.),.PIECEWISE_BEZIER_KNOTS.);
#6909 = CARTESIAN_POINT('',(16.544406233941,1.));
#6910 = CARTESIAN_POINT('',(16.544406233941,-11.));
#6911 = ( GEOMETRIC_REPRESENTATION_CONTEXT(2) 
PARAMETRIC_REPRESENTATION_CONTEXT() REPRESENTATION_CONTEXT('2D SPACE',''
  ) );
#6912 = ORIENTED_EDGE('',*,*,#6913,.F.);
#6913 = EDGE_CURVE('',#6706,#6888,#6914,.T.);
#6914 = SURFACE_CURVE('',#6915,(#6920,#6927),.PCURVE_S1.);
#6915 = CIRCLE('',#6916,100.);
#6916 = AXIS2_PLACEMENT_3D('',#6917,#6918,#6919);
#6917 = CARTESIAN_POINT('',(0.,349.,-2.886579864025E-15));
#6918 = DIRECTION('',(0.,1.,2.22044604925E-16));
#6919 = DIRECTION('',(1.,0.,-0.));
#6920 = PCURVE('',#6689,#6921);
#6921 = DEFINITIONAL_REPRESENTATION('',(#6922),#6926);
#6922 = LINE('',#6923,#6924);
#6923 = CARTESIAN_POINT('',(0.,11.));
#6924 = VECTOR('',#6925,1.);
#6925 = DIRECTION('',(1.,0.));
#6926 = ( GEOMETRIC_REPRESENTATION_CONTEXT(2) 
PARAMETRIC_REPRESENTATION_CONTEXT() REPRESENTATION_CONTEXT('2D SPACE',''
  ) );
#6927 = PCURVE('',#6745,#6928);
#6928 = DEFINITIONAL_REPRESENTATION('',(#6929),#6933);
#6929 = CIRCLE('',#6930,100.);
#6930 = AXIS2_PLACEMENT_2D('',#6931,#6932);
#6931 = CARTESIAN_POINT('',(-82.,17.));
#6932 = DIRECTION('',(1.,2.22044604925E-16));
#6933 = ( GEOMETRIC_REPRESENTATION_CONTEXT(2) 
PARAMETRIC_REPRESENTATION_CONTEXT() REPRESENTATION_CONTEXT('2D SPACE',''
  ) );
#6934 = ORIENTED_EDGE('',*,*,#6705,.F.);
#6935 = FACE_BOUND('',#6936,.T.);
#6936 = EDGE_LOOP('',(#6937,#6968,#6994,#7023));
#6937 = ORIENTED_EDGE('',*,*,#6938,.F.);
#6938 = EDGE_CURVE('',#6939,#6941,#6943,.T.);
#6939 = VERTEX_POINT('',#6940);
#6940 = CARTESIAN_POINT('',(93.841959199447,349.,-34.54977125263));
#6941 = VERTEX_POINT('',#6942);
#6942 = CARTESIAN_POINT('',(76.841959199447,349.,-63.9946349813));
#6943 = SURFACE_CURVE('',#6944,(#6949,#6956),.PCURVE_S1.);
#6944 = CIRCLE('',#6945,100.);
#6945 = AXIS2_PLACEMENT_3D('',#6946,#6947,#6948);
#6946 = CARTESIAN_POINT('',(0.,349.,-2.886579864025E-15));
#6947 = DIRECTION('',(0.,1.,2.22044604925E-16));
#6948 = DIRECTION('',(1.,0.,-0.));
#6949 = PCURVE('',#6689,#6950);
#6950 = DEFINITIONAL_REPRESENTATION('',(#6951),#6955);
#6951 = LINE('',#6952,#6953);
#6952 = CARTESIAN_POINT('',(0.,11.));
#6953 = VECTOR('',#6954,1.);
#6954 = DIRECTION('',(1.,0.));
#6955 = ( GEOMETRIC_REPRESENTATION_CONTEXT(2) 
PARAMETRIC_REPRESENTATION_CONTEXT() REPRESENTATION_CONTEXT('2D SPACE',''
  ) );
#6956 = PCURVE('',#6957,#6962);
#6957 = PLANE('',#6958);
#6958 = AXIS2_PLACEMENT_3D('',#6959,#6960,#6961);
#6959 = CARTESIAN_POINT('',(79.514083110324,349.,-26.27756813566));
#6960 = DIRECTION('',(0.,1.,0.));
#6961 = DIRECTION('',(0.866025403784,0.,-0.5));
#6962 = DEFINITIONAL_REPRESENTATION('',(#6963),#6967);
#6963 = CIRCLE('',#6964,100.);
#6964 = AXIS2_PLACEMENT_2D('',#6965,#6966);
#6965 = CARTESIAN_POINT('',(-82.,17.));
#6966 = DIRECTION('',(0.866025403784,-0.5));
#6967 = ( GEOMETRIC_REPRESENTATION_CONTEXT(2) 
PARAMETRIC_REPRESENTATION_CONTEXT() REPRESENTATION_CONTEXT('2D SPACE',''
  ) );
#6968 = ORIENTED_EDGE('',*,*,#6969,.T.);
#6969 = EDGE_CURVE('',#6939,#6970,#6972,.T.);
#6970 = VERTEX_POINT('',#6971);
#6971 = CARTESIAN_POINT('',(93.841959199447,359.,-34.54977125263));
#6972 = SURFACE_CURVE('',#6973,(#6977,#6983),.PCURVE_S1.);
#6973 = LINE('',#6974,#6975);
#6974 = CARTESIAN_POINT('',(93.841959199447,338.,-34.54977125263));
#6975 = VECTOR('',#6976,1.);
#6976 = DIRECTION('',(0.,1.,2.22044604925E-16));
#6977 = PCURVE('',#6689,#6978);
#6978 = DEFINITIONAL_REPRESENTATION('',(#6979),#6982);
#6979 = B_SPLINE_CURVE_WITH_KNOTS('',1,(#6980,#6981),.UNSPECIFIED.,.F.,
  .F.,(2,2),(10.,22.),.PIECEWISE_BEZIER_KNOTS.);
#6980 = CARTESIAN_POINT('',(0.352769106469,10.));
#6981 = CARTESIAN_POINT('',(0.352769106469,22.));
#6982 = ( GEOMETRIC_REPRESENTATION_CONTEXT(2) 
PARAMETRIC_REPRESENTATION_CONTEXT() REPRESENTATION_CONTEXT('2D SPACE',''
  ) );
#6983 = PCURVE('',#6984,#6989);
#6984 = PLANE('',#6985);
#6985 = AXIS2_PLACEMENT_3D('',#6986,#6987,#6988);
#6986 = CARTESIAN_POINT('',(79.514083110324,349.,-26.27756813566));
#6987 = DIRECTION('',(-0.5,0.,-0.866025403784));
#6988 = DIRECTION('',(0.866025403784,0.,-0.5));
#6989 = DEFINITIONAL_REPRESENTATION('',(#6990),#6993);
#6990 = B_SPLINE_CURVE_WITH_KNOTS('',1,(#6991,#6992),.UNSPECIFIED.,.F.,
  .F.,(2,2),(10.,22.),.PIECEWISE_BEZIER_KNOTS.);
#6991 = CARTESIAN_POINT('',(16.544406233941,1.));
#6992 = CARTESIAN_POINT('',(16.544406233941,-11.));
#6993 = ( GEOMETRIC_REPRESENTATION_CONTEXT(2) 
PARAMETRIC_REPRESENTATION_CONTEXT() REPRESENTATION_CONTEXT('2D SPACE',''
  ) );
#6994 = ORIENTED_EDGE('',*,*,#6995,.T.);
#6995 = EDGE_CURVE('',#6970,#6996,#6998,.T.);
#6996 = VERTEX_POINT('',#6997);
#6997 = CARTESIAN_POINT('',(76.841959199447,359.,-63.9946349813));
#6998 = SURFACE_CURVE('',#6999,(#7004,#7011),.PCURVE_S1.);
#6999 = CIRCLE('',#7000,100.);
#7000 = AXIS2_PLACEMENT_3D('',#7001,#7002,#7003);
#7001 = CARTESIAN_POINT('',(0.,359.,-6.661338147751E-16));
#7002 = DIRECTION('',(0.,1.,2.22044604925E-16));
#7003 = DIRECTION('',(1.,0.,-0.));
#7004 = PCURVE('',#6689,#7005);
#7005 = DEFINITIONAL_REPRESENTATION('',(#7006),#7010);
#7006 = LINE('',#7007,#7008);
#7007 = CARTESIAN_POINT('',(0.,21.));
#7008 = VECTOR('',#7009,1.);
#7009 = DIRECTION('',(1.,0.));
#7010 = ( GEOMETRIC_REPRESENTATION_CONTEXT(2) 
PARAMETRIC_REPRESENTATION_CONTEXT() REPRESENTATION_CONTEXT('2D SPACE',''
  ) );
#7011 = PCURVE('',#7012,#7017);
#7012 = PLANE('',#7013);
#7013 = AXIS2_PLACEMENT_3D('',#7014,#7015,#7016);
#7014 = CARTESIAN_POINT('',(79.514083110324,359.,-26.27756813566));
#7015 = DIRECTION('',(0.,1.,0.));
#7016 = DIRECTION('',(0.866025403784,0.,-0.5));
#7017 = DEFINITIONAL_REPRESENTATION('',(#7018),#7022);
#7018 = CIRCLE('',#7019,100.);
#7019 = AXIS2_PLACEMENT_2D('',#7020,#7021);
#7020 = CARTESIAN_POINT('',(-82.,17.));
#7021 = DIRECTION('',(0.866025403784,-0.5));
#7022 = ( GEOMETRIC_REPRESENTATION_CONTEXT(2) 
PARAMETRIC_REPRESENTATION_CONTEXT() REPRESENTATION_CONTEXT('2D SPACE',''
  ) );
#7023 = ORIENTED_EDGE('',*,*,#7024,.F.);
#7024 = EDGE_CURVE('',#6941,#6996,#7025,.T.);
#7025 = SURFACE_CURVE('',#7026,(#7030,#7036),.PCURVE_S1.);
#7026 = LINE('',#7027,#7028);
#7027 = CARTESIAN_POINT('',(76.841959199447,338.,-63.9946349813));
#7028 = VECTOR('',#7029,1.);
#7029 = DIRECTION('',(0.,1.,2.22044604925E-16));
#7030 = PCURVE('',#6689,#7031);
#7031 = DEFINITIONAL_REPRESENTATION('',(#7032),#7035);
#7032 = B_SPLINE_CURVE_WITH_KNOTS('',1,(#7033,#7034),.UNSPECIFIED.,.F.,
  .F.,(2,2),(10.,22.),.PIECEWISE_BEZIER_KNOTS.);
#7033 = CARTESIAN_POINT('',(0.694428444727,10.));
#7034 = CARTESIAN_POINT('',(0.694428444727,22.));
#7035 = ( GEOMETRIC_REPRESENTATION_CONTEXT(2) 
PARAMETRIC_REPRESENTATION_CONTEXT() REPRESENTATION_CONTEXT('2D SPACE',''
  ) );
#7036 = PCURVE('',#7037,#7042);
#7037 = PLANE('',#7038);
#7038 = AXIS2_PLACEMENT_3D('',#7039,#7040,#7041);
#7039 = CARTESIAN_POINT('',(62.514083110324,349.,-55.72243186433));
#7040 = DIRECTION('',(-0.5,0.,-0.866025403784));
#7041 = DIRECTION('',(0.866025403784,0.,-0.5));
#7042 = DEFINITIONAL_REPRESENTATION('',(#7043),#7046);
#7043 = B_SPLINE_CURVE_WITH_KNOTS('',1,(#7044,#7045),.UNSPECIFIED.,.F.,
  .F.,(2,2),(10.,22.),.PIECEWISE_BEZIER_KNOTS.);
#7044 = CARTESIAN_POINT('',(16.544406233941,1.));
#7045 = CARTESIAN_POINT('',(16.544406233941,-11.));
#7046 = ( GEOMETRIC_REPRESENTATION_CONTEXT(2) 
PARAMETRIC_REPRESENTATION_CONTEXT() REPRESENTATION_CONTEXT('2D SPACE',''
  ) );
#7047 = FACE_BOUND('',#7048,.T.);
#7048 = EDGE_LOOP('',(#7049,#7080,#7106,#7135));
#7049 = ORIENTED_EDGE('',*,*,#7050,.F.);
#7050 = EDGE_CURVE('',#7051,#7053,#7055,.T.);
#7051 = VERTEX_POINT('',#7052);
#7052 = CARTESIAN_POINT('',(63.994634981306,349.,-76.84195919944));
#7053 = VERTEX_POINT('',#7054);
#7054 = CARTESIAN_POINT('',(34.549771252635,349.,-93.84195919944));
#7055 = SURFACE_CURVE('',#7056,(#7061,#7068),.PCURVE_S1.);
#7056 = CIRCLE('',#7057,100.);
#7057 = AXIS2_PLACEMENT_3D('',#7058,#7059,#7060);
#7058 = CARTESIAN_POINT('',(0.,349.,-2.886579864025E-15));
#7059 = DIRECTION('',(0.,1.,2.22044604925E-16));
#7060 = DIRECTION('',(1.,0.,-0.));
#7061 = PCURVE('',#6689,#7062);
#7062 = DEFINITIONAL_REPRESENTATION('',(#7063),#7067);
#7063 = LINE('',#7064,#7065);
#7064 = CARTESIAN_POINT('',(0.,11.));
#7065 = VECTOR('',#7066,1.);
#7066 = DIRECTION('',(1.,0.));
#7067 = ( GEOMETRIC_REPRESENTATION_CONTEXT(2) 
PARAMETRIC_REPRESENTATION_CONTEXT() REPRESENTATION_CONTEXT('2D SPACE',''
  ) );
#7068 = PCURVE('',#7069,#7074);
#7069 = PLANE('',#7070);
#7070 = AXIS2_PLACEMENT_3D('',#7071,#7072,#7073);
#7071 = CARTESIAN_POINT('',(55.722431864335,349.,-62.51408311032));
#7072 = DIRECTION('',(0.,1.,0.));
#7073 = DIRECTION('',(0.5,0.,-0.866025403784));
#7074 = DEFINITIONAL_REPRESENTATION('',(#7075),#7079);
#7075 = CIRCLE('',#7076,100.);
#7076 = AXIS2_PLACEMENT_2D('',#7077,#7078);
#7077 = CARTESIAN_POINT('',(-82.,17.));
#7078 = DIRECTION('',(0.5,-0.866025403784));
#7079 = ( GEOMETRIC_REPRESENTATION_CONTEXT(2) 
PARAMETRIC_REPRESENTATION_CONTEXT() REPRESENTATION_CONTEXT('2D SPACE',''
  ) );
#7080 = ORIENTED_EDGE('',*,*,#7081,.T.);
#7081 = EDGE_CURVE('',#7051,#7082,#7084,.T.);
#7082 = VERTEX_POINT('',#7083);
#7083 = CARTESIAN_POINT('',(63.994634981306,359.,-76.84195919944));
#7084 = SURFACE_CURVE('',#7085,(#7089,#7095),.PCURVE_S1.);
#7085 = LINE('',#7086,#7087);
#7086 = CARTESIAN_POINT('',(63.994634981306,338.,-76.84195919944));
#7087 = VECTOR('',#7088,1.);
#7088 = DIRECTION('',(0.,1.,2.22044604925E-16));
#7089 = PCURVE('',#6689,#7090);
#7090 = DEFINITIONAL_REPRESENTATION('',(#7091),#7094);
#7091 = B_SPLINE_CURVE_WITH_KNOTS('',1,(#7092,#7093),.UNSPECIFIED.,.F.,
  .F.,(2,2),(10.,22.),.PIECEWISE_BEZIER_KNOTS.);
#7092 = CARTESIAN_POINT('',(0.876367882067,10.));
#7093 = CARTESIAN_POINT('',(0.876367882067,22.));
#7094 = ( GEOMETRIC_REPRESENTATION_CONTEXT(2) 
PARAMETRIC_REPRESENTATION_CONTEXT() REPRESENTATION_CONTEXT('2D SPACE',''
  ) );
#7095 = PCURVE('',#7096,#7101);
#7096 = PLANE('',#7097);
#7097 = AXIS2_PLACEMENT_3D('',#7098,#7099,#7100);
#7098 = CARTESIAN_POINT('',(55.722431864335,349.,-62.51408311032));
#7099 = DIRECTION('',(-0.866025403784,0.,-0.5));
#7100 = DIRECTION('',(0.5,0.,-0.866025403784));
#7101 = DEFINITIONAL_REPRESENTATION('',(#7102),#7105);
#7102 = B_SPLINE_CURVE_WITH_KNOTS('',1,(#7103,#7104),.UNSPECIFIED.,.F.,
  .F.,(2,2),(10.,22.),.PIECEWISE_BEZIER_KNOTS.);
#7103 = CARTESIAN_POINT('',(16.544406233941,1.));
#7104 = CARTESIAN_POINT('',(16.544406233941,-11.));
#7105 = ( GEOMETRIC_REPRESENTATION_CONTEXT(2) 
PARAMETRIC_REPRESENTATION_CONTEXT() REPRESENTATION_CONTEXT('2D SPACE',''
  ) );
#7106 = ORIENTED_EDGE('',*,*,#7107,.T.);
#7107 = EDGE_CURVE('',#7082,#7108,#7110,.T.);
#7108 = VERTEX_POINT('',#7109);
#7109 = CARTESIAN_POINT('',(34.549771252635,359.,-93.84195919944));
#7110 = SURFACE_CURVE('',#7111,(#7116,#7123),.PCURVE_S1.);
#7111 = CIRCLE('',#7112,100.);
#7112 = AXIS2_PLACEMENT_3D('',#7113,#7114,#7115);
#7113 = CARTESIAN_POINT('',(0.,359.,-6.661338147751E-16));
#7114 = DIRECTION('',(0.,1.,2.22044604925E-16));
#7115 = DIRECTION('',(1.,0.,-0.));
#7116 = PCURVE('',#6689,#7117);
#7117 = DEFINITIONAL_REPRESENTATION('',(#7118),#7122);
#7118 = LINE('',#7119,#7120);
#7119 = CARTESIAN_POINT('',(0.,21.));
#7120 = VECTOR('',#7121,1.);
#7121 = DIRECTION('',(1.,0.));
#7122 = ( GEOMETRIC_REPRESENTATION_CONTEXT(2) 
PARAMETRIC_REPRESENTATION_CONTEXT() REPRESENTATION_CONTEXT('2D SPACE',''
  ) );
#7123 = PCURVE('',#7124,#7129);
#7124 = PLANE('',#7125);
#7125 = AXIS2_PLACEMENT_3D('',#7126,#7127,#7128);
#7126 = CARTESIAN_POINT('',(55.722431864335,359.,-62.51408311032));
#7127 = DIRECTION('',(0.,1.,0.));
#7128 = DIRECTION('',(0.5,0.,-0.866025403784));
#7129 = DEFINITIONAL_REPRESENTATION('',(#7130),#7134);
#7130 = CIRCLE('',#7131,100.);
#7131 = AXIS2_PLACEMENT_2D('',#7132,#7133);
#7132 = CARTESIAN_POINT('',(-82.,17.));
#7133 = DIRECTION('',(0.5,-0.866025403784));
#7134 = ( GEOMETRIC_REPRESENTATION_CONTEXT(2) 
PARAMETRIC_REPRESENTATION_CONTEXT() REPRESENTATION_CONTEXT('2D SPACE',''
  ) );
#7135 = ORIENTED_EDGE('',*,*,#7136,.F.);
#7136 = EDGE_CURVE('',#7053,#7108,#7137,.T.);
#7137 = SURFACE_CURVE('',#7138,(#7142,#7148),.PCURVE_S1.);
#7138 = LINE('',#7139,#7140);
#7139 = CARTESIAN_POINT('',(34.549771252635,338.,-93.84195919944));
#7140 = VECTOR('',#7141,1.);
#7141 = DIRECTION('',(0.,1.,2.22044604925E-16));
#7142 = PCURVE('',#6689,#7143);
#7143 = DEFINITIONAL_REPRESENTATION('',(#7144),#7147);
#7144 = B_SPLINE_CURVE_WITH_KNOTS('',1,(#7145,#7146),.UNSPECIFIED.,.F.,
  .F.,(2,2),(10.,22.),.PIECEWISE_BEZIER_KNOTS.);
#7145 = CARTESIAN_POINT('',(1.218027220326,10.));
#7146 = CARTESIAN_POINT('',(1.218027220326,22.));
#7147 = ( GEOMETRIC_REPRESENTATION_CONTEXT(2) 
PARAMETRIC_REPRESENTATION_CONTEXT() REPRESENTATION_CONTEXT('2D SPACE',''
  ) );
#7148 = PCURVE('',#7149,#7154);
#7149 = PLANE('',#7150);
#7150 = AXIS2_PLACEMENT_3D('',#7151,#7152,#7153);
#7151 = CARTESIAN_POINT('',(26.277568135665,349.,-79.51408311032));
#7152 = DIRECTION('',(-0.866025403784,0.,-0.5));
#7153 = DIRECTION('',(0.5,0.,-0.866025403784));
#7154 = DEFINITIONAL_REPRESENTATION('',(#7155),#7158);
#7155 = B_SPLINE_CURVE_WITH_KNOTS('',1,(#7156,#7157),.UNSPECIFIED.,.F.,
  .F.,(2,2),(10.,22.),.PIECEWISE_BEZIER_KNOTS.);
#7156 = CARTESIAN_POINT('',(16.544406233941,1.));
#7157 = CARTESIAN_POINT('',(16.544406233941,-11.));
#7158 = ( GEOMETRIC_REPRESENTATION_CONTEXT(2) 
PARAMETRIC_REPRESENTATION_CONTEXT() REPRESENTATION_CONTEXT('2D SPACE',''
  ) );
#7159 = FACE_BOUND('',#7160,.T.);
#7160 = EDGE_LOOP('',(#7161,#7192,#7218,#7247));
#7161 = ORIENTED_EDGE('',*,*,#7162,.F.);
#7162 = EDGE_CURVE('',#7163,#7165,#7167,.T.);
#7163 = VERTEX_POINT('',#7164);
#7164 = CARTESIAN_POINT('',(17.,349.,-98.54440623394));
#7165 = VERTEX_POINT('',#7166);
#7166 = CARTESIAN_POINT('',(-17.,349.,-98.54440623394));
#7167 = SURFACE_CURVE('',#7168,(#7173,#7180),.PCURVE_S1.);
#7168 = CIRCLE('',#7169,100.);
#7169 = AXIS2_PLACEMENT_3D('',#7170,#7171,#7172);
#7170 = CARTESIAN_POINT('',(0.,349.,-2.886579864025E-15));
#7171 = DIRECTION('',(0.,1.,2.22044604925E-16));
#7172 = DIRECTION('',(1.,0.,-0.));
#7173 = PCURVE('',#6689,#7174);
#7174 = DEFINITIONAL_REPRESENTATION('',(#7175),#7179);
#7175 = LINE('',#7176,#7177);
#7176 = CARTESIAN_POINT('',(0.,11.));
#7177 = VECTOR('',#7178,1.);
#7178 = DIRECTION('',(1.,0.));
#7179 = ( GEOMETRIC_REPRESENTATION_CONTEXT(2) 
PARAMETRIC_REPRESENTATION_CONTEXT() REPRESENTATION_CONTEXT('2D SPACE',''
  ) );
#7180 = PCURVE('',#7181,#7186);
#7181 = PLANE('',#7182);
#7182 = AXIS2_PLACEMENT_3D('',#7183,#7184,#7185);
#7183 = CARTESIAN_POINT('',(17.,349.,-82.));
#7184 = DIRECTION('',(0.,1.,0.));
#7185 = DIRECTION('',(1.224646799147E-16,0.,-1.));
#7186 = DEFINITIONAL_REPRESENTATION('',(#7187),#7191);
#7187 = CIRCLE('',#7188,100.);
#7188 = AXIS2_PLACEMENT_2D('',#7189,#7190);
#7189 = CARTESIAN_POINT('',(-82.,17.));
#7190 = DIRECTION('',(1.224646799147E-16,-1.));
#7191 = ( GEOMETRIC_REPRESENTATION_CONTEXT(2) 
PARAMETRIC_REPRESENTATION_CONTEXT() REPRESENTATION_CONTEXT('2D SPACE',''
  ) );
#7192 = ORIENTED_EDGE('',*,*,#7193,.T.);
#7193 = EDGE_CURVE('',#7163,#7194,#7196,.T.);
#7194 = VERTEX_POINT('',#7195);
#7195 = CARTESIAN_POINT('',(17.,359.,-98.54440623394));
#7196 = SURFACE_CURVE('',#7197,(#7201,#7207),.PCURVE_S1.);
#7197 = LINE('',#7198,#7199);
#7198 = CARTESIAN_POINT('',(17.,338.,-98.54440623394));
#7199 = VECTOR('',#7200,1.);
#7200 = DIRECTION('',(0.,1.,2.22044604925E-16));
#7201 = PCURVE('',#6689,#7202);
#7202 = DEFINITIONAL_REPRESENTATION('',(#7203),#7206);
#7203 = B_SPLINE_CURVE_WITH_KNOTS('',1,(#7204,#7205),.UNSPECIFIED.,.F.,
  .F.,(2,2),(10.,22.),.PIECEWISE_BEZIER_KNOTS.);
#7204 = CARTESIAN_POINT('',(1.399966657666,10.));
#7205 = CARTESIAN_POINT('',(1.399966657666,22.));
#7206 = ( GEOMETRIC_REPRESENTATION_CONTEXT(2) 
PARAMETRIC_REPRESENTATION_CONTEXT() REPRESENTATION_CONTEXT('2D SPACE',''
  ) );
#7207 = PCURVE('',#7208,#7213);
#7208 = PLANE('',#7209);
#7209 = AXIS2_PLACEMENT_3D('',#7210,#7211,#7212);
#7210 = CARTESIAN_POINT('',(17.,349.,-82.));
#7211 = DIRECTION('',(-1.,0.,-1.224646799147E-16));
#7212 = DIRECTION('',(1.224646799147E-16,0.,-1.));
#7213 = DEFINITIONAL_REPRESENTATION('',(#7214),#7217);
#7214 = B_SPLINE_CURVE_WITH_KNOTS('',1,(#7215,#7216),.UNSPECIFIED.,.F.,
  .F.,(2,2),(10.,22.),.PIECEWISE_BEZIER_KNOTS.);
#7215 = CARTESIAN_POINT('',(16.544406233941,1.));
#7216 = CARTESIAN_POINT('',(16.544406233941,-11.));
#7217 = ( GEOMETRIC_REPRESENTATION_CONTEXT(2) 
PARAMETRIC_REPRESENTATION_CONTEXT() REPRESENTATION_CONTEXT('2D SPACE',''
  ) );
#7218 = ORIENTED_EDGE('',*,*,#7219,.T.);
#7219 = EDGE_CURVE('',#7194,#7220,#7222,.T.);
#7220 = VERTEX_POINT('',#7221);
#7221 = CARTESIAN_POINT('',(-17.,359.,-98.54440623394));
#7222 = SURFACE_CURVE('',#7223,(#7228,#7235),.PCURVE_S1.);
#7223 = CIRCLE('',#7224,100.);
#7224 = AXIS2_PLACEMENT_3D('',#7225,#7226,#7227);
#7225 = CARTESIAN_POINT('',(0.,359.,-6.661338147751E-16));
#7226 = DIRECTION('',(0.,1.,2.22044604925E-16));
#7227 = DIRECTION('',(1.,0.,-0.));
#7228 = PCURVE('',#6689,#7229);
#7229 = DEFINITIONAL_REPRESENTATION('',(#7230),#7234);
#7230 = LINE('',#7231,#7232);
#7231 = CARTESIAN_POINT('',(0.,21.));
#7232 = VECTOR('',#7233,1.);
#7233 = DIRECTION('',(1.,0.));
#7234 = ( GEOMETRIC_REPRESENTATION_CONTEXT(2) 
PARAMETRIC_REPRESENTATION_CONTEXT() REPRESENTATION_CONTEXT('2D SPACE',''
  ) );
#7235 = PCURVE('',#7236,#7241);
#7236 = PLANE('',#7237);
#7237 = AXIS2_PLACEMENT_3D('',#7238,#7239,#7240);
#7238 = CARTESIAN_POINT('',(17.,359.,-82.));
#7239 = DIRECTION('',(0.,1.,0.));
#7240 = DIRECTION('',(1.224646799147E-16,0.,-1.));
#7241 = DEFINITIONAL_REPRESENTATION('',(#7242),#7246);
#7242 = CIRCLE('',#7243,100.);
#7243 = AXIS2_PLACEMENT_2D('',#7244,#7245);
#7244 = CARTESIAN_POINT('',(-82.,17.));
#7245 = DIRECTION('',(1.224646799147E-16,-1.));
#7246 = ( GEOMETRIC_REPRESENTATION_CONTEXT(2) 
PARAMETRIC_REPRESENTATION_CONTEXT() REPRESENTATION_CONTEXT('2D SPACE',''
  ) );
#7247 = ORIENTED_EDGE('',*,*,#7248,.F.);
#7248 = EDGE_CURVE('',#7165,#7220,#7249,.T.);
#7249 = SURFACE_CURVE('',#7250,(#7254,#7260),.PCURVE_S1.);
#7250 = LINE('',#7251,#7252);
#7251 = CARTESIAN_POINT('',(-17.,338.,-98.54440623394));
#7252 = VECTOR('',#7253,1.);
#7253 = DIRECTION('',(0.,1.,2.22044604925E-16));
#7254 = PCURVE('',#6689,#7255);
#7255 = DEFINITIONAL_REPRESENTATION('',(#7256),#7259);
#7256 = B_SPLINE_CURVE_WITH_KNOTS('',1,(#7257,#7258),.UNSPECIFIED.,.F.,
  .F.,(2,2),(10.,22.),.PIECEWISE_BEZIER_KNOTS.);
#7257 = CARTESIAN_POINT('',(1.741625995924,10.));
#7258 = CARTESIAN_POINT('',(1.741625995924,22.));
#7259 = ( GEOMETRIC_REPRESENTATION_CONTEXT(2) 
PARAMETRIC_REPRESENTATION_CONTEXT() REPRESENTATION_CONTEXT('2D SPACE',''
  ) );
#7260 = PCURVE('',#7261,#7266);
#7261 = PLANE('',#7262);
#7262 = AXIS2_PLACEMENT_3D('',#7263,#7264,#7265);
#7263 = CARTESIAN_POINT('',(-17.,349.,-82.));
#7264 = DIRECTION('',(-1.,0.,-1.224646799147E-16));
#7265 = DIRECTION('',(1.224646799147E-16,0.,-1.));
#7266 = DEFINITIONAL_REPRESENTATION('',(#7267),#7270);
#7267 = B_SPLINE_CURVE_WITH_KNOTS('',1,(#7268,#7269),.UNSPECIFIED.,.F.,
  .F.,(2,2),(10.,22.),.PIECEWISE_BEZIER_KNOTS.);
#7268 = CARTESIAN_POINT('',(16.544406233941,1.));
#7269 = CARTESIAN_POINT('',(16.544406233941,-11.));
#7270 = ( GEOMETRIC_REPRESENTATION_CONTEXT(2) 
PARAMETRIC_REPRESENTATION_CONTEXT() REPRESENTATION_CONTEXT('2D SPACE',''
  ) );
#7271 = FACE_BOUND('',#7272,.T.);
#7272 = EDGE_LOOP('',(#7273,#7304,#7330,#7359));
#7273 = ORIENTED_EDGE('',*,*,#7274,.F.);
#7274 = EDGE_CURVE('',#7275,#7277,#7279,.T.);
#7275 = VERTEX_POINT('',#7276);
#7276 = CARTESIAN_POINT('',(-34.54977125263,349.,-93.84195919944));
#7277 = VERTEX_POINT('',#7278);
#7278 = CARTESIAN_POINT('',(-63.9946349813,349.,-76.84195919944));
#7279 = SURFACE_CURVE('',#7280,(#7285,#7292),.PCURVE_S1.);
#7280 = CIRCLE('',#7281,100.);
#7281 = AXIS2_PLACEMENT_3D('',#7282,#7283,#7284);
#7282 = CARTESIAN_POINT('',(0.,349.,-2.886579864025E-15));
#7283 = DIRECTION('',(0.,1.,2.22044604925E-16));
#7284 = DIRECTION('',(1.,0.,-0.));
#7285 = PCURVE('',#6689,#7286);
#7286 = DEFINITIONAL_REPRESENTATION('',(#7287),#7291);
#7287 = LINE('',#7288,#7289);
#7288 = CARTESIAN_POINT('',(0.,11.));
#7289 = VECTOR('',#7290,1.);
#7290 = DIRECTION('',(1.,0.));
#7291 = ( GEOMETRIC_REPRESENTATION_CONTEXT(2) 
PARAMETRIC_REPRESENTATION_CONTEXT() REPRESENTATION_CONTEXT('2D SPACE',''
  ) );
#7292 = PCURVE('',#7293,#7298);
#7293 = PLANE('',#7294);
#7294 = AXIS2_PLACEMENT_3D('',#7295,#7296,#7297);
#7295 = CARTESIAN_POINT('',(-26.27756813566,349.,-79.51408311032));
#7296 = DIRECTION('',(0.,1.,0.));
#7297 = DIRECTION('',(-0.5,0.,-0.866025403784));
#7298 = DEFINITIONAL_REPRESENTATION('',(#7299),#7303);
#7299 = CIRCLE('',#7300,100.);
#7300 = AXIS2_PLACEMENT_2D('',#7301,#7302);
#7301 = CARTESIAN_POINT('',(-82.,17.));
#7302 = DIRECTION('',(-0.5,-0.866025403784));
#7303 = ( GEOMETRIC_REPRESENTATION_CONTEXT(2) 
PARAMETRIC_REPRESENTATION_CONTEXT() REPRESENTATION_CONTEXT('2D SPACE',''
  ) );
#7304 = ORIENTED_EDGE('',*,*,#7305,.T.);
#7305 = EDGE_CURVE('',#7275,#7306,#7308,.T.);
#7306 = VERTEX_POINT('',#7307);
#7307 = CARTESIAN_POINT('',(-34.54977125263,359.,-93.84195919944));
#7308 = SURFACE_CURVE('',#7309,(#7313,#7319),.PCURVE_S1.);
#7309 = LINE('',#7310,#7311);
#7310 = CARTESIAN_POINT('',(-34.54977125263,338.,-93.84195919944));
#7311 = VECTOR('',#7312,1.);
#7312 = DIRECTION('',(0.,1.,2.22044604925E-16));
#7313 = PCURVE('',#6689,#7314);
#7314 = DEFINITIONAL_REPRESENTATION('',(#7315),#7318);
#7315 = B_SPLINE_CURVE_WITH_KNOTS('',1,(#7316,#7317),.UNSPECIFIED.,.F.,
  .F.,(2,2),(10.,22.),.PIECEWISE_BEZIER_KNOTS.);
#7316 = CARTESIAN_POINT('',(1.923565433264,10.));
#7317 = CARTESIAN_POINT('',(1.923565433264,22.));
#7318 = ( GEOMETRIC_REPRESENTATION_CONTEXT(2) 
PARAMETRIC_REPRESENTATION_CONTEXT() REPRESENTATION_CONTEXT('2D SPACE',''
  ) );
#7319 = PCURVE('',#7320,#7325);
#7320 = PLANE('',#7321);
#7321 = AXIS2_PLACEMENT_3D('',#7322,#7323,#7324);
#7322 = CARTESIAN_POINT('',(-26.27756813566,349.,-79.51408311032));
#7323 = DIRECTION('',(-0.866025403784,0.,0.5));
#7324 = DIRECTION('',(-0.5,0.,-0.866025403784));
#7325 = DEFINITIONAL_REPRESENTATION('',(#7326),#7329);
#7326 = B_SPLINE_CURVE_WITH_KNOTS('',1,(#7327,#7328),.UNSPECIFIED.,.F.,
  .F.,(2,2),(10.,22.),.PIECEWISE_BEZIER_KNOTS.);
#7327 = CARTESIAN_POINT('',(16.544406233941,1.));
#7328 = CARTESIAN_POINT('',(16.544406233941,-11.));
#7329 = ( GEOMETRIC_REPRESENTATION_CONTEXT(2) 
PARAMETRIC_REPRESENTATION_CONTEXT() REPRESENTATION_CONTEXT('2D SPACE',''
  ) );
#7330 = ORIENTED_EDGE('',*,*,#7331,.T.);
#7331 = EDGE_CURVE('',#7306,#7332,#7334,.T.);
#7332 = VERTEX_POINT('',#7333);
#7333 = CARTESIAN_POINT('',(-63.9946349813,359.,-76.84195919944));
#7334 = SURFACE_CURVE('',#7335,(#7340,#7347),.PCURVE_S1.);
#7335 = CIRCLE('',#7336,100.);
#7336 = AXIS2_PLACEMENT_3D('',#7337,#7338,#7339);
#7337 = CARTESIAN_POINT('',(0.,359.,-6.661338147751E-16));
#7338 = DIRECTION('',(0.,1.,2.22044604925E-16));
#7339 = DIRECTION('',(1.,0.,-0.));
#7340 = PCURVE('',#6689,#7341);
#7341 = DEFINITIONAL_REPRESENTATION('',(#7342),#7346);
#7342 = LINE('',#7343,#7344);
#7343 = CARTESIAN_POINT('',(0.,21.));
#7344 = VECTOR('',#7345,1.);
#7345 = DIRECTION('',(1.,0.));
#7346 = ( GEOMETRIC_REPRESENTATION_CONTEXT(2) 
PARAMETRIC_REPRESENTATION_CONTEXT() REPRESENTATION_CONTEXT('2D SPACE',''
  ) );
#7347 = PCURVE('',#7348,#7353);
#7348 = PLANE('',#7349);
#7349 = AXIS2_PLACEMENT_3D('',#7350,#7351,#7352);
#7350 = CARTESIAN_POINT('',(-26.27756813566,359.,-79.51408311032));
#7351 = DIRECTION('',(0.,1.,0.));
#7352 = DIRECTION('',(-0.5,0.,-0.866025403784));
#7353 = DEFINITIONAL_REPRESENTATION('',(#7354),#7358);
#7354 = CIRCLE('',#7355,100.);
#7355 = AXIS2_PLACEMENT_2D('',#7356,#7357);
#7356 = CARTESIAN_POINT('',(-82.,17.));
#7357 = DIRECTION('',(-0.5,-0.866025403784));
#7358 = ( GEOMETRIC_REPRESENTATION_CONTEXT(2) 
PARAMETRIC_REPRESENTATION_CONTEXT() REPRESENTATION_CONTEXT('2D SPACE',''
  ) );
#7359 = ORIENTED_EDGE('',*,*,#7360,.F.);
#7360 = EDGE_CURVE('',#7277,#7332,#7361,.T.);
#7361 = SURFACE_CURVE('',#7362,(#7366,#7372),.PCURVE_S1.);
#7362 = LINE('',#7363,#7364);
#7363 = CARTESIAN_POINT('',(-63.9946349813,338.,-76.84195919944));
#7364 = VECTOR('',#7365,1.);
#7365 = DIRECTION('',(0.,1.,2.22044604925E-16));
#7366 = PCURVE('',#6689,#7367);
#7367 = DEFINITIONAL_REPRESENTATION('',(#7368),#7371);
#7368 = B_SPLINE_CURVE_WITH_KNOTS('',1,(#7369,#7370),.UNSPECIFIED.,.F.,
  .F.,(2,2),(10.,22.),.PIECEWISE_BEZIER_KNOTS.);
#7369 = CARTESIAN_POINT('',(2.265224771522,10.));
#7370 = CARTESIAN_POINT('',(2.265224771522,22.));
#7371 = ( GEOMETRIC_REPRESENTATION_CONTEXT(2) 
PARAMETRIC_REPRESENTATION_CONTEXT() REPRESENTATION_CONTEXT('2D SPACE',''
  ) );
#7372 = PCURVE('',#7373,#7378);
#7373 = PLANE('',#7374);
#7374 = AXIS2_PLACEMENT_3D('',#7375,#7376,#7377);
#7375 = CARTESIAN_POINT('',(-55.72243186433,349.,-62.51408311032));
#7376 = DIRECTION('',(-0.866025403784,0.,0.5));
#7377 = DIRECTION('',(-0.5,0.,-0.866025403784));
#7378 = DEFINITIONAL_REPRESENTATION('',(#7379),#7382);
#7379 = B_SPLINE_CURVE_WITH_KNOTS('',1,(#7380,#7381),.UNSPECIFIED.,.F.,
  .F.,(2,2),(10.,22.),.PIECEWISE_BEZIER_KNOTS.);
#7380 = CARTESIAN_POINT('',(16.544406233941,1.));
#7381 = CARTESIAN_POINT('',(16.544406233941,-11.));
#7382 = ( GEOMETRIC_REPRESENTATION_CONTEXT(2) 
PARAMETRIC_REPRESENTATION_CONTEXT() REPRESENTATION_CONTEXT('2D SPACE',''
  ) );
#7383 = FACE_BOUND('',#7384,.T.);
#7384 = EDGE_LOOP('',(#7385,#7416,#7442,#7471));
#7385 = ORIENTED_EDGE('',*,*,#7386,.F.);
#7386 = EDGE_CURVE('',#7387,#7389,#7391,.T.);
#7387 = VERTEX_POINT('',#7388);
#7388 = CARTESIAN_POINT('',(-76.84195919944,349.,-63.9946349813));
#7389 = VERTEX_POINT('',#7390);
#7390 = CARTESIAN_POINT('',(-93.84195919944,349.,-34.54977125263));
#7391 = SURFACE_CURVE('',#7392,(#7397,#7404),.PCURVE_S1.);
#7392 = CIRCLE('',#7393,100.);
#7393 = AXIS2_PLACEMENT_3D('',#7394,#7395,#7396);
#7394 = CARTESIAN_POINT('',(0.,349.,-2.886579864025E-15));
#7395 = DIRECTION('',(0.,1.,2.22044604925E-16));
#7396 = DIRECTION('',(1.,0.,-0.));
#7397 = PCURVE('',#6689,#7398);
#7398 = DEFINITIONAL_REPRESENTATION('',(#7399),#7403);
#7399 = LINE('',#7400,#7401);
#7400 = CARTESIAN_POINT('',(0.,11.));
#7401 = VECTOR('',#7402,1.);
#7402 = DIRECTION('',(1.,0.));
#7403 = ( GEOMETRIC_REPRESENTATION_CONTEXT(2) 
PARAMETRIC_REPRESENTATION_CONTEXT() REPRESENTATION_CONTEXT('2D SPACE',''
  ) );
#7404 = PCURVE('',#7405,#7410);
#7405 = PLANE('',#7406);
#7406 = AXIS2_PLACEMENT_3D('',#7407,#7408,#7409);
#7407 = CARTESIAN_POINT('',(-62.51408311032,349.,-55.72243186433));
#7408 = DIRECTION('',(0.,1.,0.));
#7409 = DIRECTION('',(-0.866025403784,0.,-0.5));
#7410 = DEFINITIONAL_REPRESENTATION('',(#7411),#7415);
#7411 = CIRCLE('',#7412,100.);
#7412 = AXIS2_PLACEMENT_2D('',#7413,#7414);
#7413 = CARTESIAN_POINT('',(-82.,17.));
#7414 = DIRECTION('',(-0.866025403784,-0.5));
#7415 = ( GEOMETRIC_REPRESENTATION_CONTEXT(2) 
PARAMETRIC_REPRESENTATION_CONTEXT() REPRESENTATION_CONTEXT('2D SPACE',''
  ) );
#7416 = ORIENTED_EDGE('',*,*,#7417,.T.);
#7417 = EDGE_CURVE('',#7387,#7418,#7420,.T.);
#7418 = VERTEX_POINT('',#7419);
#7419 = CARTESIAN_POINT('',(-76.84195919944,359.,-63.9946349813));
#7420 = SURFACE_CURVE('',#7421,(#7425,#7431),.PCURVE_S1.);
#7421 = LINE('',#7422,#7423);
#7422 = CARTESIAN_POINT('',(-76.84195919944,338.,-63.9946349813));
#7423 = VECTOR('',#7424,1.);
#7424 = DIRECTION('',(0.,1.,2.22044604925E-16));
#7425 = PCURVE('',#6689,#7426);
#7426 = DEFINITIONAL_REPRESENTATION('',(#7427),#7430);
#7427 = B_SPLINE_CURVE_WITH_KNOTS('',1,(#7428,#7429),.UNSPECIFIED.,.F.,
  .F.,(2,2),(10.,22.),.PIECEWISE_BEZIER_KNOTS.);
#7428 = CARTESIAN_POINT('',(2.447164208862,10.));
#7429 = CARTESIAN_POINT('',(2.447164208862,22.));
#7430 = ( GEOMETRIC_REPRESENTATION_CONTEXT(2) 
PARAMETRIC_REPRESENTATION_CONTEXT() REPRESENTATION_CONTEXT('2D SPACE',''
  ) );
#7431 = PCURVE('',#7432,#7437);
#7432 = PLANE('',#7433);
#7433 = AXIS2_PLACEMENT_3D('',#7434,#7435,#7436);
#7434 = CARTESIAN_POINT('',(-62.51408311032,349.,-55.72243186433));
#7435 = DIRECTION('',(-0.5,0.,0.866025403784));
#7436 = DIRECTION('',(-0.866025403784,0.,-0.5));
#7437 = DEFINITIONAL_REPRESENTATION('',(#7438),#7441);
#7438 = B_SPLINE_CURVE_WITH_KNOTS('',1,(#7439,#7440),.UNSPECIFIED.,.F.,
  .F.,(2,2),(10.,22.),.PIECEWISE_BEZIER_KNOTS.);
#7439 = CARTESIAN_POINT('',(16.544406233941,1.));
#7440 = CARTESIAN_POINT('',(16.544406233941,-11.));
#7441 = ( GEOMETRIC_REPRESENTATION_CONTEXT(2) 
PARAMETRIC_REPRESENTATION_CONTEXT() REPRESENTATION_CONTEXT('2D SPACE',''
  ) );
#7442 = ORIENTED_EDGE('',*,*,#7443,.T.);
#7443 = EDGE_CURVE('',#7418,#7444,#7446,.T.);
#7444 = VERTEX_POINT('',#7445);
#7445 = CARTESIAN_POINT('',(-93.84195919944,359.,-34.54977125263));
#7446 = SURFACE_CURVE('',#7447,(#7452,#7459),.PCURVE_S1.);
#7447 = CIRCLE('',#7448,100.);
#7448 = AXIS2_PLACEMENT_3D('',#7449,#7450,#7451);
#7449 = CARTESIAN_POINT('',(0.,359.,-6.661338147751E-16));
#7450 = DIRECTION('',(0.,1.,2.22044604925E-16));
#7451 = DIRECTION('',(1.,0.,-0.));
#7452 = PCURVE('',#6689,#7453);
#7453 = DEFINITIONAL_REPRESENTATION('',(#7454),#7458);
#7454 = LINE('',#7455,#7456);
#7455 = CARTESIAN_POINT('',(0.,21.));
#7456 = VECTOR('',#7457,1.);
#7457 = DIRECTION('',(1.,0.));
#7458 = ( GEOMETRIC_REPRESENTATION_CONTEXT(2) 
PARAMETRIC_REPRESENTATION_CONTEXT() REPRESENTATION_CONTEXT('2D SPACE',''
  ) );
#7459 = PCURVE('',#7460,#7465);
#7460 = PLANE('',#7461);
#7461 = AXIS2_PLACEMENT_3D('',#7462,#7463,#7464);
#7462 = CARTESIAN_POINT('',(-62.51408311032,359.,-55.72243186433));
#7463 = DIRECTION('',(0.,1.,0.));
#7464 = DIRECTION('',(-0.866025403784,0.,-0.5));
#7465 = DEFINITIONAL_REPRESENTATION('',(#7466),#7470);
#7466 = CIRCLE('',#7467,100.);
#7467 = AXIS2_PLACEMENT_2D('',#7468,#7469);
#7468 = CARTESIAN_POINT('',(-82.,17.));
#7469 = DIRECTION('',(-0.866025403784,-0.5));
#7470 = ( GEOMETRIC_REPRESENTATION_CONTEXT(2) 
PARAMETRIC_REPRESENTATION_CONTEXT() REPRESENTATION_CONTEXT('2D SPACE',''
  ) );
#7471 = ORIENTED_EDGE('',*,*,#7472,.F.);
#7472 = EDGE_CURVE('',#7389,#7444,#7473,.T.);
#7473 = SURFACE_CURVE('',#7474,(#7478,#7484),.PCURVE_S1.);
#7474 = LINE('',#7475,#7476);
#7475 = CARTESIAN_POINT('',(-93.84195919944,338.,-34.54977125263));
#7476 = VECTOR('',#7477,1.);
#7477 = DIRECTION('',(0.,1.,2.22044604925E-16));
#7478 = PCURVE('',#6689,#7479);
#7479 = DEFINITIONAL_REPRESENTATION('',(#7480),#7483);
#7480 = B_SPLINE_CURVE_WITH_KNOTS('',1,(#7481,#7482),.UNSPECIFIED.,.F.,
  .F.,(2,2),(10.,22.),.PIECEWISE_BEZIER_KNOTS.);
#7481 = CARTESIAN_POINT('',(2.788823547121,10.));
#7482 = CARTESIAN_POINT('',(2.788823547121,22.));
#7483 = ( GEOMETRIC_REPRESENTATION_CONTEXT(2) 
PARAMETRIC_REPRESENTATION_CONTEXT() REPRESENTATION_CONTEXT('2D SPACE',''
  ) );
#7484 = PCURVE('',#7485,#7490);
#7485 = PLANE('',#7486);
#7486 = AXIS2_PLACEMENT_3D('',#7487,#7488,#7489);
#7487 = CARTESIAN_POINT('',(-79.51408311032,349.,-26.27756813566));
#7488 = DIRECTION('',(-0.5,0.,0.866025403784));
#7489 = DIRECTION('',(-0.866025403784,0.,-0.5));
#7490 = DEFINITIONAL_REPRESENTATION('',(#7491),#7494);
#7491 = B_SPLINE_CURVE_WITH_KNOTS('',1,(#7492,#7493),.UNSPECIFIED.,.F.,
  .F.,(2,2),(10.,22.),.PIECEWISE_BEZIER_KNOTS.);
#7492 = CARTESIAN_POINT('',(16.544406233941,1.));
#7493 = CARTESIAN_POINT('',(16.544406233941,-11.));
#7494 = ( GEOMETRIC_REPRESENTATION_CONTEXT(2) 
PARAMETRIC_REPRESENTATION_CONTEXT() REPRESENTATION_CONTEXT('2D SPACE',''
  ) );
#7495 = FACE_BOUND('',#7496,.T.);
#7496 = EDGE_LOOP('',(#7497,#7528,#7554,#7583));
#7497 = ORIENTED_EDGE('',*,*,#7498,.F.);
#7498 = EDGE_CURVE('',#7499,#7501,#7503,.T.);
#7499 = VERTEX_POINT('',#7500);
#7500 = CARTESIAN_POINT('',(-98.54440623394,349.,-17.));
#7501 = VERTEX_POINT('',#7502);
#7502 = CARTESIAN_POINT('',(-98.54440623394,349.,17.));
#7503 = SURFACE_CURVE('',#7504,(#7509,#7516),.PCURVE_S1.);
#7504 = CIRCLE('',#7505,100.);
#7505 = AXIS2_PLACEMENT_3D('',#7506,#7507,#7508);
#7506 = CARTESIAN_POINT('',(0.,349.,-2.886579864025E-15));
#7507 = DIRECTION('',(0.,1.,2.22044604925E-16));
#7508 = DIRECTION('',(1.,0.,-0.));
#7509 = PCURVE('',#6689,#7510);
#7510 = DEFINITIONAL_REPRESENTATION('',(#7511),#7515);
#7511 = LINE('',#7512,#7513);
#7512 = CARTESIAN_POINT('',(0.,11.));
#7513 = VECTOR('',#7514,1.);
#7514 = DIRECTION('',(1.,0.));
#7515 = ( GEOMETRIC_REPRESENTATION_CONTEXT(2) 
PARAMETRIC_REPRESENTATION_CONTEXT() REPRESENTATION_CONTEXT('2D SPACE',''
  ) );
#7516 = PCURVE('',#7517,#7522);
#7517 = PLANE('',#7518);
#7518 = AXIS2_PLACEMENT_3D('',#7519,#7520,#7521);
#7519 = CARTESIAN_POINT('',(-82.,349.,-17.));
#7520 = DIRECTION('',(0.,1.,0.));
#7521 = DIRECTION('',(-1.,0.,-2.22044604925E-16));
#7522 = DEFINITIONAL_REPRESENTATION('',(#7523),#7527);
#7523 = CIRCLE('',#7524,100.);
#7524 = AXIS2_PLACEMENT_2D('',#7525,#7526);
#7525 = CARTESIAN_POINT('',(-82.,17.));
#7526 = DIRECTION('',(-1.,-2.22044604925E-16));
#7527 = ( GEOMETRIC_REPRESENTATION_CONTEXT(2) 
PARAMETRIC_REPRESENTATION_CONTEXT() REPRESENTATION_CONTEXT('2D SPACE',''
  ) );
#7528 = ORIENTED_EDGE('',*,*,#7529,.T.);
#7529 = EDGE_CURVE('',#7499,#7530,#7532,.T.);
#7530 = VERTEX_POINT('',#7531);
#7531 = CARTESIAN_POINT('',(-98.54440623394,359.,-17.));
#7532 = SURFACE_CURVE('',#7533,(#7537,#7543),.PCURVE_S1.);
#7533 = LINE('',#7534,#7535);
#7534 = CARTESIAN_POINT('',(-98.54440623394,338.,-17.));
#7535 = VECTOR('',#7536,1.);
#7536 = DIRECTION('',(0.,1.,2.22044604925E-16));
#7537 = PCURVE('',#6689,#7538);
#7538 = DEFINITIONAL_REPRESENTATION('',(#7539),#7542);
#7539 = B_SPLINE_CURVE_WITH_KNOTS('',1,(#7540,#7541),.UNSPECIFIED.,.F.,
  .F.,(2,2),(10.,22.),.PIECEWISE_BEZIER_KNOTS.);
#7540 = CARTESIAN_POINT('',(2.970762984461,10.));
#7541 = CARTESIAN_POINT('',(2.970762984461,22.));
#7542 = ( GEOMETRIC_REPRESENTATION_CONTEXT(2) 
PARAMETRIC_REPRESENTATION_CONTEXT() REPRESENTATION_CONTEXT('2D SPACE',''
  ) );
#7543 = PCURVE('',#7544,#7549);
#7544 = PLANE('',#7545);
#7545 = AXIS2_PLACEMENT_3D('',#7546,#7547,#7548);
#7546 = CARTESIAN_POINT('',(-82.,349.,-17.));
#7547 = DIRECTION('',(-2.22044604925E-16,0.,1.));
#7548 = DIRECTION('',(-1.,0.,-2.22044604925E-16));
#7549 = DEFINITIONAL_REPRESENTATION('',(#7550),#7553);
#7550 = B_SPLINE_CURVE_WITH_KNOTS('',1,(#7551,#7552),.UNSPECIFIED.,.F.,
  .F.,(2,2),(10.,22.),.PIECEWISE_BEZIER_KNOTS.);
#7551 = CARTESIAN_POINT('',(16.544406233941,1.));
#7552 = CARTESIAN_POINT('',(16.544406233941,-11.));
#7553 = ( GEOMETRIC_REPRESENTATION_CONTEXT(2) 
PARAMETRIC_REPRESENTATION_CONTEXT() REPRESENTATION_CONTEXT('2D SPACE',''
  ) );
#7554 = ORIENTED_EDGE('',*,*,#7555,.T.);
#7555 = EDGE_CURVE('',#7530,#7556,#7558,.T.);
#7556 = VERTEX_POINT('',#7557);
#7557 = CARTESIAN_POINT('',(-98.54440623394,359.,17.));
#7558 = SURFACE_CURVE('',#7559,(#7564,#7571),.PCURVE_S1.);
#7559 = CIRCLE('',#7560,100.);
#7560 = AXIS2_PLACEMENT_3D('',#7561,#7562,#7563);
#7561 = CARTESIAN_POINT('',(0.,359.,-6.661338147751E-16));
#7562 = DIRECTION('',(0.,1.,2.22044604925E-16));
#7563 = DIRECTION('',(1.,0.,-0.));
#7564 = PCURVE('',#6689,#7565);
#7565 = DEFINITIONAL_REPRESENTATION('',(#7566),#7570);
#7566 = LINE('',#7567,#7568);
#7567 = CARTESIAN_POINT('',(0.,21.));
#7568 = VECTOR('',#7569,1.);
#7569 = DIRECTION('',(1.,0.));
#7570 = ( GEOMETRIC_REPRESENTATION_CONTEXT(2) 
PARAMETRIC_REPRESENTATION_CONTEXT() REPRESENTATION_CONTEXT('2D SPACE',''
  ) );
#7571 = PCURVE('',#7572,#7577);
#7572 = PLANE('',#7573);
#7573 = AXIS2_PLACEMENT_3D('',#7574,#7575,#7576);
#7574 = CARTESIAN_POINT('',(-82.,359.,-17.));
#7575 = DIRECTION('',(0.,1.,0.));
#7576 = DIRECTION('',(-1.,0.,-2.22044604925E-16));
#7577 = DEFINITIONAL_REPRESENTATION('',(#7578),#7582);
#7578 = CIRCLE('',#7579,100.);
#7579 = AXIS2_PLACEMENT_2D('',#7580,#7581);
#7580 = CARTESIAN_POINT('',(-82.,17.));
#7581 = DIRECTION('',(-1.,-2.22044604925E-16));
#7582 = ( GEOMETRIC_REPRESENTATION_CONTEXT(2) 
PARAMETRIC_REPRESENTATION_CONTEXT() REPRESENTATION_CONTEXT('2D SPACE',''
  ) );
#7583 = ORIENTED_EDGE('',*,*,#7584,.F.);
#7584 = EDGE_CURVE('',#7501,#7556,#7585,.T.);
#7585 = SURFACE_CURVE('',#7586,(#7590,#7596),.PCURVE_S1.);
#7586 = LINE('',#7587,#7588);
#7587 = CARTESIAN_POINT('',(-98.54440623394,338.,17.));
#7588 = VECTOR('',#7589,1.);
#7589 = DIRECTION('',(0.,1.,2.22044604925E-16));
#7590 = PCURVE('',#6689,#7591);
#7591 = DEFINITIONAL_REPRESENTATION('',(#7592),#7595);
#7592 = B_SPLINE_CURVE_WITH_KNOTS('',1,(#7593,#7594),.UNSPECIFIED.,.F.,
  .F.,(2,2),(10.,22.),.PIECEWISE_BEZIER_KNOTS.);
#7593 = CARTESIAN_POINT('',(3.312422322719,10.));
#7594 = CARTESIAN_POINT('',(3.312422322719,22.));
#7595 = ( GEOMETRIC_REPRESENTATION_CONTEXT(2) 
PARAMETRIC_REPRESENTATION_CONTEXT() REPRESENTATION_CONTEXT('2D SPACE',''
  ) );
#7596 = PCURVE('',#7597,#7602);
#7597 = PLANE('',#7598);
#7598 = AXIS2_PLACEMENT_3D('',#7599,#7600,#7601);
#7599 = CARTESIAN_POINT('',(-82.,349.,17.));
#7600 = DIRECTION('',(-2.22044604925E-16,0.,1.));
#7601 = DIRECTION('',(-1.,0.,-2.22044604925E-16));
#7602 = DEFINITIONAL_REPRESENTATION('',(#7603),#7606);
#7603 = B_SPLINE_CURVE_WITH_KNOTS('',1,(#7604,#7605),.UNSPECIFIED.,.F.,
  .F.,(2,2),(10.,22.),.PIECEWISE_BEZIER_KNOTS.);
#7604 = CARTESIAN_POINT('',(16.544406233941,1.));
#7605 = CARTESIAN_POINT('',(16.544406233941,-11.));
#7606 = ( GEOMETRIC_REPRESENTATION_CONTEXT(2) 
PARAMETRIC_REPRESENTATION_CONTEXT() REPRESENTATION_CONTEXT('2D SPACE',''
  ) );
#7607 = FACE_BOUND('',#7608,.T.);
#7608 = EDGE_LOOP('',(#7609,#7640,#7666,#7695));
#7609 = ORIENTED_EDGE('',*,*,#7610,.F.);
#7610 = EDGE_CURVE('',#7611,#7613,#7615,.T.);
#7611 = VERTEX_POINT('',#7612);
#7612 = CARTESIAN_POINT('',(-93.84195919944,349.,34.549771252635));
#7613 = VERTEX_POINT('',#7614);
#7614 = CARTESIAN_POINT('',(-76.84195919944,349.,63.994634981306));
#7615 = SURFACE_CURVE('',#7616,(#7621,#7628),.PCURVE_S1.);
#7616 = CIRCLE('',#7617,100.);
#7617 = AXIS2_PLACEMENT_3D('',#7618,#7619,#7620);
#7618 = CARTESIAN_POINT('',(0.,349.,-2.886579864025E-15));
#7619 = DIRECTION('',(0.,1.,2.22044604925E-16));
#7620 = DIRECTION('',(1.,0.,-0.));
#7621 = PCURVE('',#6689,#7622);
#7622 = DEFINITIONAL_REPRESENTATION('',(#7623),#7627);
#7623 = LINE('',#7624,#7625);
#7624 = CARTESIAN_POINT('',(0.,11.));
#7625 = VECTOR('',#7626,1.);
#7626 = DIRECTION('',(1.,0.));
#7627 = ( GEOMETRIC_REPRESENTATION_CONTEXT(2) 
PARAMETRIC_REPRESENTATION_CONTEXT() REPRESENTATION_CONTEXT('2D SPACE',''
  ) );
#7628 = PCURVE('',#7629,#7634);
#7629 = PLANE('',#7630);
#7630 = AXIS2_PLACEMENT_3D('',#7631,#7632,#7633);
#7631 = CARTESIAN_POINT('',(-79.51408311032,349.,26.277568135665));
#7632 = DIRECTION('',(0.,1.,0.));
#7633 = DIRECTION('',(-0.866025403784,0.,0.5));
#7634 = DEFINITIONAL_REPRESENTATION('',(#7635),#7639);
#7635 = CIRCLE('',#7636,100.);
#7636 = AXIS2_PLACEMENT_2D('',#7637,#7638);
#7637 = CARTESIAN_POINT('',(-82.,17.));
#7638 = DIRECTION('',(-0.866025403784,0.5));
#7639 = ( GEOMETRIC_REPRESENTATION_CONTEXT(2) 
PARAMETRIC_REPRESENTATION_CONTEXT() REPRESENTATION_CONTEXT('2D SPACE',''
  ) );
#7640 = ORIENTED_EDGE('',*,*,#7641,.T.);
#7641 = EDGE_CURVE('',#7611,#7642,#7644,.T.);
#7642 = VERTEX_POINT('',#7643);
#7643 = CARTESIAN_POINT('',(-93.84195919944,359.,34.549771252635));
#7644 = SURFACE_CURVE('',#7645,(#7649,#7655),.PCURVE_S1.);
#7645 = LINE('',#7646,#7647);
#7646 = CARTESIAN_POINT('',(-93.84195919944,338.,34.549771252635));
#7647 = VECTOR('',#7648,1.);
#7648 = DIRECTION('',(0.,1.,2.22044604925E-16));
#7649 = PCURVE('',#6689,#7650);
#7650 = DEFINITIONAL_REPRESENTATION('',(#7651),#7654);
#7651 = B_SPLINE_CURVE_WITH_KNOTS('',1,(#7652,#7653),.UNSPECIFIED.,.F.,
  .F.,(2,2),(10.,22.),.PIECEWISE_BEZIER_KNOTS.);
#7652 = CARTESIAN_POINT('',(3.494361760059,10.));
#7653 = CARTESIAN_POINT('',(3.494361760059,22.));
#7654 = ( GEOMETRIC_REPRESENTATION_CONTEXT(2) 
PARAMETRIC_REPRESENTATION_CONTEXT() REPRESENTATION_CONTEXT('2D SPACE',''
  ) );
#7655 = PCURVE('',#7656,#7661);
#7656 = PLANE('',#7657);
#7657 = AXIS2_PLACEMENT_3D('',#7658,#7659,#7660);
#7658 = CARTESIAN_POINT('',(-79.51408311032,349.,26.277568135665));
#7659 = DIRECTION('',(0.5,0.,0.866025403784));
#7660 = DIRECTION('',(-0.866025403784,0.,0.5));
#7661 = DEFINITIONAL_REPRESENTATION('',(#7662),#7665);
#7662 = B_SPLINE_CURVE_WITH_KNOTS('',1,(#7663,#7664),.UNSPECIFIED.,.F.,
  .F.,(2,2),(10.,22.),.PIECEWISE_BEZIER_KNOTS.);
#7663 = CARTESIAN_POINT('',(16.544406233941,1.));
#7664 = CARTESIAN_POINT('',(16.544406233941,-11.));
#7665 = ( GEOMETRIC_REPRESENTATION_CONTEXT(2) 
PARAMETRIC_REPRESENTATION_CONTEXT() REPRESENTATION_CONTEXT('2D SPACE',''
  ) );
#7666 = ORIENTED_EDGE('',*,*,#7667,.T.);
#7667 = EDGE_CURVE('',#7642,#7668,#7670,.T.);
#7668 = VERTEX_POINT('',#7669);
#7669 = CARTESIAN_POINT('',(-76.84195919944,359.,63.994634981306));
#7670 = SURFACE_CURVE('',#7671,(#7676,#7683),.PCURVE_S1.);
#7671 = CIRCLE('',#7672,100.);
#7672 = AXIS2_PLACEMENT_3D('',#7673,#7674,#7675);
#7673 = CARTESIAN_POINT('',(0.,359.,-6.661338147751E-16));
#7674 = DIRECTION('',(0.,1.,2.22044604925E-16));
#7675 = DIRECTION('',(1.,0.,-0.));
#7676 = PCURVE('',#6689,#7677);
#7677 = DEFINITIONAL_REPRESENTATION('',(#7678),#7682);
#7678 = LINE('',#7679,#7680);
#7679 = CARTESIAN_POINT('',(0.,21.));
#7680 = VECTOR('',#7681,1.);
#7681 = DIRECTION('',(1.,0.));
#7682 = ( GEOMETRIC_REPRESENTATION_CONTEXT(2) 
PARAMETRIC_REPRESENTATION_CONTEXT() REPRESENTATION_CONTEXT('2D SPACE',''
  ) );
#7683 = PCURVE('',#7684,#7689);
#7684 = PLANE('',#7685);
#7685 = AXIS2_PLACEMENT_3D('',#7686,#7687,#7688);
#7686 = CARTESIAN_POINT('',(-79.51408311032,359.,26.277568135665));
#7687 = DIRECTION('',(0.,1.,0.));
#7688 = DIRECTION('',(-0.866025403784,0.,0.5));
#7689 = DEFINITIONAL_REPRESENTATION('',(#7690),#7694);
#7690 = CIRCLE('',#7691,100.);
#7691 = AXIS2_PLACEMENT_2D('',#7692,#7693);
#7692 = CARTESIAN_POINT('',(-82.,17.));
#7693 = DIRECTION('',(-0.866025403784,0.5));
#7694 = ( GEOMETRIC_REPRESENTATION_CONTEXT(2) 
PARAMETRIC_REPRESENTATION_CONTEXT() REPRESENTATION_CONTEXT('2D SPACE',''
  ) );
#7695 = ORIENTED_EDGE('',*,*,#7696,.F.);
#7696 = EDGE_CURVE('',#7613,#7668,#7697,.T.);
#7697 = SURFACE_CURVE('',#7698,(#7702,#7708),.PCURVE_S1.);
#7698 = LINE('',#7699,#7700);
#7699 = CARTESIAN_POINT('',(-76.84195919944,338.,63.994634981306));
#7700 = VECTOR('',#7701,1.);
#7701 = DIRECTION('',(0.,1.,2.22044604925E-16));
#7702 = PCURVE('',#6689,#7703);
#7703 = DEFINITIONAL_REPRESENTATION('',(#7704),#7707);
#7704 = B_SPLINE_CURVE_WITH_KNOTS('',1,(#7705,#7706),.UNSPECIFIED.,.F.,
  .F.,(2,2),(10.,22.),.PIECEWISE_BEZIER_KNOTS.);
#7705 = CARTESIAN_POINT('',(3.836021098317,10.));
#7706 = CARTESIAN_POINT('',(3.836021098317,22.));
#7707 = ( GEOMETRIC_REPRESENTATION_CONTEXT(2) 
PARAMETRIC_REPRESENTATION_CONTEXT() REPRESENTATION_CONTEXT('2D SPACE',''
  ) );
#7708 = PCURVE('',#7709,#7714);
#7709 = PLANE('',#7710);
#7710 = AXIS2_PLACEMENT_3D('',#7711,#7712,#7713);
#7711 = CARTESIAN_POINT('',(-62.51408311032,349.,55.722431864335));
#7712 = DIRECTION('',(0.5,0.,0.866025403784));
#7713 = DIRECTION('',(-0.866025403784,0.,0.5));
#7714 = DEFINITIONAL_REPRESENTATION('',(#7715),#7718);
#7715 = B_SPLINE_CURVE_WITH_KNOTS('',1,(#7716,#7717),.UNSPECIFIED.,.F.,
  .F.,(2,2),(10.,22.),.PIECEWISE_BEZIER_KNOTS.);
#7716 = CARTESIAN_POINT('',(16.544406233941,1.));
#7717 = CARTESIAN_POINT('',(16.544406233941,-11.));
#7718 = ( GEOMETRIC_REPRESENTATION_CONTEXT(2) 
PARAMETRIC_REPRESENTATION_CONTEXT() REPRESENTATION_CONTEXT('2D SPACE',''
  ) );
#7719 = FACE_BOUND('',#7720,.T.);
#7720 = EDGE_LOOP('',(#7721,#7752,#7778,#7807));
#7721 = ORIENTED_EDGE('',*,*,#7722,.F.);
#7722 = EDGE_CURVE('',#7723,#7725,#7727,.T.);
#7723 = VERTEX_POINT('',#7724);
#7724 = CARTESIAN_POINT('',(-63.9946349813,349.,76.841959199447));
#7725 = VERTEX_POINT('',#7726);
#7726 = CARTESIAN_POINT('',(-34.54977125263,349.,93.841959199447));
#7727 = SURFACE_CURVE('',#7728,(#7733,#7740),.PCURVE_S1.);
#7728 = CIRCLE('',#7729,100.);
#7729 = AXIS2_PLACEMENT_3D('',#7730,#7731,#7732);
#7730 = CARTESIAN_POINT('',(0.,349.,-2.886579864025E-15));
#7731 = DIRECTION('',(0.,1.,2.22044604925E-16));
#7732 = DIRECTION('',(1.,0.,-0.));
#7733 = PCURVE('',#6689,#7734);
#7734 = DEFINITIONAL_REPRESENTATION('',(#7735),#7739);
#7735 = LINE('',#7736,#7737);
#7736 = CARTESIAN_POINT('',(0.,11.));
#7737 = VECTOR('',#7738,1.);
#7738 = DIRECTION('',(1.,0.));
#7739 = ( GEOMETRIC_REPRESENTATION_CONTEXT(2) 
PARAMETRIC_REPRESENTATION_CONTEXT() REPRESENTATION_CONTEXT('2D SPACE',''
  ) );
#7740 = PCURVE('',#7741,#7746);
#7741 = PLANE('',#7742);
#7742 = AXIS2_PLACEMENT_3D('',#7743,#7744,#7745);
#7743 = CARTESIAN_POINT('',(-55.72243186433,349.,62.514083110324));
#7744 = DIRECTION('',(0.,1.,0.));
#7745 = DIRECTION('',(-0.5,0.,0.866025403784));
#7746 = DEFINITIONAL_REPRESENTATION('',(#7747),#7751);
#7747 = CIRCLE('',#7748,100.);
#7748 = AXIS2_PLACEMENT_2D('',#7749,#7750);
#7749 = CARTESIAN_POINT('',(-82.,17.));
#7750 = DIRECTION('',(-0.5,0.866025403784));
#7751 = ( GEOMETRIC_REPRESENTATION_CONTEXT(2) 
PARAMETRIC_REPRESENTATION_CONTEXT() REPRESENTATION_CONTEXT('2D SPACE',''
  ) );
#7752 = ORIENTED_EDGE('',*,*,#7753,.T.);
#7753 = EDGE_CURVE('',#7723,#7754,#7756,.T.);
#7754 = VERTEX_POINT('',#7755);
#7755 = CARTESIAN_POINT('',(-63.9946349813,359.,76.841959199447));
#7756 = SURFACE_CURVE('',#7757,(#7761,#7767),.PCURVE_S1.);
#7757 = LINE('',#7758,#7759);
#7758 = CARTESIAN_POINT('',(-63.9946349813,338.,76.841959199447));
#7759 = VECTOR('',#7760,1.);
#7760 = DIRECTION('',(0.,1.,2.22044604925E-16));
#7761 = PCURVE('',#6689,#7762);
#7762 = DEFINITIONAL_REPRESENTATION('',(#7763),#7766);
#7763 = B_SPLINE_CURVE_WITH_KNOTS('',1,(#7764,#7765),.UNSPECIFIED.,.F.,
  .F.,(2,2),(10.,22.),.PIECEWISE_BEZIER_KNOTS.);
#7764 = CARTESIAN_POINT('',(4.017960535657,10.));
#7765 = CARTESIAN_POINT('',(4.017960535657,22.));
#7766 = ( GEOMETRIC_REPRESENTATION_CONTEXT(2) 
PARAMETRIC_REPRESENTATION_CONTEXT() REPRESENTATION_CONTEXT('2D SPACE',''
  ) );
#7767 = PCURVE('',#7768,#7773);
#7768 = PLANE('',#7769);
#7769 = AXIS2_PLACEMENT_3D('',#7770,#7771,#7772);
#7770 = CARTESIAN_POINT('',(-55.72243186433,349.,62.514083110324));
#7771 = DIRECTION('',(0.866025403784,0.,0.5));
#7772 = DIRECTION('',(-0.5,0.,0.866025403784));
#7773 = DEFINITIONAL_REPRESENTATION('',(#7774),#7777);
#7774 = B_SPLINE_CURVE_WITH_KNOTS('',1,(#7775,#7776),.UNSPECIFIED.,.F.,
  .F.,(2,2),(10.,22.),.PIECEWISE_BEZIER_KNOTS.);
#7775 = CARTESIAN_POINT('',(16.544406233941,1.));
#7776 = CARTESIAN_POINT('',(16.544406233941,-11.));
#7777 = ( GEOMETRIC_REPRESENTATION_CONTEXT(2) 
PARAMETRIC_REPRESENTATION_CONTEXT() REPRESENTATION_CONTEXT('2D SPACE',''
  ) );
#7778 = ORIENTED_EDGE('',*,*,#7779,.T.);
#7779 = EDGE_CURVE('',#7754,#7780,#7782,.T.);
#7780 = VERTEX_POINT('',#7781);
#7781 = CARTESIAN_POINT('',(-34.54977125263,359.,93.841959199447));
#7782 = SURFACE_CURVE('',#7783,(#7788,#7795),.PCURVE_S1.);
#7783 = CIRCLE('',#7784,100.);
#7784 = AXIS2_PLACEMENT_3D('',#7785,#7786,#7787);
#7785 = CARTESIAN_POINT('',(0.,359.,-6.661338147751E-16));
#7786 = DIRECTION('',(0.,1.,2.22044604925E-16));
#7787 = DIRECTION('',(1.,0.,-0.));
#7788 = PCURVE('',#6689,#7789);
#7789 = DEFINITIONAL_REPRESENTATION('',(#7790),#7794);
#7790 = LINE('',#7791,#7792);
#7791 = CARTESIAN_POINT('',(0.,21.));
#7792 = VECTOR('',#7793,1.);
#7793 = DIRECTION('',(1.,0.));
#7794 = ( GEOMETRIC_REPRESENTATION_CONTEXT(2) 
PARAMETRIC_REPRESENTATION_CONTEXT() REPRESENTATION_CONTEXT('2D SPACE',''
  ) );
#7795 = PCURVE('',#7796,#7801);
#7796 = PLANE('',#7797);
#7797 = AXIS2_PLACEMENT_3D('',#7798,#7799,#7800);
#7798 = CARTESIAN_POINT('',(-55.72243186433,359.,62.514083110324));
#7799 = DIRECTION('',(0.,1.,0.));
#7800 = DIRECTION('',(-0.5,0.,0.866025403784));
#7801 = DEFINITIONAL_REPRESENTATION('',(#7802),#7806);
#7802 = CIRCLE('',#7803,100.);
#7803 = AXIS2_PLACEMENT_2D('',#7804,#7805);
#7804 = CARTESIAN_POINT('',(-82.,17.));
#7805 = DIRECTION('',(-0.5,0.866025403784));
#7806 = ( GEOMETRIC_REPRESENTATION_CONTEXT(2) 
PARAMETRIC_REPRESENTATION_CONTEXT() REPRESENTATION_CONTEXT('2D SPACE',''
  ) );
#7807 = ORIENTED_EDGE('',*,*,#7808,.F.);
#7808 = EDGE_CURVE('',#7725,#7780,#7809,.T.);
#7809 = SURFACE_CURVE('',#7810,(#7814,#7820),.PCURVE_S1.);
#7810 = LINE('',#7811,#7812);
#7811 = CARTESIAN_POINT('',(-34.54977125263,338.,93.841959199447));
#7812 = VECTOR('',#7813,1.);
#7813 = DIRECTION('',(0.,1.,2.22044604925E-16));
#7814 = PCURVE('',#6689,#7815);
#7815 = DEFINITIONAL_REPRESENTATION('',(#7816),#7819);
#7816 = B_SPLINE_CURVE_WITH_KNOTS('',1,(#7817,#7818),.UNSPECIFIED.,.F.,
  .F.,(2,2),(10.,22.),.PIECEWISE_BEZIER_KNOTS.);
#7817 = CARTESIAN_POINT('',(4.359619873915,10.));
#7818 = CARTESIAN_POINT('',(4.359619873915,22.));
#7819 = ( GEOMETRIC_REPRESENTATION_CONTEXT(2) 
PARAMETRIC_REPRESENTATION_CONTEXT() REPRESENTATION_CONTEXT('2D SPACE',''
  ) );
#7820 = PCURVE('',#7821,#7826);
#7821 = PLANE('',#7822);
#7822 = AXIS2_PLACEMENT_3D('',#7823,#7824,#7825);
#7823 = CARTESIAN_POINT('',(-26.27756813566,349.,79.514083110324));
#7824 = DIRECTION('',(0.866025403784,0.,0.5));
#7825 = DIRECTION('',(-0.5,0.,0.866025403784));
#7826 = DEFINITIONAL_REPRESENTATION('',(#7827),#7830);
#7827 = B_SPLINE_CURVE_WITH_KNOTS('',1,(#7828,#7829),.UNSPECIFIED.,.F.,
  .F.,(2,2),(10.,22.),.PIECEWISE_BEZIER_KNOTS.);
#7828 = CARTESIAN_POINT('',(16.544406233941,1.));
#7829 = CARTESIAN_POINT('',(16.544406233941,-11.));
#7830 = ( GEOMETRIC_REPRESENTATION_CONTEXT(2) 
PARAMETRIC_REPRESENTATION_CONTEXT() REPRESENTATION_CONTEXT('2D SPACE',''
  ) );
#7831 = FACE_BOUND('',#7832,.T.);
#7832 = EDGE_LOOP('',(#7833,#7864,#7890,#7919));
#7833 = ORIENTED_EDGE('',*,*,#7834,.F.);
#7834 = EDGE_CURVE('',#7835,#7837,#7839,.T.);
#7835 = VERTEX_POINT('',#7836);
#7836 = CARTESIAN_POINT('',(-17.,349.,98.544406233941));
#7837 = VERTEX_POINT('',#7838);
#7838 = CARTESIAN_POINT('',(17.,349.,98.544406233941));
#7839 = SURFACE_CURVE('',#7840,(#7845,#7852),.PCURVE_S1.);
#7840 = CIRCLE('',#7841,100.);
#7841 = AXIS2_PLACEMENT_3D('',#7842,#7843,#7844);
#7842 = CARTESIAN_POINT('',(0.,349.,-2.886579864025E-15));
#7843 = DIRECTION('',(0.,1.,2.22044604925E-16));
#7844 = DIRECTION('',(1.,0.,-0.));
#7845 = PCURVE('',#6689,#7846);
#7846 = DEFINITIONAL_REPRESENTATION('',(#7847),#7851);
#7847 = LINE('',#7848,#7849);
#7848 = CARTESIAN_POINT('',(0.,11.));
#7849 = VECTOR('',#7850,1.);
#7850 = DIRECTION('',(1.,0.));
#7851 = ( GEOMETRIC_REPRESENTATION_CONTEXT(2) 
PARAMETRIC_REPRESENTATION_CONTEXT() REPRESENTATION_CONTEXT('2D SPACE',''
  ) );
#7852 = PCURVE('',#7853,#7858);
#7853 = PLANE('',#7854);
#7854 = AXIS2_PLACEMENT_3D('',#7855,#7856,#7857);
#7855 = CARTESIAN_POINT('',(-17.,349.,82.));
#7856 = DIRECTION('',(0.,1.,0.));
#7857 = DIRECTION('',(0.,0.,1.));
#7858 = DEFINITIONAL_REPRESENTATION('',(#7859),#7863);
#7859 = CIRCLE('',#7860,100.);
#7860 = AXIS2_PLACEMENT_2D('',#7861,#7862);
#7861 = CARTESIAN_POINT('',(-82.,17.));
#7862 = DIRECTION('',(0.,1.));
#7863 = ( GEOMETRIC_REPRESENTATION_CONTEXT(2) 
PARAMETRIC_REPRESENTATION_CONTEXT() REPRESENTATION_CONTEXT('2D SPACE',''
  ) );
#7864 = ORIENTED_EDGE('',*,*,#7865,.T.);
#7865 = EDGE_CURVE('',#7835,#7866,#7868,.T.);
#7866 = VERTEX_POINT('',#7867);
#7867 = CARTESIAN_POINT('',(-17.,359.,98.544406233941));
#7868 = SURFACE_CURVE('',#7869,(#7873,#7879),.PCURVE_S1.);
#7869 = LINE('',#7870,#7871);
#7870 = CARTESIAN_POINT('',(-17.,338.,98.544406233941));
#7871 = VECTOR('',#7872,1.);
#7872 = DIRECTION('',(0.,1.,2.22044604925E-16));
#7873 = PCURVE('',#6689,#7874);
#7874 = DEFINITIONAL_REPRESENTATION('',(#7875),#7878);
#7875 = B_SPLINE_CURVE_WITH_KNOTS('',1,(#7876,#7877),.UNSPECIFIED.,.F.,
  .F.,(2,2),(10.,22.),.PIECEWISE_BEZIER_KNOTS.);
#7876 = CARTESIAN_POINT('',(4.541559311256,10.));
#7877 = CARTESIAN_POINT('',(4.541559311256,22.));
#7878 = ( GEOMETRIC_REPRESENTATION_CONTEXT(2) 
PARAMETRIC_REPRESENTATION_CONTEXT() REPRESENTATION_CONTEXT('2D SPACE',''
  ) );
#7879 = PCURVE('',#7880,#7885);
#7880 = PLANE('',#7881);
#7881 = AXIS2_PLACEMENT_3D('',#7882,#7883,#7884);
#7882 = CARTESIAN_POINT('',(-17.,349.,82.));
#7883 = DIRECTION('',(1.,0.,0.));
#7884 = DIRECTION('',(0.,0.,1.));
#7885 = DEFINITIONAL_REPRESENTATION('',(#7886),#7889);
#7886 = B_SPLINE_CURVE_WITH_KNOTS('',1,(#7887,#7888),.UNSPECIFIED.,.F.,
  .F.,(2,2),(10.,22.),.PIECEWISE_BEZIER_KNOTS.);
#7887 = CARTESIAN_POINT('',(16.544406233941,1.));
#7888 = CARTESIAN_POINT('',(16.544406233941,-11.));
#7889 = ( GEOMETRIC_REPRESENTATION_CONTEXT(2) 
PARAMETRIC_REPRESENTATION_CONTEXT() REPRESENTATION_CONTEXT('2D SPACE',''
  ) );
#7890 = ORIENTED_EDGE('',*,*,#7891,.T.);
#7891 = EDGE_CURVE('',#7866,#7892,#7894,.T.);
#7892 = VERTEX_POINT('',#7893);
#7893 = CARTESIAN_POINT('',(17.,359.,98.544406233941));
#7894 = SURFACE_CURVE('',#7895,(#7900,#7907),.PCURVE_S1.);
#7895 = CIRCLE('',#7896,100.);
#7896 = AXIS2_PLACEMENT_3D('',#7897,#7898,#7899);
#7897 = CARTESIAN_POINT('',(0.,359.,-6.661338147751E-16));
#7898 = DIRECTION('',(0.,1.,2.22044604925E-16));
#7899 = DIRECTION('',(1.,0.,-0.));
#7900 = PCURVE('',#6689,#7901);
#7901 = DEFINITIONAL_REPRESENTATION('',(#7902),#7906);
#7902 = LINE('',#7903,#7904);
#7903 = CARTESIAN_POINT('',(0.,21.));
#7904 = VECTOR('',#7905,1.);
#7905 = DIRECTION('',(1.,0.));
#7906 = ( GEOMETRIC_REPRESENTATION_CONTEXT(2) 
PARAMETRIC_REPRESENTATION_CONTEXT() REPRESENTATION_CONTEXT('2D SPACE',''
  ) );
#7907 = PCURVE('',#7908,#7913);
#7908 = PLANE('',#7909);
#7909 = AXIS2_PLACEMENT_3D('',#7910,#7911,#7912);
#7910 = CARTESIAN_POINT('',(-17.,359.,82.));
#7911 = DIRECTION('',(0.,1.,0.));
#7912 = DIRECTION('',(0.,0.,1.));
#7913 = DEFINITIONAL_REPRESENTATION('',(#7914),#7918);
#7914 = CIRCLE('',#7915,100.);
#7915 = AXIS2_PLACEMENT_2D('',#7916,#7917);
#7916 = CARTESIAN_POINT('',(-82.,17.));
#7917 = DIRECTION('',(0.,1.));
#7918 = ( GEOMETRIC_REPRESENTATION_CONTEXT(2) 
PARAMETRIC_REPRESENTATION_CONTEXT() REPRESENTATION_CONTEXT('2D SPACE',''
  ) );
#7919 = ORIENTED_EDGE('',*,*,#7920,.F.);
#7920 = EDGE_CURVE('',#7837,#7892,#7921,.T.);
#7921 = SURFACE_CURVE('',#7922,(#7926,#7932),.PCURVE_S1.);
#7922 = LINE('',#7923,#7924);
#7923 = CARTESIAN_POINT('',(17.,338.,98.544406233941));
#7924 = VECTOR('',#7925,1.);
#7925 = DIRECTION('',(0.,1.,2.22044604925E-16));
#7926 = PCURVE('',#6689,#7927);
#7927 = DEFINITIONAL_REPRESENTATION('',(#7928),#7931);
#7928 = B_SPLINE_CURVE_WITH_KNOTS('',1,(#7929,#7930),.UNSPECIFIED.,.F.,
  .F.,(2,2),(10.,22.),.PIECEWISE_BEZIER_KNOTS.);
#7929 = CARTESIAN_POINT('',(4.883218649514,10.));
#7930 = CARTESIAN_POINT('',(4.883218649514,22.));
#7931 = ( GEOMETRIC_REPRESENTATION_CONTEXT(2) 
PARAMETRIC_REPRESENTATION_CONTEXT() REPRESENTATION_CONTEXT('2D SPACE',''
  ) );
#7932 = PCURVE('',#7933,#7938);
#7933 = PLANE('',#7934);
#7934 = AXIS2_PLACEMENT_3D('',#7935,#7936,#7937);
#7935 = CARTESIAN_POINT('',(17.,349.,82.));
#7936 = DIRECTION('',(1.,0.,0.));
#7937 = DIRECTION('',(0.,0.,1.));
#7938 = DEFINITIONAL_REPRESENTATION('',(#7939),#7942);
#7939 = B_SPLINE_CURVE_WITH_KNOTS('',1,(#7940,#7941),.UNSPECIFIED.,.F.,
  .F.,(2,2),(10.,22.),.PIECEWISE_BEZIER_KNOTS.);
#7940 = CARTESIAN_POINT('',(16.544406233941,1.));
#7941 = CARTESIAN_POINT('',(16.544406233941,-11.));
#7942 = ( GEOMETRIC_REPRESENTATION_CONTEXT(2) 
PARAMETRIC_REPRESENTATION_CONTEXT() REPRESENTATION_CONTEXT('2D SPACE',''
  ) );
#7943 = FACE_BOUND('',#7944,.T.);
#7944 = EDGE_LOOP('',(#7945,#7976,#8002,#8031));
#7945 = ORIENTED_EDGE('',*,*,#7946,.F.);
#7946 = EDGE_CURVE('',#7947,#7949,#7951,.T.);
#7947 = VERTEX_POINT('',#7948);
#7948 = CARTESIAN_POINT('',(34.549771252635,349.,93.841959199447));
#7949 = VERTEX_POINT('',#7950);
#7950 = CARTESIAN_POINT('',(63.994634981306,349.,76.841959199447));
#7951 = SURFACE_CURVE('',#7952,(#7957,#7964),.PCURVE_S1.);
#7952 = CIRCLE('',#7953,100.);
#7953 = AXIS2_PLACEMENT_3D('',#7954,#7955,#7956);
#7954 = CARTESIAN_POINT('',(0.,349.,-2.886579864025E-15));
#7955 = DIRECTION('',(0.,1.,2.22044604925E-16));
#7956 = DIRECTION('',(1.,0.,-0.));
#7957 = PCURVE('',#6689,#7958);
#7958 = DEFINITIONAL_REPRESENTATION('',(#7959),#7963);
#7959 = LINE('',#7960,#7961);
#7960 = CARTESIAN_POINT('',(0.,11.));
#7961 = VECTOR('',#7962,1.);
#7962 = DIRECTION('',(1.,0.));
#7963 = ( GEOMETRIC_REPRESENTATION_CONTEXT(2) 
PARAMETRIC_REPRESENTATION_CONTEXT() REPRESENTATION_CONTEXT('2D SPACE',''
  ) );
#7964 = PCURVE('',#7965,#7970);
#7965 = PLANE('',#7966);
#7966 = AXIS2_PLACEMENT_3D('',#7967,#7968,#7969);
#7967 = CARTESIAN_POINT('',(26.277568135665,349.,79.514083110324));
#7968 = DIRECTION('',(0.,1.,0.));
#7969 = DIRECTION('',(0.5,0.,0.866025403784));
#7970 = DEFINITIONAL_REPRESENTATION('',(#7971),#7975);
#7971 = CIRCLE('',#7972,100.);
#7972 = AXIS2_PLACEMENT_2D('',#7973,#7974);
#7973 = CARTESIAN_POINT('',(-82.,17.));
#7974 = DIRECTION('',(0.5,0.866025403784));
#7975 = ( GEOMETRIC_REPRESENTATION_CONTEXT(2) 
PARAMETRIC_REPRESENTATION_CONTEXT() REPRESENTATION_CONTEXT('2D SPACE',''
  ) );
#7976 = ORIENTED_EDGE('',*,*,#7977,.T.);
#7977 = EDGE_CURVE('',#7947,#7978,#7980,.T.);
#7978 = VERTEX_POINT('',#7979);
#7979 = CARTESIAN_POINT('',(34.549771252635,359.,93.841959199447));
#7980 = SURFACE_CURVE('',#7981,(#7985,#7991),.PCURVE_S1.);
#7981 = LINE('',#7982,#7983);
#7982 = CARTESIAN_POINT('',(34.549771252635,338.,93.841959199447));
#7983 = VECTOR('',#7984,1.);
#7984 = DIRECTION('',(0.,1.,2.22044604925E-16));
#7985 = PCURVE('',#6689,#7986);
#7986 = DEFINITIONAL_REPRESENTATION('',(#7987),#7990);
#7987 = B_SPLINE_CURVE_WITH_KNOTS('',1,(#7988,#7989),.UNSPECIFIED.,.F.,
  .F.,(2,2),(10.,22.),.PIECEWISE_BEZIER_KNOTS.);
#7988 = CARTESIAN_POINT('',(5.065158086854,10.));
#7989 = CARTESIAN_POINT('',(5.065158086854,22.));
#7990 = ( GEOMETRIC_REPRESENTATION_CONTEXT(2) 
PARAMETRIC_REPRESENTATION_CONTEXT() REPRESENTATION_CONTEXT('2D SPACE',''
  ) );
#7991 = PCURVE('',#7992,#7997);
#7992 = PLANE('',#7993);
#7993 = AXIS2_PLACEMENT_3D('',#7994,#7995,#7996);
#7994 = CARTESIAN_POINT('',(26.277568135665,349.,79.514083110324));
#7995 = DIRECTION('',(0.866025403784,0.,-0.5));
#7996 = DIRECTION('',(0.5,0.,0.866025403784));
#7997 = DEFINITIONAL_REPRESENTATION('',(#7998),#8001);
#7998 = B_SPLINE_CURVE_WITH_KNOTS('',1,(#7999,#8000),.UNSPECIFIED.,.F.,
  .F.,(2,2),(10.,22.),.PIECEWISE_BEZIER_KNOTS.);
#7999 = CARTESIAN_POINT('',(16.544406233941,1.));
#8000 = CARTESIAN_POINT('',(16.544406233941,-11.));
#8001 = ( GEOMETRIC_REPRESENTATION_CONTEXT(2) 
PARAMETRIC_REPRESENTATION_CONTEXT() REPRESENTATION_CONTEXT('2D SPACE',''
  ) );
#8002 = ORIENTED_EDGE('',*,*,#8003,.T.);
#8003 = EDGE_CURVE('',#7978,#8004,#8006,.T.);
#8004 = VERTEX_POINT('',#8005);
#8005 = CARTESIAN_POINT('',(63.994634981306,359.,76.841959199447));
#8006 = SURFACE_CURVE('',#8007,(#8012,#8019),.PCURVE_S1.);
#8007 = CIRCLE('',#8008,100.);
#8008 = AXIS2_PLACEMENT_3D('',#8009,#8010,#8011);
#8009 = CARTESIAN_POINT('',(0.,359.,-6.661338147751E-16));
#8010 = DIRECTION('',(0.,1.,2.22044604925E-16));
#8011 = DIRECTION('',(1.,0.,-0.));
#8012 = PCURVE('',#6689,#8013);
#8013 = DEFINITIONAL_REPRESENTATION('',(#8014),#8018);
#8014 = LINE('',#8015,#8016);
#8015 = CARTESIAN_POINT('',(0.,21.));
#8016 = VECTOR('',#8017,1.);
#8017 = DIRECTION('',(1.,0.));
#8018 = ( GEOMETRIC_REPRESENTATION_CONTEXT(2) 
PARAMETRIC_REPRESENTATION_CONTEXT() REPRESENTATION_CONTEXT('2D SPACE',''
  ) );
#8019 = PCURVE('',#8020,#8025);
#8020 = PLANE('',#8021);
#8021 = AXIS2_PLACEMENT_3D('',#8022,#8023,#8024);
#8022 = CARTESIAN_POINT('',(26.277568135665,359.,79.514083110324));
#8023 = DIRECTION('',(0.,1.,0.));
#8024 = DIRECTION('',(0.5,0.,0.866025403784));
#8025 = DEFINITIONAL_REPRESENTATION('',(#8026),#8030);
#8026 = CIRCLE('',#8027,100.);
#8027 = AXIS2_PLACEMENT_2D('',#8028,#8029);
#8028 = CARTESIAN_POINT('',(-82.,17.));
#8029 = DIRECTION('',(0.5,0.866025403784));
#8030 = ( GEOMETRIC_REPRESENTATION_CONTEXT(2) 
PARAMETRIC_REPRESENTATION_CONTEXT() REPRESENTATION_CONTEXT('2D SPACE',''
  ) );
#8031 = ORIENTED_EDGE('',*,*,#8032,.F.);
#8032 = EDGE_CURVE('',#7949,#8004,#8033,.T.);
#8033 = SURFACE_CURVE('',#8034,(#8038,#8044),.PCURVE_S1.);
#8034 = LINE('',#8035,#8036);
#8035 = CARTESIAN_POINT('',(63.994634981306,338.,76.841959199447));
#8036 = VECTOR('',#8037,1.);
#8037 = DIRECTION('',(0.,1.,2.22044604925E-16));
#8038 = PCURVE('',#6689,#8039);
#8039 = DEFINITIONAL_REPRESENTATION('',(#8040),#8043);
#8040 = B_SPLINE_CURVE_WITH_KNOTS('',1,(#8041,#8042),.UNSPECIFIED.,.F.,
  .F.,(2,2),(10.,22.),.PIECEWISE_BEZIER_KNOTS.);
#8041 = CARTESIAN_POINT('',(5.406817425112,10.));
#8042 = CARTESIAN_POINT('',(5.406817425112,22.));
#8043 = ( GEOMETRIC_REPRESENTATION_CONTEXT(2) 
PARAMETRIC_REPRESENTATION_CONTEXT() REPRESENTATION_CONTEXT('2D SPACE',''
  ) );
#8044 = PCURVE('',#8045,#8050);
#8045 = PLANE('',#8046);
#8046 = AXIS2_PLACEMENT_3D('',#8047,#8048,#8049);
#8047 = CARTESIAN_POINT('',(55.722431864335,349.,62.514083110324));
#8048 = DIRECTION('',(0.866025403784,0.,-0.5));
#8049 = DIRECTION('',(0.5,0.,0.866025403784));
#8050 = DEFINITIONAL_REPRESENTATION('',(#8051),#8054);
#8051 = B_SPLINE_CURVE_WITH_KNOTS('',1,(#8052,#8053),.UNSPECIFIED.,.F.,
  .F.,(2,2),(10.,22.),.PIECEWISE_BEZIER_KNOTS.);
#8052 = CARTESIAN_POINT('',(16.544406233941,1.));
#8053 = CARTESIAN_POINT('',(16.544406233941,-11.));
#8054 = ( GEOMETRIC_REPRESENTATION_CONTEXT(2) 
PARAMETRIC_REPRESENTATION_CONTEXT() REPRESENTATION_CONTEXT('2D SPACE',''
  ) );
#8055 = FACE_BOUND('',#8056,.T.);
#8056 = EDGE_LOOP('',(#8057,#8088,#8114,#8143));
#8057 = ORIENTED_EDGE('',*,*,#8058,.F.);
#8058 = EDGE_CURVE('',#8059,#8061,#8063,.T.);
#8059 = VERTEX_POINT('',#8060);
#8060 = CARTESIAN_POINT('',(76.841959199447,349.,63.994634981306));
#8061 = VERTEX_POINT('',#8062);
#8062 = CARTESIAN_POINT('',(93.841959199447,349.,34.549771252635));
#8063 = SURFACE_CURVE('',#8064,(#8069,#8076),.PCURVE_S1.);
#8064 = CIRCLE('',#8065,100.);
#8065 = AXIS2_PLACEMENT_3D('',#8066,#8067,#8068);
#8066 = CARTESIAN_POINT('',(0.,349.,-2.886579864025E-15));
#8067 = DIRECTION('',(0.,1.,2.22044604925E-16));
#8068 = DIRECTION('',(1.,0.,-0.));
#8069 = PCURVE('',#6689,#8070);
#8070 = DEFINITIONAL_REPRESENTATION('',(#8071),#8075);
#8071 = LINE('',#8072,#8073);
#8072 = CARTESIAN_POINT('',(0.,11.));
#8073 = VECTOR('',#8074,1.);
#8074 = DIRECTION('',(1.,0.));
#8075 = ( GEOMETRIC_REPRESENTATION_CONTEXT(2) 
PARAMETRIC_REPRESENTATION_CONTEXT() REPRESENTATION_CONTEXT('2D SPACE',''
  ) );
#8076 = PCURVE('',#8077,#8082);
#8077 = PLANE('',#8078);
#8078 = AXIS2_PLACEMENT_3D('',#8079,#8080,#8081);
#8079 = CARTESIAN_POINT('',(62.514083110324,349.,55.722431864335));
#8080 = DIRECTION('',(0.,1.,0.));
#8081 = DIRECTION('',(0.866025403784,0.,0.5));
#8082 = DEFINITIONAL_REPRESENTATION('',(#8083),#8087);
#8083 = CIRCLE('',#8084,100.);
#8084 = AXIS2_PLACEMENT_2D('',#8085,#8086);
#8085 = CARTESIAN_POINT('',(-82.,17.));
#8086 = DIRECTION('',(0.866025403784,0.5));
#8087 = ( GEOMETRIC_REPRESENTATION_CONTEXT(2) 
PARAMETRIC_REPRESENTATION_CONTEXT() REPRESENTATION_CONTEXT('2D SPACE',''
  ) );
#8088 = ORIENTED_EDGE('',*,*,#8089,.T.);
#8089 = EDGE_CURVE('',#8059,#8090,#8092,.T.);
#8090 = VERTEX_POINT('',#8091);
#8091 = CARTESIAN_POINT('',(76.841959199447,359.,63.994634981306));
#8092 = SURFACE_CURVE('',#8093,(#8097,#8103),.PCURVE_S1.);
#8093 = LINE('',#8094,#8095);
#8094 = CARTESIAN_POINT('',(76.841959199447,338.,63.994634981306));
#8095 = VECTOR('',#8096,1.);
#8096 = DIRECTION('',(0.,1.,2.22044604925E-16));
#8097 = PCURVE('',#6689,#8098);
#8098 = DEFINITIONAL_REPRESENTATION('',(#8099),#8102);
#8099 = B_SPLINE_CURVE_WITH_KNOTS('',1,(#8100,#8101),.UNSPECIFIED.,.F.,
  .F.,(2,2),(10.,22.),.PIECEWISE_BEZIER_KNOTS.);
#8100 = CARTESIAN_POINT('',(5.588756862452,10.));
#8101 = CARTESIAN_POINT('',(5.588756862452,22.));
#8102 = ( GEOMETRIC_REPRESENTATION_CONTEXT(2) 
PARAMETRIC_REPRESENTATION_CONTEXT() REPRESENTATION_CONTEXT('2D SPACE',''
  ) );
#8103 = PCURVE('',#8104,#8109);
#8104 = PLANE('',#8105);
#8105 = AXIS2_PLACEMENT_3D('',#8106,#8107,#8108);
#8106 = CARTESIAN_POINT('',(62.514083110324,349.,55.722431864335));
#8107 = DIRECTION('',(0.5,0.,-0.866025403784));
#8108 = DIRECTION('',(0.866025403784,0.,0.5));
#8109 = DEFINITIONAL_REPRESENTATION('',(#8110),#8113);
#8110 = B_SPLINE_CURVE_WITH_KNOTS('',1,(#8111,#8112),.UNSPECIFIED.,.F.,
  .F.,(2,2),(10.,22.),.PIECEWISE_BEZIER_KNOTS.);
#8111 = CARTESIAN_POINT('',(16.544406233941,1.));
#8112 = CARTESIAN_POINT('',(16.544406233941,-11.));
#8113 = ( GEOMETRIC_REPRESENTATION_CONTEXT(2) 
PARAMETRIC_REPRESENTATION_CONTEXT() REPRESENTATION_CONTEXT('2D SPACE',''
  ) );
#8114 = ORIENTED_EDGE('',*,*,#8115,.T.);
#8115 = EDGE_CURVE('',#8090,#8116,#8118,.T.);
#8116 = VERTEX_POINT('',#8117);
#8117 = CARTESIAN_POINT('',(93.841959199447,359.,34.549771252635));
#8118 = SURFACE_CURVE('',#8119,(#8124,#8131),.PCURVE_S1.);
#8119 = CIRCLE('',#8120,100.);
#8120 = AXIS2_PLACEMENT_3D('',#8121,#8122,#8123);
#8121 = CARTESIAN_POINT('',(0.,359.,-6.661338147751E-16));
#8122 = DIRECTION('',(0.,1.,2.22044604925E-16));
#8123 = DIRECTION('',(1.,0.,-0.));
#8124 = PCURVE('',#6689,#8125);
#8125 = DEFINITIONAL_REPRESENTATION('',(#8126),#8130);
#8126 = LINE('',#8127,#8128);
#8127 = CARTESIAN_POINT('',(0.,21.));
#8128 = VECTOR('',#8129,1.);
#8129 = DIRECTION('',(1.,0.));
#8130 = ( GEOMETRIC_REPRESENTATION_CONTEXT(2) 
PARAMETRIC_REPRESENTATION_CONTEXT() REPRESENTATION_CONTEXT('2D SPACE',''
  ) );
#8131 = PCURVE('',#8132,#8137);
#8132 = PLANE('',#8133);
#8133 = AXIS2_PLACEMENT_3D('',#8134,#8135,#8136);
#8134 = CARTESIAN_POINT('',(62.514083110324,359.,55.722431864335));
#8135 = DIRECTION('',(0.,1.,0.));
#8136 = DIRECTION('',(0.866025403784,0.,0.5));
#8137 = DEFINITIONAL_REPRESENTATION('',(#8138),#8142);
#8138 = CIRCLE('',#8139,100.);
#8139 = AXIS2_PLACEMENT_2D('',#8140,#8141);
#8140 = CARTESIAN_POINT('',(-82.,17.));
#8141 = DIRECTION('',(0.866025403784,0.5));
#8142 = ( GEOMETRIC_REPRESENTATION_CONTEXT(2) 
PARAMETRIC_REPRESENTATION_CONTEXT() REPRESENTATION_CONTEXT('2D SPACE',''
  ) );
#8143 = ORIENTED_EDGE('',*,*,#8144,.F.);
#8144 = EDGE_CURVE('',#8061,#8116,#8145,.T.);
#8145 = SURFACE_CURVE('',#8146,(#8150,#8156),.PCURVE_S1.);
#8146 = LINE('',#8147,#8148);
#8147 = CARTESIAN_POINT('',(93.841959199447,338.,34.549771252635));
#8148 = VECTOR('',#8149,1.);
#8149 = DIRECTION('',(0.,1.,2.22044604925E-16));
#8150 = PCURVE('',#6689,#8151);
#8151 = DEFINITIONAL_REPRESENTATION('',(#8152),#8155);
#8152 = B_SPLINE_CURVE_WITH_KNOTS('',1,(#8153,#8154),.UNSPECIFIED.,.F.,
  .F.,(2,2),(10.,22.),.PIECEWISE_BEZIER_KNOTS.);
#8153 = CARTESIAN_POINT('',(5.93041620071,10.));
#8154 = CARTESIAN_POINT('',(5.93041620071,22.));
#8155 = ( GEOMETRIC_REPRESENTATION_CONTEXT(2) 
PARAMETRIC_REPRESENTATION_CONTEXT() REPRESENTATION_CONTEXT('2D SPACE',''
  ) );
#8156 = PCURVE('',#8157,#8162);
#8157 = PLANE('',#8158);
#8158 = AXIS2_PLACEMENT_3D('',#8159,#8160,#8161);
#8159 = CARTESIAN_POINT('',(79.514083110324,349.,26.277568135665));
#8160 = DIRECTION('',(0.5,0.,-0.866025403784));
#8161 = DIRECTION('',(0.866025403784,0.,0.5));
#8162 = DEFINITIONAL_REPRESENTATION('',(#8163),#8166);
#8163 = B_SPLINE_CURVE_WITH_KNOTS('',1,(#8164,#8165),.UNSPECIFIED.,.F.,
  .F.,(2,2),(10.,22.),.PIECEWISE_BEZIER_KNOTS.);
#8164 = CARTESIAN_POINT('',(16.544406233941,1.));
#8165 = CARTESIAN_POINT('',(16.544406233941,-11.));
#8166 = ( GEOMETRIC_REPRESENTATION_CONTEXT(2) 
PARAMETRIC_REPRESENTATION_CONTEXT() REPRESENTATION_CONTEXT('2D SPACE',''
  ) );
#8167 = ADVANCED_FACE('',(#8168),#8132,.F.);
#8168 = FACE_BOUND('',#8169,.F.);
#8169 = EDGE_LOOP('',(#8170,#8193,#8221,#8242));
#8170 = ORIENTED_EDGE('',*,*,#8171,.F.);
#8171 = EDGE_CURVE('',#8172,#8116,#8174,.T.);
#8172 = VERTEX_POINT('',#8173);
#8173 = CARTESIAN_POINT('',(79.514083110324,359.,26.277568135665));
#8174 = SURFACE_CURVE('',#8175,(#8179,#8186),.PCURVE_S1.);
#8175 = LINE('',#8176,#8177);
#8176 = CARTESIAN_POINT('',(79.514083110324,359.,26.277568135665));
#8177 = VECTOR('',#8178,1.);
#8178 = DIRECTION('',(0.866025403784,0.,0.5));
#8179 = PCURVE('',#8132,#8180);
#8180 = DEFINITIONAL_REPRESENTATION('',(#8181),#8185);
#8181 = LINE('',#8182,#8183);
#8182 = CARTESIAN_POINT('',(0.,34.));
#8183 = VECTOR('',#8184,1.);
#8184 = DIRECTION('',(1.,0.));
#8185 = ( GEOMETRIC_REPRESENTATION_CONTEXT(2) 
PARAMETRIC_REPRESENTATION_CONTEXT() REPRESENTATION_CONTEXT('2D SPACE',''
  ) );
#8186 = PCURVE('',#8157,#8187);
#8187 = DEFINITIONAL_REPRESENTATION('',(#8188),#8192);
#8188 = LINE('',#8189,#8190);
#8189 = CARTESIAN_POINT('',(0.,-10.));
#8190 = VECTOR('',#8191,1.);
#8191 = DIRECTION('',(1.,0.));
#8192 = ( GEOMETRIC_REPRESENTATION_CONTEXT(2) 
PARAMETRIC_REPRESENTATION_CONTEXT() REPRESENTATION_CONTEXT('2D SPACE',''
  ) );
#8193 = ORIENTED_EDGE('',*,*,#8194,.F.);
#8194 = EDGE_CURVE('',#8195,#8172,#8197,.T.);
#8195 = VERTEX_POINT('',#8196);
#8196 = CARTESIAN_POINT('',(62.514083110324,359.,55.722431864335));
#8197 = SURFACE_CURVE('',#8198,(#8202,#8209),.PCURVE_S1.);
#8198 = LINE('',#8199,#8200);
#8199 = CARTESIAN_POINT('',(62.514083110324,359.,55.722431864335));
#8200 = VECTOR('',#8201,1.);
#8201 = DIRECTION('',(0.5,0.,-0.866025403784));
#8202 = PCURVE('',#8132,#8203);
#8203 = DEFINITIONAL_REPRESENTATION('',(#8204),#8208);
#8204 = LINE('',#8205,#8206);
#8205 = CARTESIAN_POINT('',(0.,0.));
#8206 = VECTOR('',#8207,1.);
#8207 = DIRECTION('',(0.,1.));
#8208 = ( GEOMETRIC_REPRESENTATION_CONTEXT(2) 
PARAMETRIC_REPRESENTATION_CONTEXT() REPRESENTATION_CONTEXT('2D SPACE',''
  ) );
#8209 = PCURVE('',#8210,#8215);
#8210 = PLANE('',#8211);
#8211 = AXIS2_PLACEMENT_3D('',#8212,#8213,#8214);
#8212 = CARTESIAN_POINT('',(62.514083110324,349.,55.722431864335));
#8213 = DIRECTION('',(0.866025403784,0.,0.5));
#8214 = DIRECTION('',(0.5,0.,-0.866025403784));
#8215 = DEFINITIONAL_REPRESENTATION('',(#8216),#8220);
#8216 = LINE('',#8217,#8218);
#8217 = CARTESIAN_POINT('',(0.,10.));
#8218 = VECTOR('',#8219,1.);
#8219 = DIRECTION('',(1.,0.));
#8220 = ( GEOMETRIC_REPRESENTATION_CONTEXT(2) 
PARAMETRIC_REPRESENTATION_CONTEXT() REPRESENTATION_CONTEXT('2D SPACE',''
  ) );
#8221 = ORIENTED_EDGE('',*,*,#8222,.T.);
#8222 = EDGE_CURVE('',#8195,#8090,#8223,.T.);
#8223 = SURFACE_CURVE('',#8224,(#8228,#8235),.PCURVE_S1.);
#8224 = LINE('',#8225,#8226);
#8225 = CARTESIAN_POINT('',(62.514083110324,359.,55.722431864335));
#8226 = VECTOR('',#8227,1.);
#8227 = DIRECTION('',(0.866025403784,0.,0.5));
#8228 = PCURVE('',#8132,#8229);
#8229 = DEFINITIONAL_REPRESENTATION('',(#8230),#8234);
#8230 = LINE('',#8231,#8232);
#8231 = CARTESIAN_POINT('',(0.,0.));
#8232 = VECTOR('',#8233,1.);
#8233 = DIRECTION('',(1.,0.));
#8234 = ( GEOMETRIC_REPRESENTATION_CONTEXT(2) 
PARAMETRIC_REPRESENTATION_CONTEXT() REPRESENTATION_CONTEXT('2D SPACE',''
  ) );
#8235 = PCURVE('',#8104,#8236);
#8236 = DEFINITIONAL_REPRESENTATION('',(#8237),#8241);
#8237 = LINE('',#8238,#8239);
#8238 = CARTESIAN_POINT('',(0.,-10.));
#8239 = VECTOR('',#8240,1.);
#8240 = DIRECTION('',(1.,0.));
#8241 = ( GEOMETRIC_REPRESENTATION_CONTEXT(2) 
PARAMETRIC_REPRESENTATION_CONTEXT() REPRESENTATION_CONTEXT('2D SPACE',''
  ) );
#8242 = ORIENTED_EDGE('',*,*,#8115,.T.);
#8243 = ADVANCED_FACE('',(#8244),#8210,.T.);
#8244 = FACE_BOUND('',#8245,.T.);
#8245 = EDGE_LOOP('',(#8246,#8269,#8292,#8313));
#8246 = ORIENTED_EDGE('',*,*,#8247,.F.);
#8247 = EDGE_CURVE('',#8248,#8195,#8250,.T.);
#8248 = VERTEX_POINT('',#8249);
#8249 = CARTESIAN_POINT('',(62.514083110324,349.,55.722431864335));
#8250 = SURFACE_CURVE('',#8251,(#8255,#8262),.PCURVE_S1.);
#8251 = LINE('',#8252,#8253);
#8252 = CARTESIAN_POINT('',(62.514083110324,349.,55.722431864335));
#8253 = VECTOR('',#8254,1.);
#8254 = DIRECTION('',(0.,1.,0.));
#8255 = PCURVE('',#8210,#8256);
#8256 = DEFINITIONAL_REPRESENTATION('',(#8257),#8261);
#8257 = LINE('',#8258,#8259);
#8258 = CARTESIAN_POINT('',(0.,0.));
#8259 = VECTOR('',#8260,1.);
#8260 = DIRECTION('',(0.,1.));
#8261 = ( GEOMETRIC_REPRESENTATION_CONTEXT(2) 
PARAMETRIC_REPRESENTATION_CONTEXT() REPRESENTATION_CONTEXT('2D SPACE',''
  ) );
#8262 = PCURVE('',#8104,#8263);
#8263 = DEFINITIONAL_REPRESENTATION('',(#8264),#8268);
#8264 = LINE('',#8265,#8266);
#8265 = CARTESIAN_POINT('',(0.,0.));
#8266 = VECTOR('',#8267,1.);
#8267 = DIRECTION('',(0.,-1.));
#8268 = ( GEOMETRIC_REPRESENTATION_CONTEXT(2) 
PARAMETRIC_REPRESENTATION_CONTEXT() REPRESENTATION_CONTEXT('2D SPACE',''
  ) );
#8269 = ORIENTED_EDGE('',*,*,#8270,.T.);
#8270 = EDGE_CURVE('',#8248,#8271,#8273,.T.);
#8271 = VERTEX_POINT('',#8272);
#8272 = CARTESIAN_POINT('',(79.514083110324,349.,26.277568135665));
#8273 = SURFACE_CURVE('',#8274,(#8278,#8285),.PCURVE_S1.);
#8274 = LINE('',#8275,#8276);
#8275 = CARTESIAN_POINT('',(62.514083110324,349.,55.722431864335));
#8276 = VECTOR('',#8277,1.);
#8277 = DIRECTION('',(0.5,0.,-0.866025403784));
#8278 = PCURVE('',#8210,#8279);
#8279 = DEFINITIONAL_REPRESENTATION('',(#8280),#8284);
#8280 = LINE('',#8281,#8282);
#8281 = CARTESIAN_POINT('',(0.,0.));
#8282 = VECTOR('',#8283,1.);
#8283 = DIRECTION('',(1.,0.));
#8284 = ( GEOMETRIC_REPRESENTATION_CONTEXT(2) 
PARAMETRIC_REPRESENTATION_CONTEXT() REPRESENTATION_CONTEXT('2D SPACE',''
  ) );
#8285 = PCURVE('',#8077,#8286);
#8286 = DEFINITIONAL_REPRESENTATION('',(#8287),#8291);
#8287 = LINE('',#8288,#8289);
#8288 = CARTESIAN_POINT('',(0.,0.));
#8289 = VECTOR('',#8290,1.);
#8290 = DIRECTION('',(0.,1.));
#8291 = ( GEOMETRIC_REPRESENTATION_CONTEXT(2) 
PARAMETRIC_REPRESENTATION_CONTEXT() REPRESENTATION_CONTEXT('2D SPACE',''
  ) );
#8292 = ORIENTED_EDGE('',*,*,#8293,.T.);
#8293 = EDGE_CURVE('',#8271,#8172,#8294,.T.);
#8294 = SURFACE_CURVE('',#8295,(#8299,#8306),.PCURVE_S1.);
#8295 = LINE('',#8296,#8297);
#8296 = CARTESIAN_POINT('',(79.514083110324,349.,26.277568135665));
#8297 = VECTOR('',#8298,1.);
#8298 = DIRECTION('',(0.,1.,0.));
#8299 = PCURVE('',#8210,#8300);
#8300 = DEFINITIONAL_REPRESENTATION('',(#8301),#8305);
#8301 = LINE('',#8302,#8303);
#8302 = CARTESIAN_POINT('',(34.,0.));
#8303 = VECTOR('',#8304,1.);
#8304 = DIRECTION('',(0.,1.));
#8305 = ( GEOMETRIC_REPRESENTATION_CONTEXT(2) 
PARAMETRIC_REPRESENTATION_CONTEXT() REPRESENTATION_CONTEXT('2D SPACE',''
  ) );
#8306 = PCURVE('',#8157,#8307);
#8307 = DEFINITIONAL_REPRESENTATION('',(#8308),#8312);
#8308 = LINE('',#8309,#8310);
#8309 = CARTESIAN_POINT('',(0.,0.));
#8310 = VECTOR('',#8311,1.);
#8311 = DIRECTION('',(0.,-1.));
#8312 = ( GEOMETRIC_REPRESENTATION_CONTEXT(2) 
PARAMETRIC_REPRESENTATION_CONTEXT() REPRESENTATION_CONTEXT('2D SPACE',''
  ) );
#8313 = ORIENTED_EDGE('',*,*,#8194,.F.);
#8314 = ADVANCED_FACE('',(#8315),#8157,.F.);
#8315 = FACE_BOUND('',#8316,.F.);
#8316 = EDGE_LOOP('',(#8317,#8338,#8339,#8340));
#8317 = ORIENTED_EDGE('',*,*,#8318,.F.);
#8318 = EDGE_CURVE('',#8271,#8061,#8319,.T.);
#8319 = SURFACE_CURVE('',#8320,(#8324,#8331),.PCURVE_S1.);
#8320 = LINE('',#8321,#8322);
#8321 = CARTESIAN_POINT('',(79.514083110324,349.,26.277568135665));
#8322 = VECTOR('',#8323,1.);
#8323 = DIRECTION('',(0.866025403784,0.,0.5));
#8324 = PCURVE('',#8157,#8325);
#8325 = DEFINITIONAL_REPRESENTATION('',(#8326),#8330);
#8326 = LINE('',#8327,#8328);
#8327 = CARTESIAN_POINT('',(0.,0.));
#8328 = VECTOR('',#8329,1.);
#8329 = DIRECTION('',(1.,0.));
#8330 = ( GEOMETRIC_REPRESENTATION_CONTEXT(2) 
PARAMETRIC_REPRESENTATION_CONTEXT() REPRESENTATION_CONTEXT('2D SPACE',''
  ) );
#8331 = PCURVE('',#8077,#8332);
#8332 = DEFINITIONAL_REPRESENTATION('',(#8333),#8337);
#8333 = LINE('',#8334,#8335);
#8334 = CARTESIAN_POINT('',(0.,34.));
#8335 = VECTOR('',#8336,1.);
#8336 = DIRECTION('',(1.,0.));
#8337 = ( GEOMETRIC_REPRESENTATION_CONTEXT(2) 
PARAMETRIC_REPRESENTATION_CONTEXT() REPRESENTATION_CONTEXT('2D SPACE',''
  ) );
#8338 = ORIENTED_EDGE('',*,*,#8293,.T.);
#8339 = ORIENTED_EDGE('',*,*,#8171,.T.);
#8340 = ORIENTED_EDGE('',*,*,#8144,.F.);
#8341 = ADVANCED_FACE('',(#8342),#8104,.T.);
#8342 = FACE_BOUND('',#8343,.T.);
#8343 = EDGE_LOOP('',(#8344,#8365,#8366,#8367));
#8344 = ORIENTED_EDGE('',*,*,#8345,.F.);
#8345 = EDGE_CURVE('',#8248,#8059,#8346,.T.);
#8346 = SURFACE_CURVE('',#8347,(#8351,#8358),.PCURVE_S1.);
#8347 = LINE('',#8348,#8349);
#8348 = CARTESIAN_POINT('',(62.514083110324,349.,55.722431864335));
#8349 = VECTOR('',#8350,1.);
#8350 = DIRECTION('',(0.866025403784,0.,0.5));
#8351 = PCURVE('',#8104,#8352);
#8352 = DEFINITIONAL_REPRESENTATION('',(#8353),#8357);
#8353 = LINE('',#8354,#8355);
#8354 = CARTESIAN_POINT('',(0.,0.));
#8355 = VECTOR('',#8356,1.);
#8356 = DIRECTION('',(1.,0.));
#8357 = ( GEOMETRIC_REPRESENTATION_CONTEXT(2) 
PARAMETRIC_REPRESENTATION_CONTEXT() REPRESENTATION_CONTEXT('2D SPACE',''
  ) );
#8358 = PCURVE('',#8077,#8359);
#8359 = DEFINITIONAL_REPRESENTATION('',(#8360),#8364);
#8360 = LINE('',#8361,#8362);
#8361 = CARTESIAN_POINT('',(0.,0.));
#8362 = VECTOR('',#8363,1.);
#8363 = DIRECTION('',(1.,0.));
#8364 = ( GEOMETRIC_REPRESENTATION_CONTEXT(2) 
PARAMETRIC_REPRESENTATION_CONTEXT() REPRESENTATION_CONTEXT('2D SPACE',''
  ) );
#8365 = ORIENTED_EDGE('',*,*,#8247,.T.);
#8366 = ORIENTED_EDGE('',*,*,#8222,.T.);
#8367 = ORIENTED_EDGE('',*,*,#8089,.F.);
#8368 = ADVANCED_FACE('',(#8369),#8077,.T.);
#8369 = FACE_BOUND('',#8370,.T.);
#8370 = EDGE_LOOP('',(#8371,#8372,#8373,#8374));
#8371 = ORIENTED_EDGE('',*,*,#8318,.F.);
#8372 = ORIENTED_EDGE('',*,*,#8270,.F.);
#8373 = ORIENTED_EDGE('',*,*,#8345,.T.);
#8374 = ORIENTED_EDGE('',*,*,#8058,.T.);
#8375 = ADVANCED_FACE('',(#8376),#8020,.F.);
#8376 = FACE_BOUND('',#8377,.F.);
#8377 = EDGE_LOOP('',(#8378,#8401,#8429,#8450));
#8378 = ORIENTED_EDGE('',*,*,#8379,.F.);
#8379 = EDGE_CURVE('',#8380,#8004,#8382,.T.);
#8380 = VERTEX_POINT('',#8381);
#8381 = CARTESIAN_POINT('',(55.722431864335,359.,62.514083110324));
#8382 = SURFACE_CURVE('',#8383,(#8387,#8394),.PCURVE_S1.);
#8383 = LINE('',#8384,#8385);
#8384 = CARTESIAN_POINT('',(55.722431864335,359.,62.514083110324));
#8385 = VECTOR('',#8386,1.);
#8386 = DIRECTION('',(0.5,0.,0.866025403784));
#8387 = PCURVE('',#8020,#8388);
#8388 = DEFINITIONAL_REPRESENTATION('',(#8389),#8393);
#8389 = LINE('',#8390,#8391);
#8390 = CARTESIAN_POINT('',(0.,34.));
#8391 = VECTOR('',#8392,1.);
#8392 = DIRECTION('',(1.,0.));
#8393 = ( GEOMETRIC_REPRESENTATION_CONTEXT(2) 
PARAMETRIC_REPRESENTATION_CONTEXT() REPRESENTATION_CONTEXT('2D SPACE',''
  ) );
#8394 = PCURVE('',#8045,#8395);
#8395 = DEFINITIONAL_REPRESENTATION('',(#8396),#8400);
#8396 = LINE('',#8397,#8398);
#8397 = CARTESIAN_POINT('',(0.,-10.));
#8398 = VECTOR('',#8399,1.);
#8399 = DIRECTION('',(1.,0.));
#8400 = ( GEOMETRIC_REPRESENTATION_CONTEXT(2) 
PARAMETRIC_REPRESENTATION_CONTEXT() REPRESENTATION_CONTEXT('2D SPACE',''
  ) );
#8401 = ORIENTED_EDGE('',*,*,#8402,.F.);
#8402 = EDGE_CURVE('',#8403,#8380,#8405,.T.);
#8403 = VERTEX_POINT('',#8404);
#8404 = CARTESIAN_POINT('',(26.277568135665,359.,79.514083110324));
#8405 = SURFACE_CURVE('',#8406,(#8410,#8417),.PCURVE_S1.);
#8406 = LINE('',#8407,#8408);
#8407 = CARTESIAN_POINT('',(26.277568135665,359.,79.514083110324));
#8408 = VECTOR('',#8409,1.);
#8409 = DIRECTION('',(0.866025403784,0.,-0.5));
#8410 = PCURVE('',#8020,#8411);
#8411 = DEFINITIONAL_REPRESENTATION('',(#8412),#8416);
#8412 = LINE('',#8413,#8414);
#8413 = CARTESIAN_POINT('',(0.,0.));
#8414 = VECTOR('',#8415,1.);
#8415 = DIRECTION('',(0.,1.));
#8416 = ( GEOMETRIC_REPRESENTATION_CONTEXT(2) 
PARAMETRIC_REPRESENTATION_CONTEXT() REPRESENTATION_CONTEXT('2D SPACE',''
  ) );
#8417 = PCURVE('',#8418,#8423);
#8418 = PLANE('',#8419);
#8419 = AXIS2_PLACEMENT_3D('',#8420,#8421,#8422);
#8420 = CARTESIAN_POINT('',(26.277568135665,349.,79.514083110324));
#8421 = DIRECTION('',(0.5,0.,0.866025403784));
#8422 = DIRECTION('',(0.866025403784,0.,-0.5));
#8423 = DEFINITIONAL_REPRESENTATION('',(#8424),#8428);
#8424 = LINE('',#8425,#8426);
#8425 = CARTESIAN_POINT('',(0.,10.));
#8426 = VECTOR('',#8427,1.);
#8427 = DIRECTION('',(1.,0.));
#8428 = ( GEOMETRIC_REPRESENTATION_CONTEXT(2) 
PARAMETRIC_REPRESENTATION_CONTEXT() REPRESENTATION_CONTEXT('2D SPACE',''
  ) );
#8429 = ORIENTED_EDGE('',*,*,#8430,.T.);
#8430 = EDGE_CURVE('',#8403,#7978,#8431,.T.);
#8431 = SURFACE_CURVE('',#8432,(#8436,#8443),.PCURVE_S1.);
#8432 = LINE('',#8433,#8434);
#8433 = CARTESIAN_POINT('',(26.277568135665,359.,79.514083110324));
#8434 = VECTOR('',#8435,1.);
#8435 = DIRECTION('',(0.5,0.,0.866025403784));
#8436 = PCURVE('',#8020,#8437);
#8437 = DEFINITIONAL_REPRESENTATION('',(#8438),#8442);
#8438 = LINE('',#8439,#8440);
#8439 = CARTESIAN_POINT('',(0.,0.));
#8440 = VECTOR('',#8441,1.);
#8441 = DIRECTION('',(1.,0.));
#8442 = ( GEOMETRIC_REPRESENTATION_CONTEXT(2) 
PARAMETRIC_REPRESENTATION_CONTEXT() REPRESENTATION_CONTEXT('2D SPACE',''
  ) );
#8443 = PCURVE('',#7992,#8444);
#8444 = DEFINITIONAL_REPRESENTATION('',(#8445),#8449);
#8445 = LINE('',#8446,#8447);
#8446 = CARTESIAN_POINT('',(0.,-10.));
#8447 = VECTOR('',#8448,1.);
#8448 = DIRECTION('',(1.,0.));
#8449 = ( GEOMETRIC_REPRESENTATION_CONTEXT(2) 
PARAMETRIC_REPRESENTATION_CONTEXT() REPRESENTATION_CONTEXT('2D SPACE',''
  ) );
#8450 = ORIENTED_EDGE('',*,*,#8003,.T.);
#8451 = ADVANCED_FACE('',(#8452),#8418,.T.);
#8452 = FACE_BOUND('',#8453,.T.);
#8453 = EDGE_LOOP('',(#8454,#8477,#8500,#8521));
#8454 = ORIENTED_EDGE('',*,*,#8455,.F.);
#8455 = EDGE_CURVE('',#8456,#8403,#8458,.T.);
#8456 = VERTEX_POINT('',#8457);
#8457 = CARTESIAN_POINT('',(26.277568135665,349.,79.514083110324));
#8458 = SURFACE_CURVE('',#8459,(#8463,#8470),.PCURVE_S1.);
#8459 = LINE('',#8460,#8461);
#8460 = CARTESIAN_POINT('',(26.277568135665,349.,79.514083110324));
#8461 = VECTOR('',#8462,1.);
#8462 = DIRECTION('',(0.,1.,0.));
#8463 = PCURVE('',#8418,#8464);
#8464 = DEFINITIONAL_REPRESENTATION('',(#8465),#8469);
#8465 = LINE('',#8466,#8467);
#8466 = CARTESIAN_POINT('',(0.,0.));
#8467 = VECTOR('',#8468,1.);
#8468 = DIRECTION('',(0.,1.));
#8469 = ( GEOMETRIC_REPRESENTATION_CONTEXT(2) 
PARAMETRIC_REPRESENTATION_CONTEXT() REPRESENTATION_CONTEXT('2D SPACE',''
  ) );
#8470 = PCURVE('',#7992,#8471);
#8471 = DEFINITIONAL_REPRESENTATION('',(#8472),#8476);
#8472 = LINE('',#8473,#8474);
#8473 = CARTESIAN_POINT('',(0.,0.));
#8474 = VECTOR('',#8475,1.);
#8475 = DIRECTION('',(0.,-1.));
#8476 = ( GEOMETRIC_REPRESENTATION_CONTEXT(2) 
PARAMETRIC_REPRESENTATION_CONTEXT() REPRESENTATION_CONTEXT('2D SPACE',''
  ) );
#8477 = ORIENTED_EDGE('',*,*,#8478,.T.);
#8478 = EDGE_CURVE('',#8456,#8479,#8481,.T.);
#8479 = VERTEX_POINT('',#8480);
#8480 = CARTESIAN_POINT('',(55.722431864335,349.,62.514083110324));
#8481 = SURFACE_CURVE('',#8482,(#8486,#8493),.PCURVE_S1.);
#8482 = LINE('',#8483,#8484);
#8483 = CARTESIAN_POINT('',(26.277568135665,349.,79.514083110324));
#8484 = VECTOR('',#8485,1.);
#8485 = DIRECTION('',(0.866025403784,0.,-0.5));
#8486 = PCURVE('',#8418,#8487);
#8487 = DEFINITIONAL_REPRESENTATION('',(#8488),#8492);
#8488 = LINE('',#8489,#8490);
#8489 = CARTESIAN_POINT('',(0.,0.));
#8490 = VECTOR('',#8491,1.);
#8491 = DIRECTION('',(1.,0.));
#8492 = ( GEOMETRIC_REPRESENTATION_CONTEXT(2) 
PARAMETRIC_REPRESENTATION_CONTEXT() REPRESENTATION_CONTEXT('2D SPACE',''
  ) );
#8493 = PCURVE('',#7965,#8494);
#8494 = DEFINITIONAL_REPRESENTATION('',(#8495),#8499);
#8495 = LINE('',#8496,#8497);
#8496 = CARTESIAN_POINT('',(0.,0.));
#8497 = VECTOR('',#8498,1.);
#8498 = DIRECTION('',(0.,1.));
#8499 = ( GEOMETRIC_REPRESENTATION_CONTEXT(2) 
PARAMETRIC_REPRESENTATION_CONTEXT() REPRESENTATION_CONTEXT('2D SPACE',''
  ) );
#8500 = ORIENTED_EDGE('',*,*,#8501,.T.);
#8501 = EDGE_CURVE('',#8479,#8380,#8502,.T.);
#8502 = SURFACE_CURVE('',#8503,(#8507,#8514),.PCURVE_S1.);
#8503 = LINE('',#8504,#8505);
#8504 = CARTESIAN_POINT('',(55.722431864335,349.,62.514083110324));
#8505 = VECTOR('',#8506,1.);
#8506 = DIRECTION('',(0.,1.,0.));
#8507 = PCURVE('',#8418,#8508);
#8508 = DEFINITIONAL_REPRESENTATION('',(#8509),#8513);
#8509 = LINE('',#8510,#8511);
#8510 = CARTESIAN_POINT('',(34.,0.));
#8511 = VECTOR('',#8512,1.);
#8512 = DIRECTION('',(0.,1.));
#8513 = ( GEOMETRIC_REPRESENTATION_CONTEXT(2) 
PARAMETRIC_REPRESENTATION_CONTEXT() REPRESENTATION_CONTEXT('2D SPACE',''
  ) );
#8514 = PCURVE('',#8045,#8515);
#8515 = DEFINITIONAL_REPRESENTATION('',(#8516),#8520);
#8516 = LINE('',#8517,#8518);
#8517 = CARTESIAN_POINT('',(0.,0.));
#8518 = VECTOR('',#8519,1.);
#8519 = DIRECTION('',(0.,-1.));
#8520 = ( GEOMETRIC_REPRESENTATION_CONTEXT(2) 
PARAMETRIC_REPRESENTATION_CONTEXT() REPRESENTATION_CONTEXT('2D SPACE',''
  ) );
#8521 = ORIENTED_EDGE('',*,*,#8402,.F.);
#8522 = ADVANCED_FACE('',(#8523),#8045,.F.);
#8523 = FACE_BOUND('',#8524,.F.);
#8524 = EDGE_LOOP('',(#8525,#8546,#8547,#8548));
#8525 = ORIENTED_EDGE('',*,*,#8526,.F.);
#8526 = EDGE_CURVE('',#8479,#7949,#8527,.T.);
#8527 = SURFACE_CURVE('',#8528,(#8532,#8539),.PCURVE_S1.);
#8528 = LINE('',#8529,#8530);
#8529 = CARTESIAN_POINT('',(55.722431864335,349.,62.514083110324));
#8530 = VECTOR('',#8531,1.);
#8531 = DIRECTION('',(0.5,0.,0.866025403784));
#8532 = PCURVE('',#8045,#8533);
#8533 = DEFINITIONAL_REPRESENTATION('',(#8534),#8538);
#8534 = LINE('',#8535,#8536);
#8535 = CARTESIAN_POINT('',(0.,0.));
#8536 = VECTOR('',#8537,1.);
#8537 = DIRECTION('',(1.,0.));
#8538 = ( GEOMETRIC_REPRESENTATION_CONTEXT(2) 
PARAMETRIC_REPRESENTATION_CONTEXT() REPRESENTATION_CONTEXT('2D SPACE',''
  ) );
#8539 = PCURVE('',#7965,#8540);
#8540 = DEFINITIONAL_REPRESENTATION('',(#8541),#8545);
#8541 = LINE('',#8542,#8543);
#8542 = CARTESIAN_POINT('',(0.,34.));
#8543 = VECTOR('',#8544,1.);
#8544 = DIRECTION('',(1.,0.));
#8545 = ( GEOMETRIC_REPRESENTATION_CONTEXT(2) 
PARAMETRIC_REPRESENTATION_CONTEXT() REPRESENTATION_CONTEXT('2D SPACE',''
  ) );
#8546 = ORIENTED_EDGE('',*,*,#8501,.T.);
#8547 = ORIENTED_EDGE('',*,*,#8379,.T.);
#8548 = ORIENTED_EDGE('',*,*,#8032,.F.);
#8549 = ADVANCED_FACE('',(#8550),#7992,.T.);
#8550 = FACE_BOUND('',#8551,.T.);
#8551 = EDGE_LOOP('',(#8552,#8573,#8574,#8575));
#8552 = ORIENTED_EDGE('',*,*,#8553,.F.);
#8553 = EDGE_CURVE('',#8456,#7947,#8554,.T.);
#8554 = SURFACE_CURVE('',#8555,(#8559,#8566),.PCURVE_S1.);
#8555 = LINE('',#8556,#8557);
#8556 = CARTESIAN_POINT('',(26.277568135665,349.,79.514083110324));
#8557 = VECTOR('',#8558,1.);
#8558 = DIRECTION('',(0.5,0.,0.866025403784));
#8559 = PCURVE('',#7992,#8560);
#8560 = DEFINITIONAL_REPRESENTATION('',(#8561),#8565);
#8561 = LINE('',#8562,#8563);
#8562 = CARTESIAN_POINT('',(0.,0.));
#8563 = VECTOR('',#8564,1.);
#8564 = DIRECTION('',(1.,0.));
#8565 = ( GEOMETRIC_REPRESENTATION_CONTEXT(2) 
PARAMETRIC_REPRESENTATION_CONTEXT() REPRESENTATION_CONTEXT('2D SPACE',''
  ) );
#8566 = PCURVE('',#7965,#8567);
#8567 = DEFINITIONAL_REPRESENTATION('',(#8568),#8572);
#8568 = LINE('',#8569,#8570);
#8569 = CARTESIAN_POINT('',(0.,0.));
#8570 = VECTOR('',#8571,1.);
#8571 = DIRECTION('',(1.,0.));
#8572 = ( GEOMETRIC_REPRESENTATION_CONTEXT(2) 
PARAMETRIC_REPRESENTATION_CONTEXT() REPRESENTATION_CONTEXT('2D SPACE',''
  ) );
#8573 = ORIENTED_EDGE('',*,*,#8455,.T.);
#8574 = ORIENTED_EDGE('',*,*,#8430,.T.);
#8575 = ORIENTED_EDGE('',*,*,#7977,.F.);
#8576 = ADVANCED_FACE('',(#8577),#7965,.T.);
#8577 = FACE_BOUND('',#8578,.T.);
#8578 = EDGE_LOOP('',(#8579,#8580,#8581,#8582));
#8579 = ORIENTED_EDGE('',*,*,#8526,.F.);
#8580 = ORIENTED_EDGE('',*,*,#8478,.F.);
#8581 = ORIENTED_EDGE('',*,*,#8553,.T.);
#8582 = ORIENTED_EDGE('',*,*,#7946,.T.);
#8583 = ADVANCED_FACE('',(#8584),#7908,.F.);
#8584 = FACE_BOUND('',#8585,.F.);
#8585 = EDGE_LOOP('',(#8586,#8609,#8637,#8658));
#8586 = ORIENTED_EDGE('',*,*,#8587,.F.);
#8587 = EDGE_CURVE('',#8588,#7892,#8590,.T.);
#8588 = VERTEX_POINT('',#8589);
#8589 = CARTESIAN_POINT('',(17.,359.,82.));
#8590 = SURFACE_CURVE('',#8591,(#8595,#8602),.PCURVE_S1.);
#8591 = LINE('',#8592,#8593);
#8592 = CARTESIAN_POINT('',(17.,359.,82.));
#8593 = VECTOR('',#8594,1.);
#8594 = DIRECTION('',(0.,0.,1.));
#8595 = PCURVE('',#7908,#8596);
#8596 = DEFINITIONAL_REPRESENTATION('',(#8597),#8601);
#8597 = LINE('',#8598,#8599);
#8598 = CARTESIAN_POINT('',(0.,34.));
#8599 = VECTOR('',#8600,1.);
#8600 = DIRECTION('',(1.,0.));
#8601 = ( GEOMETRIC_REPRESENTATION_CONTEXT(2) 
PARAMETRIC_REPRESENTATION_CONTEXT() REPRESENTATION_CONTEXT('2D SPACE',''
  ) );
#8602 = PCURVE('',#7933,#8603);
#8603 = DEFINITIONAL_REPRESENTATION('',(#8604),#8608);
#8604 = LINE('',#8605,#8606);
#8605 = CARTESIAN_POINT('',(0.,-10.));
#8606 = VECTOR('',#8607,1.);
#8607 = DIRECTION('',(1.,0.));
#8608 = ( GEOMETRIC_REPRESENTATION_CONTEXT(2) 
PARAMETRIC_REPRESENTATION_CONTEXT() REPRESENTATION_CONTEXT('2D SPACE',''
  ) );
#8609 = ORIENTED_EDGE('',*,*,#8610,.F.);
#8610 = EDGE_CURVE('',#8611,#8588,#8613,.T.);
#8611 = VERTEX_POINT('',#8612);
#8612 = CARTESIAN_POINT('',(-17.,359.,82.));
#8613 = SURFACE_CURVE('',#8614,(#8618,#8625),.PCURVE_S1.);
#8614 = LINE('',#8615,#8616);
#8615 = CARTESIAN_POINT('',(-17.,359.,82.));
#8616 = VECTOR('',#8617,1.);
#8617 = DIRECTION('',(1.,0.,0.));
#8618 = PCURVE('',#7908,#8619);
#8619 = DEFINITIONAL_REPRESENTATION('',(#8620),#8624);
#8620 = LINE('',#8621,#8622);
#8621 = CARTESIAN_POINT('',(0.,0.));
#8622 = VECTOR('',#8623,1.);
#8623 = DIRECTION('',(0.,1.));
#8624 = ( GEOMETRIC_REPRESENTATION_CONTEXT(2) 
PARAMETRIC_REPRESENTATION_CONTEXT() REPRESENTATION_CONTEXT('2D SPACE',''
  ) );
#8625 = PCURVE('',#8626,#8631);
#8626 = PLANE('',#8627);
#8627 = AXIS2_PLACEMENT_3D('',#8628,#8629,#8630);
#8628 = CARTESIAN_POINT('',(-17.,349.,82.));
#8629 = DIRECTION('',(0.,0.,1.));
#8630 = DIRECTION('',(1.,0.,0.));
#8631 = DEFINITIONAL_REPRESENTATION('',(#8632),#8636);
#8632 = LINE('',#8633,#8634);
#8633 = CARTESIAN_POINT('',(0.,10.));
#8634 = VECTOR('',#8635,1.);
#8635 = DIRECTION('',(1.,0.));
#8636 = ( GEOMETRIC_REPRESENTATION_CONTEXT(2) 
PARAMETRIC_REPRESENTATION_CONTEXT() REPRESENTATION_CONTEXT('2D SPACE',''
  ) );
#8637 = ORIENTED_EDGE('',*,*,#8638,.T.);
#8638 = EDGE_CURVE('',#8611,#7866,#8639,.T.);
#8639 = SURFACE_CURVE('',#8640,(#8644,#8651),.PCURVE_S1.);
#8640 = LINE('',#8641,#8642);
#8641 = CARTESIAN_POINT('',(-17.,359.,82.));
#8642 = VECTOR('',#8643,1.);
#8643 = DIRECTION('',(0.,0.,1.));
#8644 = PCURVE('',#7908,#8645);
#8645 = DEFINITIONAL_REPRESENTATION('',(#8646),#8650);
#8646 = LINE('',#8647,#8648);
#8647 = CARTESIAN_POINT('',(0.,0.));
#8648 = VECTOR('',#8649,1.);
#8649 = DIRECTION('',(1.,0.));
#8650 = ( GEOMETRIC_REPRESENTATION_CONTEXT(2) 
PARAMETRIC_REPRESENTATION_CONTEXT() REPRESENTATION_CONTEXT('2D SPACE',''
  ) );
#8651 = PCURVE('',#7880,#8652);
#8652 = DEFINITIONAL_REPRESENTATION('',(#8653),#8657);
#8653 = LINE('',#8654,#8655);
#8654 = CARTESIAN_POINT('',(0.,-10.));
#8655 = VECTOR('',#8656,1.);
#8656 = DIRECTION('',(1.,0.));
#8657 = ( GEOMETRIC_REPRESENTATION_CONTEXT(2) 
PARAMETRIC_REPRESENTATION_CONTEXT() REPRESENTATION_CONTEXT('2D SPACE',''
  ) );
#8658 = ORIENTED_EDGE('',*,*,#7891,.T.);
#8659 = ADVANCED_FACE('',(#8660),#8626,.T.);
#8660 = FACE_BOUND('',#8661,.T.);
#8661 = EDGE_LOOP('',(#8662,#8685,#8708,#8729));
#8662 = ORIENTED_EDGE('',*,*,#8663,.F.);
#8663 = EDGE_CURVE('',#8664,#8611,#8666,.T.);
#8664 = VERTEX_POINT('',#8665);
#8665 = CARTESIAN_POINT('',(-17.,349.,82.));
#8666 = SURFACE_CURVE('',#8667,(#8671,#8678),.PCURVE_S1.);
#8667 = LINE('',#8668,#8669);
#8668 = CARTESIAN_POINT('',(-17.,349.,82.));
#8669 = VECTOR('',#8670,1.);
#8670 = DIRECTION('',(0.,1.,0.));
#8671 = PCURVE('',#8626,#8672);
#8672 = DEFINITIONAL_REPRESENTATION('',(#8673),#8677);
#8673 = LINE('',#8674,#8675);
#8674 = CARTESIAN_POINT('',(0.,0.));
#8675 = VECTOR('',#8676,1.);
#8676 = DIRECTION('',(0.,1.));
#8677 = ( GEOMETRIC_REPRESENTATION_CONTEXT(2) 
PARAMETRIC_REPRESENTATION_CONTEXT() REPRESENTATION_CONTEXT('2D SPACE',''
  ) );
#8678 = PCURVE('',#7880,#8679);
#8679 = DEFINITIONAL_REPRESENTATION('',(#8680),#8684);
#8680 = LINE('',#8681,#8682);
#8681 = CARTESIAN_POINT('',(0.,0.));
#8682 = VECTOR('',#8683,1.);
#8683 = DIRECTION('',(0.,-1.));
#8684 = ( GEOMETRIC_REPRESENTATION_CONTEXT(2) 
PARAMETRIC_REPRESENTATION_CONTEXT() REPRESENTATION_CONTEXT('2D SPACE',''
  ) );
#8685 = ORIENTED_EDGE('',*,*,#8686,.T.);
#8686 = EDGE_CURVE('',#8664,#8687,#8689,.T.);
#8687 = VERTEX_POINT('',#8688);
#8688 = CARTESIAN_POINT('',(17.,349.,82.));
#8689 = SURFACE_CURVE('',#8690,(#8694,#8701),.PCURVE_S1.);
#8690 = LINE('',#8691,#8692);
#8691 = CARTESIAN_POINT('',(-17.,349.,82.));
#8692 = VECTOR('',#8693,1.);
#8693 = DIRECTION('',(1.,0.,0.));
#8694 = PCURVE('',#8626,#8695);
#8695 = DEFINITIONAL_REPRESENTATION('',(#8696),#8700);
#8696 = LINE('',#8697,#8698);
#8697 = CARTESIAN_POINT('',(0.,0.));
#8698 = VECTOR('',#8699,1.);
#8699 = DIRECTION('',(1.,0.));
#8700 = ( GEOMETRIC_REPRESENTATION_CONTEXT(2) 
PARAMETRIC_REPRESENTATION_CONTEXT() REPRESENTATION_CONTEXT('2D SPACE',''
  ) );
#8701 = PCURVE('',#7853,#8702);
#8702 = DEFINITIONAL_REPRESENTATION('',(#8703),#8707);
#8703 = LINE('',#8704,#8705);
#8704 = CARTESIAN_POINT('',(0.,0.));
#8705 = VECTOR('',#8706,1.);
#8706 = DIRECTION('',(0.,1.));
#8707 = ( GEOMETRIC_REPRESENTATION_CONTEXT(2) 
PARAMETRIC_REPRESENTATION_CONTEXT() REPRESENTATION_CONTEXT('2D SPACE',''
  ) );
#8708 = ORIENTED_EDGE('',*,*,#8709,.T.);
#8709 = EDGE_CURVE('',#8687,#8588,#8710,.T.);
#8710 = SURFACE_CURVE('',#8711,(#8715,#8722),.PCURVE_S1.);
#8711 = LINE('',#8712,#8713);
#8712 = CARTESIAN_POINT('',(17.,349.,82.));
#8713 = VECTOR('',#8714,1.);
#8714 = DIRECTION('',(0.,1.,0.));
#8715 = PCURVE('',#8626,#8716);
#8716 = DEFINITIONAL_REPRESENTATION('',(#8717),#8721);
#8717 = LINE('',#8718,#8719);
#8718 = CARTESIAN_POINT('',(34.,0.));
#8719 = VECTOR('',#8720,1.);
#8720 = DIRECTION('',(0.,1.));
#8721 = ( GEOMETRIC_REPRESENTATION_CONTEXT(2) 
PARAMETRIC_REPRESENTATION_CONTEXT() REPRESENTATION_CONTEXT('2D SPACE',''
  ) );
#8722 = PCURVE('',#7933,#8723);
#8723 = DEFINITIONAL_REPRESENTATION('',(#8724),#8728);
#8724 = LINE('',#8725,#8726);
#8725 = CARTESIAN_POINT('',(0.,0.));
#8726 = VECTOR('',#8727,1.);
#8727 = DIRECTION('',(0.,-1.));
#8728 = ( GEOMETRIC_REPRESENTATION_CONTEXT(2) 
PARAMETRIC_REPRESENTATION_CONTEXT() REPRESENTATION_CONTEXT('2D SPACE',''
  ) );
#8729 = ORIENTED_EDGE('',*,*,#8610,.F.);
#8730 = ADVANCED_FACE('',(#8731),#7933,.F.);
#8731 = FACE_BOUND('',#8732,.F.);
#8732 = EDGE_LOOP('',(#8733,#8754,#8755,#8756));
#8733 = ORIENTED_EDGE('',*,*,#8734,.F.);
#8734 = EDGE_CURVE('',#8687,#7837,#8735,.T.);
#8735 = SURFACE_CURVE('',#8736,(#8740,#8747),.PCURVE_S1.);
#8736 = LINE('',#8737,#8738);
#8737 = CARTESIAN_POINT('',(17.,349.,82.));
#8738 = VECTOR('',#8739,1.);
#8739 = DIRECTION('',(0.,0.,1.));
#8740 = PCURVE('',#7933,#8741);
#8741 = DEFINITIONAL_REPRESENTATION('',(#8742),#8746);
#8742 = LINE('',#8743,#8744);
#8743 = CARTESIAN_POINT('',(0.,0.));
#8744 = VECTOR('',#8745,1.);
#8745 = DIRECTION('',(1.,0.));
#8746 = ( GEOMETRIC_REPRESENTATION_CONTEXT(2) 
PARAMETRIC_REPRESENTATION_CONTEXT() REPRESENTATION_CONTEXT('2D SPACE',''
  ) );
#8747 = PCURVE('',#7853,#8748);
#8748 = DEFINITIONAL_REPRESENTATION('',(#8749),#8753);
#8749 = LINE('',#8750,#8751);
#8750 = CARTESIAN_POINT('',(0.,34.));
#8751 = VECTOR('',#8752,1.);
#8752 = DIRECTION('',(1.,0.));
#8753 = ( GEOMETRIC_REPRESENTATION_CONTEXT(2) 
PARAMETRIC_REPRESENTATION_CONTEXT() REPRESENTATION_CONTEXT('2D SPACE',''
  ) );
#8754 = ORIENTED_EDGE('',*,*,#8709,.T.);
#8755 = ORIENTED_EDGE('',*,*,#8587,.T.);
#8756 = ORIENTED_EDGE('',*,*,#7920,.F.);
#8757 = ADVANCED_FACE('',(#8758),#7880,.T.);
#8758 = FACE_BOUND('',#8759,.T.);
#8759 = EDGE_LOOP('',(#8760,#8781,#8782,#8783));
#8760 = ORIENTED_EDGE('',*,*,#8761,.F.);
#8761 = EDGE_CURVE('',#8664,#7835,#8762,.T.);
#8762 = SURFACE_CURVE('',#8763,(#8767,#8774),.PCURVE_S1.);
#8763 = LINE('',#8764,#8765);
#8764 = CARTESIAN_POINT('',(-17.,349.,82.));
#8765 = VECTOR('',#8766,1.);
#8766 = DIRECTION('',(0.,0.,1.));
#8767 = PCURVE('',#7880,#8768);
#8768 = DEFINITIONAL_REPRESENTATION('',(#8769),#8773);
#8769 = LINE('',#8770,#8771);
#8770 = CARTESIAN_POINT('',(0.,0.));
#8771 = VECTOR('',#8772,1.);
#8772 = DIRECTION('',(1.,0.));
#8773 = ( GEOMETRIC_REPRESENTATION_CONTEXT(2) 
PARAMETRIC_REPRESENTATION_CONTEXT() REPRESENTATION_CONTEXT('2D SPACE',''
  ) );
#8774 = PCURVE('',#7853,#8775);
#8775 = DEFINITIONAL_REPRESENTATION('',(#8776),#8780);
#8776 = LINE('',#8777,#8778);
#8777 = CARTESIAN_POINT('',(0.,0.));
#8778 = VECTOR('',#8779,1.);
#8779 = DIRECTION('',(1.,0.));
#8780 = ( GEOMETRIC_REPRESENTATION_CONTEXT(2) 
PARAMETRIC_REPRESENTATION_CONTEXT() REPRESENTATION_CONTEXT('2D SPACE',''
  ) );
#8781 = ORIENTED_EDGE('',*,*,#8663,.T.);
#8782 = ORIENTED_EDGE('',*,*,#8638,.T.);
#8783 = ORIENTED_EDGE('',*,*,#7865,.F.);
#8784 = ADVANCED_FACE('',(#8785),#7853,.T.);
#8785 = FACE_BOUND('',#8786,.T.);
#8786 = EDGE_LOOP('',(#8787,#8788,#8789,#8790));
#8787 = ORIENTED_EDGE('',*,*,#8734,.F.);
#8788 = ORIENTED_EDGE('',*,*,#8686,.F.);
#8789 = ORIENTED_EDGE('',*,*,#8761,.T.);
#8790 = ORIENTED_EDGE('',*,*,#7834,.T.);
#8791 = ADVANCED_FACE('',(#8792),#7768,.T.);
#8792 = FACE_BOUND('',#8793,.T.);
#8793 = EDGE_LOOP('',(#8794,#8817,#8845,#8866));
#8794 = ORIENTED_EDGE('',*,*,#8795,.F.);
#8795 = EDGE_CURVE('',#8796,#7723,#8798,.T.);
#8796 = VERTEX_POINT('',#8797);
#8797 = CARTESIAN_POINT('',(-55.72243186433,349.,62.514083110324));
#8798 = SURFACE_CURVE('',#8799,(#8803,#8810),.PCURVE_S1.);
#8799 = LINE('',#8800,#8801);
#8800 = CARTESIAN_POINT('',(-55.72243186433,349.,62.514083110324));
#8801 = VECTOR('',#8802,1.);
#8802 = DIRECTION('',(-0.5,0.,0.866025403784));
#8803 = PCURVE('',#7768,#8804);
#8804 = DEFINITIONAL_REPRESENTATION('',(#8805),#8809);
#8805 = LINE('',#8806,#8807);
#8806 = CARTESIAN_POINT('',(0.,0.));
#8807 = VECTOR('',#8808,1.);
#8808 = DIRECTION('',(1.,0.));
#8809 = ( GEOMETRIC_REPRESENTATION_CONTEXT(2) 
PARAMETRIC_REPRESENTATION_CONTEXT() REPRESENTATION_CONTEXT('2D SPACE',''
  ) );
#8810 = PCURVE('',#7741,#8811);
#8811 = DEFINITIONAL_REPRESENTATION('',(#8812),#8816);
#8812 = LINE('',#8813,#8814);
#8813 = CARTESIAN_POINT('',(0.,0.));
#8814 = VECTOR('',#8815,1.);
#8815 = DIRECTION('',(1.,0.));
#8816 = ( GEOMETRIC_REPRESENTATION_CONTEXT(2) 
PARAMETRIC_REPRESENTATION_CONTEXT() REPRESENTATION_CONTEXT('2D SPACE',''
  ) );
#8817 = ORIENTED_EDGE('',*,*,#8818,.T.);
#8818 = EDGE_CURVE('',#8796,#8819,#8821,.T.);
#8819 = VERTEX_POINT('',#8820);
#8820 = CARTESIAN_POINT('',(-55.72243186433,359.,62.514083110324));
#8821 = SURFACE_CURVE('',#8822,(#8826,#8833),.PCURVE_S1.);
#8822 = LINE('',#8823,#8824);
#8823 = CARTESIAN_POINT('',(-55.72243186433,349.,62.514083110324));
#8824 = VECTOR('',#8825,1.);
#8825 = DIRECTION('',(0.,1.,0.));
#8826 = PCURVE('',#7768,#8827);
#8827 = DEFINITIONAL_REPRESENTATION('',(#8828),#8832);
#8828 = LINE('',#8829,#8830);
#8829 = CARTESIAN_POINT('',(0.,0.));
#8830 = VECTOR('',#8831,1.);
#8831 = DIRECTION('',(0.,-1.));
#8832 = ( GEOMETRIC_REPRESENTATION_CONTEXT(2) 
PARAMETRIC_REPRESENTATION_CONTEXT() REPRESENTATION_CONTEXT('2D SPACE',''
  ) );
#8833 = PCURVE('',#8834,#8839);
#8834 = PLANE('',#8835);
#8835 = AXIS2_PLACEMENT_3D('',#8836,#8837,#8838);
#8836 = CARTESIAN_POINT('',(-55.72243186433,349.,62.514083110324));
#8837 = DIRECTION('',(-0.5,0.,0.866025403784));
#8838 = DIRECTION('',(0.866025403784,0.,0.5));
#8839 = DEFINITIONAL_REPRESENTATION('',(#8840),#8844);
#8840 = LINE('',#8841,#8842);
#8841 = CARTESIAN_POINT('',(0.,0.));
#8842 = VECTOR('',#8843,1.);
#8843 = DIRECTION('',(0.,1.));
#8844 = ( GEOMETRIC_REPRESENTATION_CONTEXT(2) 
PARAMETRIC_REPRESENTATION_CONTEXT() REPRESENTATION_CONTEXT('2D SPACE',''
  ) );
#8845 = ORIENTED_EDGE('',*,*,#8846,.T.);
#8846 = EDGE_CURVE('',#8819,#7754,#8847,.T.);
#8847 = SURFACE_CURVE('',#8848,(#8852,#8859),.PCURVE_S1.);
#8848 = LINE('',#8849,#8850);
#8849 = CARTESIAN_POINT('',(-55.72243186433,359.,62.514083110324));
#8850 = VECTOR('',#8851,1.);
#8851 = DIRECTION('',(-0.5,0.,0.866025403784));
#8852 = PCURVE('',#7768,#8853);
#8853 = DEFINITIONAL_REPRESENTATION('',(#8854),#8858);
#8854 = LINE('',#8855,#8856);
#8855 = CARTESIAN_POINT('',(0.,-10.));
#8856 = VECTOR('',#8857,1.);
#8857 = DIRECTION('',(1.,0.));
#8858 = ( GEOMETRIC_REPRESENTATION_CONTEXT(2) 
PARAMETRIC_REPRESENTATION_CONTEXT() REPRESENTATION_CONTEXT('2D SPACE',''
  ) );
#8859 = PCURVE('',#7796,#8860);
#8860 = DEFINITIONAL_REPRESENTATION('',(#8861),#8865);
#8861 = LINE('',#8862,#8863);
#8862 = CARTESIAN_POINT('',(0.,0.));
#8863 = VECTOR('',#8864,1.);
#8864 = DIRECTION('',(1.,0.));
#8865 = ( GEOMETRIC_REPRESENTATION_CONTEXT(2) 
PARAMETRIC_REPRESENTATION_CONTEXT() REPRESENTATION_CONTEXT('2D SPACE',''
  ) );
#8866 = ORIENTED_EDGE('',*,*,#7753,.F.);
#8867 = ADVANCED_FACE('',(#8868),#8834,.T.);
#8868 = FACE_BOUND('',#8869,.T.);
#8869 = EDGE_LOOP('',(#8870,#8871,#8894,#8917));
#8870 = ORIENTED_EDGE('',*,*,#8818,.F.);
#8871 = ORIENTED_EDGE('',*,*,#8872,.T.);
#8872 = EDGE_CURVE('',#8796,#8873,#8875,.T.);
#8873 = VERTEX_POINT('',#8874);
#8874 = CARTESIAN_POINT('',(-26.27756813566,349.,79.514083110324));
#8875 = SURFACE_CURVE('',#8876,(#8880,#8887),.PCURVE_S1.);
#8876 = LINE('',#8877,#8878);
#8877 = CARTESIAN_POINT('',(-55.72243186433,349.,62.514083110324));
#8878 = VECTOR('',#8879,1.);
#8879 = DIRECTION('',(0.866025403784,0.,0.5));
#8880 = PCURVE('',#8834,#8881);
#8881 = DEFINITIONAL_REPRESENTATION('',(#8882),#8886);
#8882 = LINE('',#8883,#8884);
#8883 = CARTESIAN_POINT('',(0.,0.));
#8884 = VECTOR('',#8885,1.);
#8885 = DIRECTION('',(1.,0.));
#8886 = ( GEOMETRIC_REPRESENTATION_CONTEXT(2) 
PARAMETRIC_REPRESENTATION_CONTEXT() REPRESENTATION_CONTEXT('2D SPACE',''
  ) );
#8887 = PCURVE('',#7741,#8888);
#8888 = DEFINITIONAL_REPRESENTATION('',(#8889),#8893);
#8889 = LINE('',#8890,#8891);
#8890 = CARTESIAN_POINT('',(0.,0.));
#8891 = VECTOR('',#8892,1.);
#8892 = DIRECTION('',(0.,1.));
#8893 = ( GEOMETRIC_REPRESENTATION_CONTEXT(2) 
PARAMETRIC_REPRESENTATION_CONTEXT() REPRESENTATION_CONTEXT('2D SPACE',''
  ) );
#8894 = ORIENTED_EDGE('',*,*,#8895,.T.);
#8895 = EDGE_CURVE('',#8873,#8896,#8898,.T.);
#8896 = VERTEX_POINT('',#8897);
#8897 = CARTESIAN_POINT('',(-26.27756813566,359.,79.514083110324));
#8898 = SURFACE_CURVE('',#8899,(#8903,#8910),.PCURVE_S1.);
#8899 = LINE('',#8900,#8901);
#8900 = CARTESIAN_POINT('',(-26.27756813566,349.,79.514083110324));
#8901 = VECTOR('',#8902,1.);
#8902 = DIRECTION('',(0.,1.,0.));
#8903 = PCURVE('',#8834,#8904);
#8904 = DEFINITIONAL_REPRESENTATION('',(#8905),#8909);
#8905 = LINE('',#8906,#8907);
#8906 = CARTESIAN_POINT('',(34.,0.));
#8907 = VECTOR('',#8908,1.);
#8908 = DIRECTION('',(0.,1.));
#8909 = ( GEOMETRIC_REPRESENTATION_CONTEXT(2) 
PARAMETRIC_REPRESENTATION_CONTEXT() REPRESENTATION_CONTEXT('2D SPACE',''
  ) );
#8910 = PCURVE('',#7821,#8911);
#8911 = DEFINITIONAL_REPRESENTATION('',(#8912),#8916);
#8912 = LINE('',#8913,#8914);
#8913 = CARTESIAN_POINT('',(0.,0.));
#8914 = VECTOR('',#8915,1.);
#8915 = DIRECTION('',(0.,-1.));
#8916 = ( GEOMETRIC_REPRESENTATION_CONTEXT(2) 
PARAMETRIC_REPRESENTATION_CONTEXT() REPRESENTATION_CONTEXT('2D SPACE',''
  ) );
#8917 = ORIENTED_EDGE('',*,*,#8918,.F.);
#8918 = EDGE_CURVE('',#8819,#8896,#8919,.T.);
#8919 = SURFACE_CURVE('',#8920,(#8924,#8931),.PCURVE_S1.);
#8920 = LINE('',#8921,#8922);
#8921 = CARTESIAN_POINT('',(-55.72243186433,359.,62.514083110324));
#8922 = VECTOR('',#8923,1.);
#8923 = DIRECTION('',(0.866025403784,0.,0.5));
#8924 = PCURVE('',#8834,#8925);
#8925 = DEFINITIONAL_REPRESENTATION('',(#8926),#8930);
#8926 = LINE('',#8927,#8928);
#8927 = CARTESIAN_POINT('',(0.,10.));
#8928 = VECTOR('',#8929,1.);
#8929 = DIRECTION('',(1.,0.));
#8930 = ( GEOMETRIC_REPRESENTATION_CONTEXT(2) 
PARAMETRIC_REPRESENTATION_CONTEXT() REPRESENTATION_CONTEXT('2D SPACE',''
  ) );
#8931 = PCURVE('',#7796,#8932);
#8932 = DEFINITIONAL_REPRESENTATION('',(#8933),#8937);
#8933 = LINE('',#8934,#8935);
#8934 = CARTESIAN_POINT('',(0.,0.));
#8935 = VECTOR('',#8936,1.);
#8936 = DIRECTION('',(0.,1.));
#8937 = ( GEOMETRIC_REPRESENTATION_CONTEXT(2) 
PARAMETRIC_REPRESENTATION_CONTEXT() REPRESENTATION_CONTEXT('2D SPACE',''
  ) );
#8938 = ADVANCED_FACE('',(#8939),#7796,.F.);
#8939 = FACE_BOUND('',#8940,.F.);
#8940 = EDGE_LOOP('',(#8941,#8962,#8963,#8964));
#8941 = ORIENTED_EDGE('',*,*,#8942,.F.);
#8942 = EDGE_CURVE('',#8896,#7780,#8943,.T.);
#8943 = SURFACE_CURVE('',#8944,(#8948,#8955),.PCURVE_S1.);
#8944 = LINE('',#8945,#8946);
#8945 = CARTESIAN_POINT('',(-26.27756813566,359.,79.514083110324));
#8946 = VECTOR('',#8947,1.);
#8947 = DIRECTION('',(-0.5,0.,0.866025403784));
#8948 = PCURVE('',#7796,#8949);
#8949 = DEFINITIONAL_REPRESENTATION('',(#8950),#8954);
#8950 = LINE('',#8951,#8952);
#8951 = CARTESIAN_POINT('',(0.,34.));
#8952 = VECTOR('',#8953,1.);
#8953 = DIRECTION('',(1.,0.));
#8954 = ( GEOMETRIC_REPRESENTATION_CONTEXT(2) 
PARAMETRIC_REPRESENTATION_CONTEXT() REPRESENTATION_CONTEXT('2D SPACE',''
  ) );
#8955 = PCURVE('',#7821,#8956);
#8956 = DEFINITIONAL_REPRESENTATION('',(#8957),#8961);
#8957 = LINE('',#8958,#8959);
#8958 = CARTESIAN_POINT('',(0.,-10.));
#8959 = VECTOR('',#8960,1.);
#8960 = DIRECTION('',(1.,0.));
#8961 = ( GEOMETRIC_REPRESENTATION_CONTEXT(2) 
PARAMETRIC_REPRESENTATION_CONTEXT() REPRESENTATION_CONTEXT('2D SPACE',''
  ) );
#8962 = ORIENTED_EDGE('',*,*,#8918,.F.);
#8963 = ORIENTED_EDGE('',*,*,#8846,.T.);
#8964 = ORIENTED_EDGE('',*,*,#7779,.T.);
#8965 = ADVANCED_FACE('',(#8966),#7821,.F.);
#8966 = FACE_BOUND('',#8967,.F.);
#8967 = EDGE_LOOP('',(#8968,#8989,#8990,#8991));
#8968 = ORIENTED_EDGE('',*,*,#8969,.F.);
#8969 = EDGE_CURVE('',#8873,#7725,#8970,.T.);
#8970 = SURFACE_CURVE('',#8971,(#8975,#8982),.PCURVE_S1.);
#8971 = LINE('',#8972,#8973);
#8972 = CARTESIAN_POINT('',(-26.27756813566,349.,79.514083110324));
#8973 = VECTOR('',#8974,1.);
#8974 = DIRECTION('',(-0.5,0.,0.866025403784));
#8975 = PCURVE('',#7821,#8976);
#8976 = DEFINITIONAL_REPRESENTATION('',(#8977),#8981);
#8977 = LINE('',#8978,#8979);
#8978 = CARTESIAN_POINT('',(0.,0.));
#8979 = VECTOR('',#8980,1.);
#8980 = DIRECTION('',(1.,0.));
#8981 = ( GEOMETRIC_REPRESENTATION_CONTEXT(2) 
PARAMETRIC_REPRESENTATION_CONTEXT() REPRESENTATION_CONTEXT('2D SPACE',''
  ) );
#8982 = PCURVE('',#7741,#8983);
#8983 = DEFINITIONAL_REPRESENTATION('',(#8984),#8988);
#8984 = LINE('',#8985,#8986);
#8985 = CARTESIAN_POINT('',(0.,34.));
#8986 = VECTOR('',#8987,1.);
#8987 = DIRECTION('',(1.,0.));
#8988 = ( GEOMETRIC_REPRESENTATION_CONTEXT(2) 
PARAMETRIC_REPRESENTATION_CONTEXT() REPRESENTATION_CONTEXT('2D SPACE',''
  ) );
#8989 = ORIENTED_EDGE('',*,*,#8895,.T.);
#8990 = ORIENTED_EDGE('',*,*,#8942,.T.);
#8991 = ORIENTED_EDGE('',*,*,#7808,.F.);
#8992 = ADVANCED_FACE('',(#8993),#7741,.T.);
#8993 = FACE_BOUND('',#8994,.T.);
#8994 = EDGE_LOOP('',(#8995,#8996,#8997,#8998));
#8995 = ORIENTED_EDGE('',*,*,#8969,.F.);
#8996 = ORIENTED_EDGE('',*,*,#8872,.F.);
#8997 = ORIENTED_EDGE('',*,*,#8795,.T.);
#8998 = ORIENTED_EDGE('',*,*,#7722,.T.);
#8999 = ADVANCED_FACE('',(#9000),#7684,.F.);
#9000 = FACE_BOUND('',#9001,.F.);
#9001 = EDGE_LOOP('',(#9002,#9025,#9053,#9074));
#9002 = ORIENTED_EDGE('',*,*,#9003,.F.);
#9003 = EDGE_CURVE('',#9004,#7668,#9006,.T.);
#9004 = VERTEX_POINT('',#9005);
#9005 = CARTESIAN_POINT('',(-62.51408311032,359.,55.722431864335));
#9006 = SURFACE_CURVE('',#9007,(#9011,#9018),.PCURVE_S1.);
#9007 = LINE('',#9008,#9009);
#9008 = CARTESIAN_POINT('',(-62.51408311032,359.,55.722431864335));
#9009 = VECTOR('',#9010,1.);
#9010 = DIRECTION('',(-0.866025403784,0.,0.5));
#9011 = PCURVE('',#7684,#9012);
#9012 = DEFINITIONAL_REPRESENTATION('',(#9013),#9017);
#9013 = LINE('',#9014,#9015);
#9014 = CARTESIAN_POINT('',(0.,34.));
#9015 = VECTOR('',#9016,1.);
#9016 = DIRECTION('',(1.,0.));
#9017 = ( GEOMETRIC_REPRESENTATION_CONTEXT(2) 
PARAMETRIC_REPRESENTATION_CONTEXT() REPRESENTATION_CONTEXT('2D SPACE',''
  ) );
#9018 = PCURVE('',#7709,#9019);
#9019 = DEFINITIONAL_REPRESENTATION('',(#9020),#9024);
#9020 = LINE('',#9021,#9022);
#9021 = CARTESIAN_POINT('',(0.,-10.));
#9022 = VECTOR('',#9023,1.);
#9023 = DIRECTION('',(1.,0.));
#9024 = ( GEOMETRIC_REPRESENTATION_CONTEXT(2) 
PARAMETRIC_REPRESENTATION_CONTEXT() REPRESENTATION_CONTEXT('2D SPACE',''
  ) );
#9025 = ORIENTED_EDGE('',*,*,#9026,.F.);
#9026 = EDGE_CURVE('',#9027,#9004,#9029,.T.);
#9027 = VERTEX_POINT('',#9028);
#9028 = CARTESIAN_POINT('',(-79.51408311032,359.,26.277568135665));
#9029 = SURFACE_CURVE('',#9030,(#9034,#9041),.PCURVE_S1.);
#9030 = LINE('',#9031,#9032);
#9031 = CARTESIAN_POINT('',(-79.51408311032,359.,26.277568135665));
#9032 = VECTOR('',#9033,1.);
#9033 = DIRECTION('',(0.5,0.,0.866025403784));
#9034 = PCURVE('',#7684,#9035);
#9035 = DEFINITIONAL_REPRESENTATION('',(#9036),#9040);
#9036 = LINE('',#9037,#9038);
#9037 = CARTESIAN_POINT('',(0.,0.));
#9038 = VECTOR('',#9039,1.);
#9039 = DIRECTION('',(0.,1.));
#9040 = ( GEOMETRIC_REPRESENTATION_CONTEXT(2) 
PARAMETRIC_REPRESENTATION_CONTEXT() REPRESENTATION_CONTEXT('2D SPACE',''
  ) );
#9041 = PCURVE('',#9042,#9047);
#9042 = PLANE('',#9043);
#9043 = AXIS2_PLACEMENT_3D('',#9044,#9045,#9046);
#9044 = CARTESIAN_POINT('',(-79.51408311032,349.,26.277568135665));
#9045 = DIRECTION('',(-0.866025403784,0.,0.5));
#9046 = DIRECTION('',(0.5,0.,0.866025403784));
#9047 = DEFINITIONAL_REPRESENTATION('',(#9048),#9052);
#9048 = LINE('',#9049,#9050);
#9049 = CARTESIAN_POINT('',(0.,10.));
#9050 = VECTOR('',#9051,1.);
#9051 = DIRECTION('',(1.,0.));
#9052 = ( GEOMETRIC_REPRESENTATION_CONTEXT(2) 
PARAMETRIC_REPRESENTATION_CONTEXT() REPRESENTATION_CONTEXT('2D SPACE',''
  ) );
#9053 = ORIENTED_EDGE('',*,*,#9054,.T.);
#9054 = EDGE_CURVE('',#9027,#7642,#9055,.T.);
#9055 = SURFACE_CURVE('',#9056,(#9060,#9067),.PCURVE_S1.);
#9056 = LINE('',#9057,#9058);
#9057 = CARTESIAN_POINT('',(-79.51408311032,359.,26.277568135665));
#9058 = VECTOR('',#9059,1.);
#9059 = DIRECTION('',(-0.866025403784,0.,0.5));
#9060 = PCURVE('',#7684,#9061);
#9061 = DEFINITIONAL_REPRESENTATION('',(#9062),#9066);
#9062 = LINE('',#9063,#9064);
#9063 = CARTESIAN_POINT('',(0.,0.));
#9064 = VECTOR('',#9065,1.);
#9065 = DIRECTION('',(1.,0.));
#9066 = ( GEOMETRIC_REPRESENTATION_CONTEXT(2) 
PARAMETRIC_REPRESENTATION_CONTEXT() REPRESENTATION_CONTEXT('2D SPACE',''
  ) );
#9067 = PCURVE('',#7656,#9068);
#9068 = DEFINITIONAL_REPRESENTATION('',(#9069),#9073);
#9069 = LINE('',#9070,#9071);
#9070 = CARTESIAN_POINT('',(0.,-10.));
#9071 = VECTOR('',#9072,1.);
#9072 = DIRECTION('',(1.,0.));
#9073 = ( GEOMETRIC_REPRESENTATION_CONTEXT(2) 
PARAMETRIC_REPRESENTATION_CONTEXT() REPRESENTATION_CONTEXT('2D SPACE',''
  ) );
#9074 = ORIENTED_EDGE('',*,*,#7667,.T.);
#9075 = ADVANCED_FACE('',(#9076),#9042,.T.);
#9076 = FACE_BOUND('',#9077,.T.);
#9077 = EDGE_LOOP('',(#9078,#9101,#9124,#9145));
#9078 = ORIENTED_EDGE('',*,*,#9079,.F.);
#9079 = EDGE_CURVE('',#9080,#9027,#9082,.T.);
#9080 = VERTEX_POINT('',#9081);
#9081 = CARTESIAN_POINT('',(-79.51408311032,349.,26.277568135665));
#9082 = SURFACE_CURVE('',#9083,(#9087,#9094),.PCURVE_S1.);
#9083 = LINE('',#9084,#9085);
#9084 = CARTESIAN_POINT('',(-79.51408311032,349.,26.277568135665));
#9085 = VECTOR('',#9086,1.);
#9086 = DIRECTION('',(0.,1.,0.));
#9087 = PCURVE('',#9042,#9088);
#9088 = DEFINITIONAL_REPRESENTATION('',(#9089),#9093);
#9089 = LINE('',#9090,#9091);
#9090 = CARTESIAN_POINT('',(0.,0.));
#9091 = VECTOR('',#9092,1.);
#9092 = DIRECTION('',(0.,1.));
#9093 = ( GEOMETRIC_REPRESENTATION_CONTEXT(2) 
PARAMETRIC_REPRESENTATION_CONTEXT() REPRESENTATION_CONTEXT('2D SPACE',''
  ) );
#9094 = PCURVE('',#7656,#9095);
#9095 = DEFINITIONAL_REPRESENTATION('',(#9096),#9100);
#9096 = LINE('',#9097,#9098);
#9097 = CARTESIAN_POINT('',(0.,0.));
#9098 = VECTOR('',#9099,1.);
#9099 = DIRECTION('',(0.,-1.));
#9100 = ( GEOMETRIC_REPRESENTATION_CONTEXT(2) 
PARAMETRIC_REPRESENTATION_CONTEXT() REPRESENTATION_CONTEXT('2D SPACE',''
  ) );
#9101 = ORIENTED_EDGE('',*,*,#9102,.T.);
#9102 = EDGE_CURVE('',#9080,#9103,#9105,.T.);
#9103 = VERTEX_POINT('',#9104);
#9104 = CARTESIAN_POINT('',(-62.51408311032,349.,55.722431864335));
#9105 = SURFACE_CURVE('',#9106,(#9110,#9117),.PCURVE_S1.);
#9106 = LINE('',#9107,#9108);
#9107 = CARTESIAN_POINT('',(-79.51408311032,349.,26.277568135665));
#9108 = VECTOR('',#9109,1.);
#9109 = DIRECTION('',(0.5,0.,0.866025403784));
#9110 = PCURVE('',#9042,#9111);
#9111 = DEFINITIONAL_REPRESENTATION('',(#9112),#9116);
#9112 = LINE('',#9113,#9114);
#9113 = CARTESIAN_POINT('',(0.,0.));
#9114 = VECTOR('',#9115,1.);
#9115 = DIRECTION('',(1.,0.));
#9116 = ( GEOMETRIC_REPRESENTATION_CONTEXT(2) 
PARAMETRIC_REPRESENTATION_CONTEXT() REPRESENTATION_CONTEXT('2D SPACE',''
  ) );
#9117 = PCURVE('',#7629,#9118);
#9118 = DEFINITIONAL_REPRESENTATION('',(#9119),#9123);
#9119 = LINE('',#9120,#9121);
#9120 = CARTESIAN_POINT('',(0.,0.));
#9121 = VECTOR('',#9122,1.);
#9122 = DIRECTION('',(0.,1.));
#9123 = ( GEOMETRIC_REPRESENTATION_CONTEXT(2) 
PARAMETRIC_REPRESENTATION_CONTEXT() REPRESENTATION_CONTEXT('2D SPACE',''
  ) );
#9124 = ORIENTED_EDGE('',*,*,#9125,.T.);
#9125 = EDGE_CURVE('',#9103,#9004,#9126,.T.);
#9126 = SURFACE_CURVE('',#9127,(#9131,#9138),.PCURVE_S1.);
#9127 = LINE('',#9128,#9129);
#9128 = CARTESIAN_POINT('',(-62.51408311032,349.,55.722431864335));
#9129 = VECTOR('',#9130,1.);
#9130 = DIRECTION('',(0.,1.,0.));
#9131 = PCURVE('',#9042,#9132);
#9132 = DEFINITIONAL_REPRESENTATION('',(#9133),#9137);
#9133 = LINE('',#9134,#9135);
#9134 = CARTESIAN_POINT('',(34.,0.));
#9135 = VECTOR('',#9136,1.);
#9136 = DIRECTION('',(0.,1.));
#9137 = ( GEOMETRIC_REPRESENTATION_CONTEXT(2) 
PARAMETRIC_REPRESENTATION_CONTEXT() REPRESENTATION_CONTEXT('2D SPACE',''
  ) );
#9138 = PCURVE('',#7709,#9139);
#9139 = DEFINITIONAL_REPRESENTATION('',(#9140),#9144);
#9140 = LINE('',#9141,#9142);
#9141 = CARTESIAN_POINT('',(0.,0.));
#9142 = VECTOR('',#9143,1.);
#9143 = DIRECTION('',(0.,-1.));
#9144 = ( GEOMETRIC_REPRESENTATION_CONTEXT(2) 
PARAMETRIC_REPRESENTATION_CONTEXT() REPRESENTATION_CONTEXT('2D SPACE',''
  ) );
#9145 = ORIENTED_EDGE('',*,*,#9026,.F.);
#9146 = ADVANCED_FACE('',(#9147),#7709,.F.);
#9147 = FACE_BOUND('',#9148,.F.);
#9148 = EDGE_LOOP('',(#9149,#9170,#9171,#9172));
#9149 = ORIENTED_EDGE('',*,*,#9150,.F.);
#9150 = EDGE_CURVE('',#9103,#7613,#9151,.T.);
#9151 = SURFACE_CURVE('',#9152,(#9156,#9163),.PCURVE_S1.);
#9152 = LINE('',#9153,#9154);
#9153 = CARTESIAN_POINT('',(-62.51408311032,349.,55.722431864335));
#9154 = VECTOR('',#9155,1.);
#9155 = DIRECTION('',(-0.866025403784,0.,0.5));
#9156 = PCURVE('',#7709,#9157);
#9157 = DEFINITIONAL_REPRESENTATION('',(#9158),#9162);
#9158 = LINE('',#9159,#9160);
#9159 = CARTESIAN_POINT('',(0.,0.));
#9160 = VECTOR('',#9161,1.);
#9161 = DIRECTION('',(1.,0.));
#9162 = ( GEOMETRIC_REPRESENTATION_CONTEXT(2) 
PARAMETRIC_REPRESENTATION_CONTEXT() REPRESENTATION_CONTEXT('2D SPACE',''
  ) );
#9163 = PCURVE('',#7629,#9164);
#9164 = DEFINITIONAL_REPRESENTATION('',(#9165),#9169);
#9165 = LINE('',#9166,#9167);
#9166 = CARTESIAN_POINT('',(0.,34.));
#9167 = VECTOR('',#9168,1.);
#9168 = DIRECTION('',(1.,0.));
#9169 = ( GEOMETRIC_REPRESENTATION_CONTEXT(2) 
PARAMETRIC_REPRESENTATION_CONTEXT() REPRESENTATION_CONTEXT('2D SPACE',''
  ) );
#9170 = ORIENTED_EDGE('',*,*,#9125,.T.);
#9171 = ORIENTED_EDGE('',*,*,#9003,.T.);
#9172 = ORIENTED_EDGE('',*,*,#7696,.F.);
#9173 = ADVANCED_FACE('',(#9174),#7656,.T.);
#9174 = FACE_BOUND('',#9175,.T.);
#9175 = EDGE_LOOP('',(#9176,#9197,#9198,#9199));
#9176 = ORIENTED_EDGE('',*,*,#9177,.F.);
#9177 = EDGE_CURVE('',#9080,#7611,#9178,.T.);
#9178 = SURFACE_CURVE('',#9179,(#9183,#9190),.PCURVE_S1.);
#9179 = LINE('',#9180,#9181);
#9180 = CARTESIAN_POINT('',(-79.51408311032,349.,26.277568135665));
#9181 = VECTOR('',#9182,1.);
#9182 = DIRECTION('',(-0.866025403784,0.,0.5));
#9183 = PCURVE('',#7656,#9184);
#9184 = DEFINITIONAL_REPRESENTATION('',(#9185),#9189);
#9185 = LINE('',#9186,#9187);
#9186 = CARTESIAN_POINT('',(0.,0.));
#9187 = VECTOR('',#9188,1.);
#9188 = DIRECTION('',(1.,0.));
#9189 = ( GEOMETRIC_REPRESENTATION_CONTEXT(2) 
PARAMETRIC_REPRESENTATION_CONTEXT() REPRESENTATION_CONTEXT('2D SPACE',''
  ) );
#9190 = PCURVE('',#7629,#9191);
#9191 = DEFINITIONAL_REPRESENTATION('',(#9192),#9196);
#9192 = LINE('',#9193,#9194);
#9193 = CARTESIAN_POINT('',(0.,0.));
#9194 = VECTOR('',#9195,1.);
#9195 = DIRECTION('',(1.,0.));
#9196 = ( GEOMETRIC_REPRESENTATION_CONTEXT(2) 
PARAMETRIC_REPRESENTATION_CONTEXT() REPRESENTATION_CONTEXT('2D SPACE',''
  ) );
#9197 = ORIENTED_EDGE('',*,*,#9079,.T.);
#9198 = ORIENTED_EDGE('',*,*,#9054,.T.);
#9199 = ORIENTED_EDGE('',*,*,#7641,.F.);
#9200 = ADVANCED_FACE('',(#9201),#7629,.T.);
#9201 = FACE_BOUND('',#9202,.T.);
#9202 = EDGE_LOOP('',(#9203,#9204,#9205,#9206));
#9203 = ORIENTED_EDGE('',*,*,#9150,.F.);
#9204 = ORIENTED_EDGE('',*,*,#9102,.F.);
#9205 = ORIENTED_EDGE('',*,*,#9177,.T.);
#9206 = ORIENTED_EDGE('',*,*,#7610,.T.);
#9207 = ADVANCED_FACE('',(#9208),#7572,.F.);
#9208 = FACE_BOUND('',#9209,.F.);
#9209 = EDGE_LOOP('',(#9210,#9233,#9261,#9282));
#9210 = ORIENTED_EDGE('',*,*,#9211,.F.);
#9211 = EDGE_CURVE('',#9212,#7556,#9214,.T.);
#9212 = VERTEX_POINT('',#9213);
#9213 = CARTESIAN_POINT('',(-82.,359.,17.));
#9214 = SURFACE_CURVE('',#9215,(#9219,#9226),.PCURVE_S1.);
#9215 = LINE('',#9216,#9217);
#9216 = CARTESIAN_POINT('',(-82.,359.,17.));
#9217 = VECTOR('',#9218,1.);
#9218 = DIRECTION('',(-1.,0.,-2.22044604925E-16));
#9219 = PCURVE('',#7572,#9220);
#9220 = DEFINITIONAL_REPRESENTATION('',(#9221),#9225);
#9221 = LINE('',#9222,#9223);
#9222 = CARTESIAN_POINT('',(0.,34.));
#9223 = VECTOR('',#9224,1.);
#9224 = DIRECTION('',(1.,0.));
#9225 = ( GEOMETRIC_REPRESENTATION_CONTEXT(2) 
PARAMETRIC_REPRESENTATION_CONTEXT() REPRESENTATION_CONTEXT('2D SPACE',''
  ) );
#9226 = PCURVE('',#7597,#9227);
#9227 = DEFINITIONAL_REPRESENTATION('',(#9228),#9232);
#9228 = LINE('',#9229,#9230);
#9229 = CARTESIAN_POINT('',(0.,-10.));
#9230 = VECTOR('',#9231,1.);
#9231 = DIRECTION('',(1.,0.));
#9232 = ( GEOMETRIC_REPRESENTATION_CONTEXT(2) 
PARAMETRIC_REPRESENTATION_CONTEXT() REPRESENTATION_CONTEXT('2D SPACE',''
  ) );
#9233 = ORIENTED_EDGE('',*,*,#9234,.F.);
#9234 = EDGE_CURVE('',#9235,#9212,#9237,.T.);
#9235 = VERTEX_POINT('',#9236);
#9236 = CARTESIAN_POINT('',(-82.,359.,-17.));
#9237 = SURFACE_CURVE('',#9238,(#9242,#9249),.PCURVE_S1.);
#9238 = LINE('',#9239,#9240);
#9239 = CARTESIAN_POINT('',(-82.,359.,-17.));
#9240 = VECTOR('',#9241,1.);
#9241 = DIRECTION('',(-2.22044604925E-16,0.,1.));
#9242 = PCURVE('',#7572,#9243);
#9243 = DEFINITIONAL_REPRESENTATION('',(#9244),#9248);
#9244 = LINE('',#9245,#9246);
#9245 = CARTESIAN_POINT('',(0.,0.));
#9246 = VECTOR('',#9247,1.);
#9247 = DIRECTION('',(0.,1.));
#9248 = ( GEOMETRIC_REPRESENTATION_CONTEXT(2) 
PARAMETRIC_REPRESENTATION_CONTEXT() REPRESENTATION_CONTEXT('2D SPACE',''
  ) );
#9249 = PCURVE('',#9250,#9255);
#9250 = PLANE('',#9251);
#9251 = AXIS2_PLACEMENT_3D('',#9252,#9253,#9254);
#9252 = CARTESIAN_POINT('',(-82.,349.,-17.));
#9253 = DIRECTION('',(-1.,0.,-2.22044604925E-16));
#9254 = DIRECTION('',(-2.22044604925E-16,0.,1.));
#9255 = DEFINITIONAL_REPRESENTATION('',(#9256),#9260);
#9256 = LINE('',#9257,#9258);
#9257 = CARTESIAN_POINT('',(0.,10.));
#9258 = VECTOR('',#9259,1.);
#9259 = DIRECTION('',(1.,0.));
#9260 = ( GEOMETRIC_REPRESENTATION_CONTEXT(2) 
PARAMETRIC_REPRESENTATION_CONTEXT() REPRESENTATION_CONTEXT('2D SPACE',''
  ) );
#9261 = ORIENTED_EDGE('',*,*,#9262,.T.);
#9262 = EDGE_CURVE('',#9235,#7530,#9263,.T.);
#9263 = SURFACE_CURVE('',#9264,(#9268,#9275),.PCURVE_S1.);
#9264 = LINE('',#9265,#9266);
#9265 = CARTESIAN_POINT('',(-82.,359.,-17.));
#9266 = VECTOR('',#9267,1.);
#9267 = DIRECTION('',(-1.,0.,-2.22044604925E-16));
#9268 = PCURVE('',#7572,#9269);
#9269 = DEFINITIONAL_REPRESENTATION('',(#9270),#9274);
#9270 = LINE('',#9271,#9272);
#9271 = CARTESIAN_POINT('',(0.,0.));
#9272 = VECTOR('',#9273,1.);
#9273 = DIRECTION('',(1.,0.));
#9274 = ( GEOMETRIC_REPRESENTATION_CONTEXT(2) 
PARAMETRIC_REPRESENTATION_CONTEXT() REPRESENTATION_CONTEXT('2D SPACE',''
  ) );
#9275 = PCURVE('',#7544,#9276);
#9276 = DEFINITIONAL_REPRESENTATION('',(#9277),#9281);
#9277 = LINE('',#9278,#9279);
#9278 = CARTESIAN_POINT('',(0.,-10.));
#9279 = VECTOR('',#9280,1.);
#9280 = DIRECTION('',(1.,0.));
#9281 = ( GEOMETRIC_REPRESENTATION_CONTEXT(2) 
PARAMETRIC_REPRESENTATION_CONTEXT() REPRESENTATION_CONTEXT('2D SPACE',''
  ) );
#9282 = ORIENTED_EDGE('',*,*,#7555,.T.);
#9283 = ADVANCED_FACE('',(#9284),#9250,.T.);
#9284 = FACE_BOUND('',#9285,.T.);
#9285 = EDGE_LOOP('',(#9286,#9309,#9332,#9353));
#9286 = ORIENTED_EDGE('',*,*,#9287,.F.);
#9287 = EDGE_CURVE('',#9288,#9235,#9290,.T.);
#9288 = VERTEX_POINT('',#9289);
#9289 = CARTESIAN_POINT('',(-82.,349.,-17.));
#9290 = SURFACE_CURVE('',#9291,(#9295,#9302),.PCURVE_S1.);
#9291 = LINE('',#9292,#9293);
#9292 = CARTESIAN_POINT('',(-82.,349.,-17.));
#9293 = VECTOR('',#9294,1.);
#9294 = DIRECTION('',(0.,1.,0.));
#9295 = PCURVE('',#9250,#9296);
#9296 = DEFINITIONAL_REPRESENTATION('',(#9297),#9301);
#9297 = LINE('',#9298,#9299);
#9298 = CARTESIAN_POINT('',(0.,0.));
#9299 = VECTOR('',#9300,1.);
#9300 = DIRECTION('',(0.,1.));
#9301 = ( GEOMETRIC_REPRESENTATION_CONTEXT(2) 
PARAMETRIC_REPRESENTATION_CONTEXT() REPRESENTATION_CONTEXT('2D SPACE',''
  ) );
#9302 = PCURVE('',#7544,#9303);
#9303 = DEFINITIONAL_REPRESENTATION('',(#9304),#9308);
#9304 = LINE('',#9305,#9306);
#9305 = CARTESIAN_POINT('',(0.,0.));
#9306 = VECTOR('',#9307,1.);
#9307 = DIRECTION('',(0.,-1.));
#9308 = ( GEOMETRIC_REPRESENTATION_CONTEXT(2) 
PARAMETRIC_REPRESENTATION_CONTEXT() REPRESENTATION_CONTEXT('2D SPACE',''
  ) );
#9309 = ORIENTED_EDGE('',*,*,#9310,.T.);
#9310 = EDGE_CURVE('',#9288,#9311,#9313,.T.);
#9311 = VERTEX_POINT('',#9312);
#9312 = CARTESIAN_POINT('',(-82.,349.,17.));
#9313 = SURFACE_CURVE('',#9314,(#9318,#9325),.PCURVE_S1.);
#9314 = LINE('',#9315,#9316);
#9315 = CARTESIAN_POINT('',(-82.,349.,-17.));
#9316 = VECTOR('',#9317,1.);
#9317 = DIRECTION('',(-2.22044604925E-16,0.,1.));
#9318 = PCURVE('',#9250,#9319);
#9319 = DEFINITIONAL_REPRESENTATION('',(#9320),#9324);
#9320 = LINE('',#9321,#9322);
#9321 = CARTESIAN_POINT('',(0.,0.));
#9322 = VECTOR('',#9323,1.);
#9323 = DIRECTION('',(1.,0.));
#9324 = ( GEOMETRIC_REPRESENTATION_CONTEXT(2) 
PARAMETRIC_REPRESENTATION_CONTEXT() REPRESENTATION_CONTEXT('2D SPACE',''
  ) );
#9325 = PCURVE('',#7517,#9326);
#9326 = DEFINITIONAL_REPRESENTATION('',(#9327),#9331);
#9327 = LINE('',#9328,#9329);
#9328 = CARTESIAN_POINT('',(0.,0.));
#9329 = VECTOR('',#9330,1.);
#9330 = DIRECTION('',(0.,1.));
#9331 = ( GEOMETRIC_REPRESENTATION_CONTEXT(2) 
PARAMETRIC_REPRESENTATION_CONTEXT() REPRESENTATION_CONTEXT('2D SPACE',''
  ) );
#9332 = ORIENTED_EDGE('',*,*,#9333,.T.);
#9333 = EDGE_CURVE('',#9311,#9212,#9334,.T.);
#9334 = SURFACE_CURVE('',#9335,(#9339,#9346),.PCURVE_S1.);
#9335 = LINE('',#9336,#9337);
#9336 = CARTESIAN_POINT('',(-82.,349.,17.));
#9337 = VECTOR('',#9338,1.);
#9338 = DIRECTION('',(0.,1.,0.));
#9339 = PCURVE('',#9250,#9340);
#9340 = DEFINITIONAL_REPRESENTATION('',(#9341),#9345);
#9341 = LINE('',#9342,#9343);
#9342 = CARTESIAN_POINT('',(34.,0.));
#9343 = VECTOR('',#9344,1.);
#9344 = DIRECTION('',(0.,1.));
#9345 = ( GEOMETRIC_REPRESENTATION_CONTEXT(2) 
PARAMETRIC_REPRESENTATION_CONTEXT() REPRESENTATION_CONTEXT('2D SPACE',''
  ) );
#9346 = PCURVE('',#7597,#9347);
#9347 = DEFINITIONAL_REPRESENTATION('',(#9348),#9352);
#9348 = LINE('',#9349,#9350);
#9349 = CARTESIAN_POINT('',(0.,0.));
#9350 = VECTOR('',#9351,1.);
#9351 = DIRECTION('',(0.,-1.));
#9352 = ( GEOMETRIC_REPRESENTATION_CONTEXT(2) 
PARAMETRIC_REPRESENTATION_CONTEXT() REPRESENTATION_CONTEXT('2D SPACE',''
  ) );
#9353 = ORIENTED_EDGE('',*,*,#9234,.F.);
#9354 = ADVANCED_FACE('',(#9355),#7597,.F.);
#9355 = FACE_BOUND('',#9356,.F.);
#9356 = EDGE_LOOP('',(#9357,#9378,#9379,#9380));
#9357 = ORIENTED_EDGE('',*,*,#9358,.F.);
#9358 = EDGE_CURVE('',#9311,#7501,#9359,.T.);
#9359 = SURFACE_CURVE('',#9360,(#9364,#9371),.PCURVE_S1.);
#9360 = LINE('',#9361,#9362);
#9361 = CARTESIAN_POINT('',(-82.,349.,17.));
#9362 = VECTOR('',#9363,1.);
#9363 = DIRECTION('',(-1.,0.,-2.22044604925E-16));
#9364 = PCURVE('',#7597,#9365);
#9365 = DEFINITIONAL_REPRESENTATION('',(#9366),#9370);
#9366 = LINE('',#9367,#9368);
#9367 = CARTESIAN_POINT('',(0.,0.));
#9368 = VECTOR('',#9369,1.);
#9369 = DIRECTION('',(1.,0.));
#9370 = ( GEOMETRIC_REPRESENTATION_CONTEXT(2) 
PARAMETRIC_REPRESENTATION_CONTEXT() REPRESENTATION_CONTEXT('2D SPACE',''
  ) );
#9371 = PCURVE('',#7517,#9372);
#9372 = DEFINITIONAL_REPRESENTATION('',(#9373),#9377);
#9373 = LINE('',#9374,#9375);
#9374 = CARTESIAN_POINT('',(0.,34.));
#9375 = VECTOR('',#9376,1.);
#9376 = DIRECTION('',(1.,0.));
#9377 = ( GEOMETRIC_REPRESENTATION_CONTEXT(2) 
PARAMETRIC_REPRESENTATION_CONTEXT() REPRESENTATION_CONTEXT('2D SPACE',''
  ) );
#9378 = ORIENTED_EDGE('',*,*,#9333,.T.);
#9379 = ORIENTED_EDGE('',*,*,#9211,.T.);
#9380 = ORIENTED_EDGE('',*,*,#7584,.F.);
#9381 = ADVANCED_FACE('',(#9382),#7544,.T.);
#9382 = FACE_BOUND('',#9383,.T.);
#9383 = EDGE_LOOP('',(#9384,#9405,#9406,#9407));
#9384 = ORIENTED_EDGE('',*,*,#9385,.F.);
#9385 = EDGE_CURVE('',#9288,#7499,#9386,.T.);
#9386 = SURFACE_CURVE('',#9387,(#9391,#9398),.PCURVE_S1.);
#9387 = LINE('',#9388,#9389);
#9388 = CARTESIAN_POINT('',(-82.,349.,-17.));
#9389 = VECTOR('',#9390,1.);
#9390 = DIRECTION('',(-1.,0.,-2.22044604925E-16));
#9391 = PCURVE('',#7544,#9392);
#9392 = DEFINITIONAL_REPRESENTATION('',(#9393),#9397);
#9393 = LINE('',#9394,#9395);
#9394 = CARTESIAN_POINT('',(0.,0.));
#9395 = VECTOR('',#9396,1.);
#9396 = DIRECTION('',(1.,0.));
#9397 = ( GEOMETRIC_REPRESENTATION_CONTEXT(2) 
PARAMETRIC_REPRESENTATION_CONTEXT() REPRESENTATION_CONTEXT('2D SPACE',''
  ) );
#9398 = PCURVE('',#7517,#9399);
#9399 = DEFINITIONAL_REPRESENTATION('',(#9400),#9404);
#9400 = LINE('',#9401,#9402);
#9401 = CARTESIAN_POINT('',(0.,0.));
#9402 = VECTOR('',#9403,1.);
#9403 = DIRECTION('',(1.,0.));
#9404 = ( GEOMETRIC_REPRESENTATION_CONTEXT(2) 
PARAMETRIC_REPRESENTATION_CONTEXT() REPRESENTATION_CONTEXT('2D SPACE',''
  ) );
#9405 = ORIENTED_EDGE('',*,*,#9287,.T.);
#9406 = ORIENTED_EDGE('',*,*,#9262,.T.);
#9407 = ORIENTED_EDGE('',*,*,#7529,.F.);
#9408 = ADVANCED_FACE('',(#9409),#7517,.T.);
#9409 = FACE_BOUND('',#9410,.T.);
#9410 = EDGE_LOOP('',(#9411,#9412,#9413,#9414));
#9411 = ORIENTED_EDGE('',*,*,#9358,.F.);
#9412 = ORIENTED_EDGE('',*,*,#9310,.F.);
#9413 = ORIENTED_EDGE('',*,*,#9385,.T.);
#9414 = ORIENTED_EDGE('',*,*,#7498,.T.);
#9415 = ADVANCED_FACE('',(#9416),#7460,.F.);
#9416 = FACE_BOUND('',#9417,.F.);
#9417 = EDGE_LOOP('',(#9418,#9441,#9469,#9490));
#9418 = ORIENTED_EDGE('',*,*,#9419,.F.);
#9419 = EDGE_CURVE('',#9420,#7444,#9422,.T.);
#9420 = VERTEX_POINT('',#9421);
#9421 = CARTESIAN_POINT('',(-79.51408311032,359.,-26.27756813566));
#9422 = SURFACE_CURVE('',#9423,(#9427,#9434),.PCURVE_S1.);
#9423 = LINE('',#9424,#9425);
#9424 = CARTESIAN_POINT('',(-79.51408311032,359.,-26.27756813566));
#9425 = VECTOR('',#9426,1.);
#9426 = DIRECTION('',(-0.866025403784,0.,-0.5));
#9427 = PCURVE('',#7460,#9428);
#9428 = DEFINITIONAL_REPRESENTATION('',(#9429),#9433);
#9429 = LINE('',#9430,#9431);
#9430 = CARTESIAN_POINT('',(0.,34.));
#9431 = VECTOR('',#9432,1.);
#9432 = DIRECTION('',(1.,0.));
#9433 = ( GEOMETRIC_REPRESENTATION_CONTEXT(2) 
PARAMETRIC_REPRESENTATION_CONTEXT() REPRESENTATION_CONTEXT('2D SPACE',''
  ) );
#9434 = PCURVE('',#7485,#9435);
#9435 = DEFINITIONAL_REPRESENTATION('',(#9436),#9440);
#9436 = LINE('',#9437,#9438);
#9437 = CARTESIAN_POINT('',(0.,-10.));
#9438 = VECTOR('',#9439,1.);
#9439 = DIRECTION('',(1.,0.));
#9440 = ( GEOMETRIC_REPRESENTATION_CONTEXT(2) 
PARAMETRIC_REPRESENTATION_CONTEXT() REPRESENTATION_CONTEXT('2D SPACE',''
  ) );
#9441 = ORIENTED_EDGE('',*,*,#9442,.F.);
#9442 = EDGE_CURVE('',#9443,#9420,#9445,.T.);
#9443 = VERTEX_POINT('',#9444);
#9444 = CARTESIAN_POINT('',(-62.51408311032,359.,-55.72243186433));
#9445 = SURFACE_CURVE('',#9446,(#9450,#9457),.PCURVE_S1.);
#9446 = LINE('',#9447,#9448);
#9447 = CARTESIAN_POINT('',(-62.51408311032,359.,-55.72243186433));
#9448 = VECTOR('',#9449,1.);
#9449 = DIRECTION('',(-0.5,0.,0.866025403784));
#9450 = PCURVE('',#7460,#9451);
#9451 = DEFINITIONAL_REPRESENTATION('',(#9452),#9456);
#9452 = LINE('',#9453,#9454);
#9453 = CARTESIAN_POINT('',(0.,0.));
#9454 = VECTOR('',#9455,1.);
#9455 = DIRECTION('',(0.,1.));
#9456 = ( GEOMETRIC_REPRESENTATION_CONTEXT(2) 
PARAMETRIC_REPRESENTATION_CONTEXT() REPRESENTATION_CONTEXT('2D SPACE',''
  ) );
#9457 = PCURVE('',#9458,#9463);
#9458 = PLANE('',#9459);
#9459 = AXIS2_PLACEMENT_3D('',#9460,#9461,#9462);
#9460 = CARTESIAN_POINT('',(-62.51408311032,349.,-55.72243186433));
#9461 = DIRECTION('',(-0.866025403784,0.,-0.5));
#9462 = DIRECTION('',(-0.5,0.,0.866025403784));
#9463 = DEFINITIONAL_REPRESENTATION('',(#9464),#9468);
#9464 = LINE('',#9465,#9466);
#9465 = CARTESIAN_POINT('',(0.,10.));
#9466 = VECTOR('',#9467,1.);
#9467 = DIRECTION('',(1.,0.));
#9468 = ( GEOMETRIC_REPRESENTATION_CONTEXT(2) 
PARAMETRIC_REPRESENTATION_CONTEXT() REPRESENTATION_CONTEXT('2D SPACE',''
  ) );
#9469 = ORIENTED_EDGE('',*,*,#9470,.T.);
#9470 = EDGE_CURVE('',#9443,#7418,#9471,.T.);
#9471 = SURFACE_CURVE('',#9472,(#9476,#9483),.PCURVE_S1.);
#9472 = LINE('',#9473,#9474);
#9473 = CARTESIAN_POINT('',(-62.51408311032,359.,-55.72243186433));
#9474 = VECTOR('',#9475,1.);
#9475 = DIRECTION('',(-0.866025403784,0.,-0.5));
#9476 = PCURVE('',#7460,#9477);
#9477 = DEFINITIONAL_REPRESENTATION('',(#9478),#9482);
#9478 = LINE('',#9479,#9480);
#9479 = CARTESIAN_POINT('',(0.,0.));
#9480 = VECTOR('',#9481,1.);
#9481 = DIRECTION('',(1.,0.));
#9482 = ( GEOMETRIC_REPRESENTATION_CONTEXT(2) 
PARAMETRIC_REPRESENTATION_CONTEXT() REPRESENTATION_CONTEXT('2D SPACE',''
  ) );
#9483 = PCURVE('',#7432,#9484);
#9484 = DEFINITIONAL_REPRESENTATION('',(#9485),#9489);
#9485 = LINE('',#9486,#9487);
#9486 = CARTESIAN_POINT('',(0.,-10.));
#9487 = VECTOR('',#9488,1.);
#9488 = DIRECTION('',(1.,0.));
#9489 = ( GEOMETRIC_REPRESENTATION_CONTEXT(2) 
PARAMETRIC_REPRESENTATION_CONTEXT() REPRESENTATION_CONTEXT('2D SPACE',''
  ) );
#9490 = ORIENTED_EDGE('',*,*,#7443,.T.);
#9491 = ADVANCED_FACE('',(#9492),#9458,.T.);
#9492 = FACE_BOUND('',#9493,.T.);
#9493 = EDGE_LOOP('',(#9494,#9517,#9540,#9561));
#9494 = ORIENTED_EDGE('',*,*,#9495,.F.);
#9495 = EDGE_CURVE('',#9496,#9443,#9498,.T.);
#9496 = VERTEX_POINT('',#9497);
#9497 = CARTESIAN_POINT('',(-62.51408311032,349.,-55.72243186433));
#9498 = SURFACE_CURVE('',#9499,(#9503,#9510),.PCURVE_S1.);
#9499 = LINE('',#9500,#9501);
#9500 = CARTESIAN_POINT('',(-62.51408311032,349.,-55.72243186433));
#9501 = VECTOR('',#9502,1.);
#9502 = DIRECTION('',(0.,1.,0.));
#9503 = PCURVE('',#9458,#9504);
#9504 = DEFINITIONAL_REPRESENTATION('',(#9505),#9509);
#9505 = LINE('',#9506,#9507);
#9506 = CARTESIAN_POINT('',(0.,0.));
#9507 = VECTOR('',#9508,1.);
#9508 = DIRECTION('',(0.,1.));
#9509 = ( GEOMETRIC_REPRESENTATION_CONTEXT(2) 
PARAMETRIC_REPRESENTATION_CONTEXT() REPRESENTATION_CONTEXT('2D SPACE',''
  ) );
#9510 = PCURVE('',#7432,#9511);
#9511 = DEFINITIONAL_REPRESENTATION('',(#9512),#9516);
#9512 = LINE('',#9513,#9514);
#9513 = CARTESIAN_POINT('',(0.,0.));
#9514 = VECTOR('',#9515,1.);
#9515 = DIRECTION('',(0.,-1.));
#9516 = ( GEOMETRIC_REPRESENTATION_CONTEXT(2) 
PARAMETRIC_REPRESENTATION_CONTEXT() REPRESENTATION_CONTEXT('2D SPACE',''
  ) );
#9517 = ORIENTED_EDGE('',*,*,#9518,.T.);
#9518 = EDGE_CURVE('',#9496,#9519,#9521,.T.);
#9519 = VERTEX_POINT('',#9520);
#9520 = CARTESIAN_POINT('',(-79.51408311032,349.,-26.27756813566));
#9521 = SURFACE_CURVE('',#9522,(#9526,#9533),.PCURVE_S1.);
#9522 = LINE('',#9523,#9524);
#9523 = CARTESIAN_POINT('',(-62.51408311032,349.,-55.72243186433));
#9524 = VECTOR('',#9525,1.);
#9525 = DIRECTION('',(-0.5,0.,0.866025403784));
#9526 = PCURVE('',#9458,#9527);
#9527 = DEFINITIONAL_REPRESENTATION('',(#9528),#9532);
#9528 = LINE('',#9529,#9530);
#9529 = CARTESIAN_POINT('',(0.,0.));
#9530 = VECTOR('',#9531,1.);
#9531 = DIRECTION('',(1.,0.));
#9532 = ( GEOMETRIC_REPRESENTATION_CONTEXT(2) 
PARAMETRIC_REPRESENTATION_CONTEXT() REPRESENTATION_CONTEXT('2D SPACE',''
  ) );
#9533 = PCURVE('',#7405,#9534);
#9534 = DEFINITIONAL_REPRESENTATION('',(#9535),#9539);
#9535 = LINE('',#9536,#9537);
#9536 = CARTESIAN_POINT('',(0.,0.));
#9537 = VECTOR('',#9538,1.);
#9538 = DIRECTION('',(0.,1.));
#9539 = ( GEOMETRIC_REPRESENTATION_CONTEXT(2) 
PARAMETRIC_REPRESENTATION_CONTEXT() REPRESENTATION_CONTEXT('2D SPACE',''
  ) );
#9540 = ORIENTED_EDGE('',*,*,#9541,.T.);
#9541 = EDGE_CURVE('',#9519,#9420,#9542,.T.);
#9542 = SURFACE_CURVE('',#9543,(#9547,#9554),.PCURVE_S1.);
#9543 = LINE('',#9544,#9545);
#9544 = CARTESIAN_POINT('',(-79.51408311032,349.,-26.27756813566));
#9545 = VECTOR('',#9546,1.);
#9546 = DIRECTION('',(0.,1.,0.));
#9547 = PCURVE('',#9458,#9548);
#9548 = DEFINITIONAL_REPRESENTATION('',(#9549),#9553);
#9549 = LINE('',#9550,#9551);
#9550 = CARTESIAN_POINT('',(34.,0.));
#9551 = VECTOR('',#9552,1.);
#9552 = DIRECTION('',(0.,1.));
#9553 = ( GEOMETRIC_REPRESENTATION_CONTEXT(2) 
PARAMETRIC_REPRESENTATION_CONTEXT() REPRESENTATION_CONTEXT('2D SPACE',''
  ) );
#9554 = PCURVE('',#7485,#9555);
#9555 = DEFINITIONAL_REPRESENTATION('',(#9556),#9560);
#9556 = LINE('',#9557,#9558);
#9557 = CARTESIAN_POINT('',(0.,0.));
#9558 = VECTOR('',#9559,1.);
#9559 = DIRECTION('',(0.,-1.));
#9560 = ( GEOMETRIC_REPRESENTATION_CONTEXT(2) 
PARAMETRIC_REPRESENTATION_CONTEXT() REPRESENTATION_CONTEXT('2D SPACE',''
  ) );
#9561 = ORIENTED_EDGE('',*,*,#9442,.F.);
#9562 = ADVANCED_FACE('',(#9563),#7485,.F.);
#9563 = FACE_BOUND('',#9564,.F.);
#9564 = EDGE_LOOP('',(#9565,#9586,#9587,#9588));
#9565 = ORIENTED_EDGE('',*,*,#9566,.F.);
#9566 = EDGE_CURVE('',#9519,#7389,#9567,.T.);
#9567 = SURFACE_CURVE('',#9568,(#9572,#9579),.PCURVE_S1.);
#9568 = LINE('',#9569,#9570);
#9569 = CARTESIAN_POINT('',(-79.51408311032,349.,-26.27756813566));
#9570 = VECTOR('',#9571,1.);
#9571 = DIRECTION('',(-0.866025403784,0.,-0.5));
#9572 = PCURVE('',#7485,#9573);
#9573 = DEFINITIONAL_REPRESENTATION('',(#9574),#9578);
#9574 = LINE('',#9575,#9576);
#9575 = CARTESIAN_POINT('',(0.,0.));
#9576 = VECTOR('',#9577,1.);
#9577 = DIRECTION('',(1.,0.));
#9578 = ( GEOMETRIC_REPRESENTATION_CONTEXT(2) 
PARAMETRIC_REPRESENTATION_CONTEXT() REPRESENTATION_CONTEXT('2D SPACE',''
  ) );
#9579 = PCURVE('',#7405,#9580);
#9580 = DEFINITIONAL_REPRESENTATION('',(#9581),#9585);
#9581 = LINE('',#9582,#9583);
#9582 = CARTESIAN_POINT('',(0.,34.));
#9583 = VECTOR('',#9584,1.);
#9584 = DIRECTION('',(1.,0.));
#9585 = ( GEOMETRIC_REPRESENTATION_CONTEXT(2) 
PARAMETRIC_REPRESENTATION_CONTEXT() REPRESENTATION_CONTEXT('2D SPACE',''
  ) );
#9586 = ORIENTED_EDGE('',*,*,#9541,.T.);
#9587 = ORIENTED_EDGE('',*,*,#9419,.T.);
#9588 = ORIENTED_EDGE('',*,*,#7472,.F.);
#9589 = ADVANCED_FACE('',(#9590),#7432,.T.);
#9590 = FACE_BOUND('',#9591,.T.);
#9591 = EDGE_LOOP('',(#9592,#9613,#9614,#9615));
#9592 = ORIENTED_EDGE('',*,*,#9593,.F.);
#9593 = EDGE_CURVE('',#9496,#7387,#9594,.T.);
#9594 = SURFACE_CURVE('',#9595,(#9599,#9606),.PCURVE_S1.);
#9595 = LINE('',#9596,#9597);
#9596 = CARTESIAN_POINT('',(-62.51408311032,349.,-55.72243186433));
#9597 = VECTOR('',#9598,1.);
#9598 = DIRECTION('',(-0.866025403784,0.,-0.5));
#9599 = PCURVE('',#7432,#9600);
#9600 = DEFINITIONAL_REPRESENTATION('',(#9601),#9605);
#9601 = LINE('',#9602,#9603);
#9602 = CARTESIAN_POINT('',(0.,0.));
#9603 = VECTOR('',#9604,1.);
#9604 = DIRECTION('',(1.,0.));
#9605 = ( GEOMETRIC_REPRESENTATION_CONTEXT(2) 
PARAMETRIC_REPRESENTATION_CONTEXT() REPRESENTATION_CONTEXT('2D SPACE',''
  ) );
#9606 = PCURVE('',#7405,#9607);
#9607 = DEFINITIONAL_REPRESENTATION('',(#9608),#9612);
#9608 = LINE('',#9609,#9610);
#9609 = CARTESIAN_POINT('',(0.,0.));
#9610 = VECTOR('',#9611,1.);
#9611 = DIRECTION('',(1.,0.));
#9612 = ( GEOMETRIC_REPRESENTATION_CONTEXT(2) 
PARAMETRIC_REPRESENTATION_CONTEXT() REPRESENTATION_CONTEXT('2D SPACE',''
  ) );
#9613 = ORIENTED_EDGE('',*,*,#9495,.T.);
#9614 = ORIENTED_EDGE('',*,*,#9470,.T.);
#9615 = ORIENTED_EDGE('',*,*,#7417,.F.);
#9616 = ADVANCED_FACE('',(#9617),#7405,.T.);
#9617 = FACE_BOUND('',#9618,.T.);
#9618 = EDGE_LOOP('',(#9619,#9620,#9621,#9622));
#9619 = ORIENTED_EDGE('',*,*,#9566,.F.);
#9620 = ORIENTED_EDGE('',*,*,#9518,.F.);
#9621 = ORIENTED_EDGE('',*,*,#9593,.T.);
#9622 = ORIENTED_EDGE('',*,*,#7386,.T.);
#9623 = ADVANCED_FACE('',(#9624),#7348,.F.);
#9624 = FACE_BOUND('',#9625,.F.);
#9625 = EDGE_LOOP('',(#9626,#9649,#9677,#9698));
#9626 = ORIENTED_EDGE('',*,*,#9627,.F.);
#9627 = EDGE_CURVE('',#9628,#7332,#9630,.T.);
#9628 = VERTEX_POINT('',#9629);
#9629 = CARTESIAN_POINT('',(-55.72243186433,359.,-62.51408311032));
#9630 = SURFACE_CURVE('',#9631,(#9635,#9642),.PCURVE_S1.);
#9631 = LINE('',#9632,#9633);
#9632 = CARTESIAN_POINT('',(-55.72243186433,359.,-62.51408311032));
#9633 = VECTOR('',#9634,1.);
#9634 = DIRECTION('',(-0.5,0.,-0.866025403784));
#9635 = PCURVE('',#7348,#9636);
#9636 = DEFINITIONAL_REPRESENTATION('',(#9637),#9641);
#9637 = LINE('',#9638,#9639);
#9638 = CARTESIAN_POINT('',(0.,34.));
#9639 = VECTOR('',#9640,1.);
#9640 = DIRECTION('',(1.,0.));
#9641 = ( GEOMETRIC_REPRESENTATION_CONTEXT(2) 
PARAMETRIC_REPRESENTATION_CONTEXT() REPRESENTATION_CONTEXT('2D SPACE',''
  ) );
#9642 = PCURVE('',#7373,#9643);
#9643 = DEFINITIONAL_REPRESENTATION('',(#9644),#9648);
#9644 = LINE('',#9645,#9646);
#9645 = CARTESIAN_POINT('',(0.,-10.));
#9646 = VECTOR('',#9647,1.);
#9647 = DIRECTION('',(1.,0.));
#9648 = ( GEOMETRIC_REPRESENTATION_CONTEXT(2) 
PARAMETRIC_REPRESENTATION_CONTEXT() REPRESENTATION_CONTEXT('2D SPACE',''
  ) );
#9649 = ORIENTED_EDGE('',*,*,#9650,.F.);
#9650 = EDGE_CURVE('',#9651,#9628,#9653,.T.);
#9651 = VERTEX_POINT('',#9652);
#9652 = CARTESIAN_POINT('',(-26.27756813566,359.,-79.51408311032));
#9653 = SURFACE_CURVE('',#9654,(#9658,#9665),.PCURVE_S1.);
#9654 = LINE('',#9655,#9656);
#9655 = CARTESIAN_POINT('',(-26.27756813566,359.,-79.51408311032));
#9656 = VECTOR('',#9657,1.);
#9657 = DIRECTION('',(-0.866025403784,0.,0.5));
#9658 = PCURVE('',#7348,#9659);
#9659 = DEFINITIONAL_REPRESENTATION('',(#9660),#9664);
#9660 = LINE('',#9661,#9662);
#9661 = CARTESIAN_POINT('',(0.,0.));
#9662 = VECTOR('',#9663,1.);
#9663 = DIRECTION('',(0.,1.));
#9664 = ( GEOMETRIC_REPRESENTATION_CONTEXT(2) 
PARAMETRIC_REPRESENTATION_CONTEXT() REPRESENTATION_CONTEXT('2D SPACE',''
  ) );
#9665 = PCURVE('',#9666,#9671);
#9666 = PLANE('',#9667);
#9667 = AXIS2_PLACEMENT_3D('',#9668,#9669,#9670);
#9668 = CARTESIAN_POINT('',(-26.27756813566,349.,-79.51408311032));
#9669 = DIRECTION('',(-0.5,0.,-0.866025403784));
#9670 = DIRECTION('',(-0.866025403784,0.,0.5));
#9671 = DEFINITIONAL_REPRESENTATION('',(#9672),#9676);
#9672 = LINE('',#9673,#9674);
#9673 = CARTESIAN_POINT('',(0.,10.));
#9674 = VECTOR('',#9675,1.);
#9675 = DIRECTION('',(1.,0.));
#9676 = ( GEOMETRIC_REPRESENTATION_CONTEXT(2) 
PARAMETRIC_REPRESENTATION_CONTEXT() REPRESENTATION_CONTEXT('2D SPACE',''
  ) );
#9677 = ORIENTED_EDGE('',*,*,#9678,.T.);
#9678 = EDGE_CURVE('',#9651,#7306,#9679,.T.);
#9679 = SURFACE_CURVE('',#9680,(#9684,#9691),.PCURVE_S1.);
#9680 = LINE('',#9681,#9682);
#9681 = CARTESIAN_POINT('',(-26.27756813566,359.,-79.51408311032));
#9682 = VECTOR('',#9683,1.);
#9683 = DIRECTION('',(-0.5,0.,-0.866025403784));
#9684 = PCURVE('',#7348,#9685);
#9685 = DEFINITIONAL_REPRESENTATION('',(#9686),#9690);
#9686 = LINE('',#9687,#9688);
#9687 = CARTESIAN_POINT('',(0.,0.));
#9688 = VECTOR('',#9689,1.);
#9689 = DIRECTION('',(1.,0.));
#9690 = ( GEOMETRIC_REPRESENTATION_CONTEXT(2) 
PARAMETRIC_REPRESENTATION_CONTEXT() REPRESENTATION_CONTEXT('2D SPACE',''
  ) );
#9691 = PCURVE('',#7320,#9692);
#9692 = DEFINITIONAL_REPRESENTATION('',(#9693),#9697);
#9693 = LINE('',#9694,#9695);
#9694 = CARTESIAN_POINT('',(0.,-10.));
#9695 = VECTOR('',#9696,1.);
#9696 = DIRECTION('',(1.,0.));
#9697 = ( GEOMETRIC_REPRESENTATION_CONTEXT(2) 
PARAMETRIC_REPRESENTATION_CONTEXT() REPRESENTATION_CONTEXT('2D SPACE',''
  ) );
#9698 = ORIENTED_EDGE('',*,*,#7331,.T.);
#9699 = ADVANCED_FACE('',(#9700),#9666,.T.);
#9700 = FACE_BOUND('',#9701,.T.);
#9701 = EDGE_LOOP('',(#9702,#9725,#9748,#9769));
#9702 = ORIENTED_EDGE('',*,*,#9703,.F.);
#9703 = EDGE_CURVE('',#9704,#9651,#9706,.T.);
#9704 = VERTEX_POINT('',#9705);
#9705 = CARTESIAN_POINT('',(-26.27756813566,349.,-79.51408311032));
#9706 = SURFACE_CURVE('',#9707,(#9711,#9718),.PCURVE_S1.);
#9707 = LINE('',#9708,#9709);
#9708 = CARTESIAN_POINT('',(-26.27756813566,349.,-79.51408311032));
#9709 = VECTOR('',#9710,1.);
#9710 = DIRECTION('',(0.,1.,0.));
#9711 = PCURVE('',#9666,#9712);
#9712 = DEFINITIONAL_REPRESENTATION('',(#9713),#9717);
#9713 = LINE('',#9714,#9715);
#9714 = CARTESIAN_POINT('',(0.,0.));
#9715 = VECTOR('',#9716,1.);
#9716 = DIRECTION('',(0.,1.));
#9717 = ( GEOMETRIC_REPRESENTATION_CONTEXT(2) 
PARAMETRIC_REPRESENTATION_CONTEXT() REPRESENTATION_CONTEXT('2D SPACE',''
  ) );
#9718 = PCURVE('',#7320,#9719);
#9719 = DEFINITIONAL_REPRESENTATION('',(#9720),#9724);
#9720 = LINE('',#9721,#9722);
#9721 = CARTESIAN_POINT('',(0.,0.));
#9722 = VECTOR('',#9723,1.);
#9723 = DIRECTION('',(0.,-1.));
#9724 = ( GEOMETRIC_REPRESENTATION_CONTEXT(2) 
PARAMETRIC_REPRESENTATION_CONTEXT() REPRESENTATION_CONTEXT('2D SPACE',''
  ) );
#9725 = ORIENTED_EDGE('',*,*,#9726,.T.);
#9726 = EDGE_CURVE('',#9704,#9727,#9729,.T.);
#9727 = VERTEX_POINT('',#9728);
#9728 = CARTESIAN_POINT('',(-55.72243186433,349.,-62.51408311032));
#9729 = SURFACE_CURVE('',#9730,(#9734,#9741),.PCURVE_S1.);
#9730 = LINE('',#9731,#9732);
#9731 = CARTESIAN_POINT('',(-26.27756813566,349.,-79.51408311032));
#9732 = VECTOR('',#9733,1.);
#9733 = DIRECTION('',(-0.866025403784,0.,0.5));
#9734 = PCURVE('',#9666,#9735);
#9735 = DEFINITIONAL_REPRESENTATION('',(#9736),#9740);
#9736 = LINE('',#9737,#9738);
#9737 = CARTESIAN_POINT('',(0.,0.));
#9738 = VECTOR('',#9739,1.);
#9739 = DIRECTION('',(1.,0.));
#9740 = ( GEOMETRIC_REPRESENTATION_CONTEXT(2) 
PARAMETRIC_REPRESENTATION_CONTEXT() REPRESENTATION_CONTEXT('2D SPACE',''
  ) );
#9741 = PCURVE('',#7293,#9742);
#9742 = DEFINITIONAL_REPRESENTATION('',(#9743),#9747);
#9743 = LINE('',#9744,#9745);
#9744 = CARTESIAN_POINT('',(0.,0.));
#9745 = VECTOR('',#9746,1.);
#9746 = DIRECTION('',(0.,1.));
#9747 = ( GEOMETRIC_REPRESENTATION_CONTEXT(2) 
PARAMETRIC_REPRESENTATION_CONTEXT() REPRESENTATION_CONTEXT('2D SPACE',''
  ) );
#9748 = ORIENTED_EDGE('',*,*,#9749,.T.);
#9749 = EDGE_CURVE('',#9727,#9628,#9750,.T.);
#9750 = SURFACE_CURVE('',#9751,(#9755,#9762),.PCURVE_S1.);
#9751 = LINE('',#9752,#9753);
#9752 = CARTESIAN_POINT('',(-55.72243186433,349.,-62.51408311032));
#9753 = VECTOR('',#9754,1.);
#9754 = DIRECTION('',(0.,1.,0.));
#9755 = PCURVE('',#9666,#9756);
#9756 = DEFINITIONAL_REPRESENTATION('',(#9757),#9761);
#9757 = LINE('',#9758,#9759);
#9758 = CARTESIAN_POINT('',(34.,0.));
#9759 = VECTOR('',#9760,1.);
#9760 = DIRECTION('',(0.,1.));
#9761 = ( GEOMETRIC_REPRESENTATION_CONTEXT(2) 
PARAMETRIC_REPRESENTATION_CONTEXT() REPRESENTATION_CONTEXT('2D SPACE',''
  ) );
#9762 = PCURVE('',#7373,#9763);
#9763 = DEFINITIONAL_REPRESENTATION('',(#9764),#9768);
#9764 = LINE('',#9765,#9766);
#9765 = CARTESIAN_POINT('',(0.,0.));
#9766 = VECTOR('',#9767,1.);
#9767 = DIRECTION('',(0.,-1.));
#9768 = ( GEOMETRIC_REPRESENTATION_CONTEXT(2) 
PARAMETRIC_REPRESENTATION_CONTEXT() REPRESENTATION_CONTEXT('2D SPACE',''
  ) );
#9769 = ORIENTED_EDGE('',*,*,#9650,.F.);
#9770 = ADVANCED_FACE('',(#9771),#7373,.F.);
#9771 = FACE_BOUND('',#9772,.F.);
#9772 = EDGE_LOOP('',(#9773,#9794,#9795,#9796));
#9773 = ORIENTED_EDGE('',*,*,#9774,.F.);
#9774 = EDGE_CURVE('',#9727,#7277,#9775,.T.);
#9775 = SURFACE_CURVE('',#9776,(#9780,#9787),.PCURVE_S1.);
#9776 = LINE('',#9777,#9778);
#9777 = CARTESIAN_POINT('',(-55.72243186433,349.,-62.51408311032));
#9778 = VECTOR('',#9779,1.);
#9779 = DIRECTION('',(-0.5,0.,-0.866025403784));
#9780 = PCURVE('',#7373,#9781);
#9781 = DEFINITIONAL_REPRESENTATION('',(#9782),#9786);
#9782 = LINE('',#9783,#9784);
#9783 = CARTESIAN_POINT('',(0.,0.));
#9784 = VECTOR('',#9785,1.);
#9785 = DIRECTION('',(1.,0.));
#9786 = ( GEOMETRIC_REPRESENTATION_CONTEXT(2) 
PARAMETRIC_REPRESENTATION_CONTEXT() REPRESENTATION_CONTEXT('2D SPACE',''
  ) );
#9787 = PCURVE('',#7293,#9788);
#9788 = DEFINITIONAL_REPRESENTATION('',(#9789),#9793);
#9789 = LINE('',#9790,#9791);
#9790 = CARTESIAN_POINT('',(0.,34.));
#9791 = VECTOR('',#9792,1.);
#9792 = DIRECTION('',(1.,0.));
#9793 = ( GEOMETRIC_REPRESENTATION_CONTEXT(2) 
PARAMETRIC_REPRESENTATION_CONTEXT() REPRESENTATION_CONTEXT('2D SPACE',''
  ) );
#9794 = ORIENTED_EDGE('',*,*,#9749,.T.);
#9795 = ORIENTED_EDGE('',*,*,#9627,.T.);
#9796 = ORIENTED_EDGE('',*,*,#7360,.F.);
#9797 = ADVANCED_FACE('',(#9798),#7320,.T.);
#9798 = FACE_BOUND('',#9799,.T.);
#9799 = EDGE_LOOP('',(#9800,#9821,#9822,#9823));
#9800 = ORIENTED_EDGE('',*,*,#9801,.F.);
#9801 = EDGE_CURVE('',#9704,#7275,#9802,.T.);
#9802 = SURFACE_CURVE('',#9803,(#9807,#9814),.PCURVE_S1.);
#9803 = LINE('',#9804,#9805);
#9804 = CARTESIAN_POINT('',(-26.27756813566,349.,-79.51408311032));
#9805 = VECTOR('',#9806,1.);
#9806 = DIRECTION('',(-0.5,0.,-0.866025403784));
#9807 = PCURVE('',#7320,#9808);
#9808 = DEFINITIONAL_REPRESENTATION('',(#9809),#9813);
#9809 = LINE('',#9810,#9811);
#9810 = CARTESIAN_POINT('',(0.,0.));
#9811 = VECTOR('',#9812,1.);
#9812 = DIRECTION('',(1.,0.));
#9813 = ( GEOMETRIC_REPRESENTATION_CONTEXT(2) 
PARAMETRIC_REPRESENTATION_CONTEXT() REPRESENTATION_CONTEXT('2D SPACE',''
  ) );
#9814 = PCURVE('',#7293,#9815);
#9815 = DEFINITIONAL_REPRESENTATION('',(#9816),#9820);
#9816 = LINE('',#9817,#9818);
#9817 = CARTESIAN_POINT('',(0.,0.));
#9818 = VECTOR('',#9819,1.);
#9819 = DIRECTION('',(1.,0.));
#9820 = ( GEOMETRIC_REPRESENTATION_CONTEXT(2) 
PARAMETRIC_REPRESENTATION_CONTEXT() REPRESENTATION_CONTEXT('2D SPACE',''
  ) );
#9821 = ORIENTED_EDGE('',*,*,#9703,.T.);
#9822 = ORIENTED_EDGE('',*,*,#9678,.T.);
#9823 = ORIENTED_EDGE('',*,*,#7305,.F.);
#9824 = ADVANCED_FACE('',(#9825),#7293,.T.);
#9825 = FACE_BOUND('',#9826,.T.);
#9826 = EDGE_LOOP('',(#9827,#9828,#9829,#9830));
#9827 = ORIENTED_EDGE('',*,*,#9774,.F.);
#9828 = ORIENTED_EDGE('',*,*,#9726,.F.);
#9829 = ORIENTED_EDGE('',*,*,#9801,.T.);
#9830 = ORIENTED_EDGE('',*,*,#7274,.T.);
#9831 = ADVANCED_FACE('',(#9832),#7236,.F.);
#9832 = FACE_BOUND('',#9833,.F.);
#9833 = EDGE_LOOP('',(#9834,#9857,#9885,#9906));
#9834 = ORIENTED_EDGE('',*,*,#9835,.F.);
#9835 = EDGE_CURVE('',#9836,#7220,#9838,.T.);
#9836 = VERTEX_POINT('',#9837);
#9837 = CARTESIAN_POINT('',(-17.,359.,-82.));
#9838 = SURFACE_CURVE('',#9839,(#9843,#9850),.PCURVE_S1.);
#9839 = LINE('',#9840,#9841);
#9840 = CARTESIAN_POINT('',(-17.,359.,-82.));
#9841 = VECTOR('',#9842,1.);
#9842 = DIRECTION('',(1.224646799147E-16,0.,-1.));
#9843 = PCURVE('',#7236,#9844);
#9844 = DEFINITIONAL_REPRESENTATION('',(#9845),#9849);
#9845 = LINE('',#9846,#9847);
#9846 = CARTESIAN_POINT('',(0.,34.));
#9847 = VECTOR('',#9848,1.);
#9848 = DIRECTION('',(1.,0.));
#9849 = ( GEOMETRIC_REPRESENTATION_CONTEXT(2) 
PARAMETRIC_REPRESENTATION_CONTEXT() REPRESENTATION_CONTEXT('2D SPACE',''
  ) );
#9850 = PCURVE('',#7261,#9851);
#9851 = DEFINITIONAL_REPRESENTATION('',(#9852),#9856);
#9852 = LINE('',#9853,#9854);
#9853 = CARTESIAN_POINT('',(0.,-10.));
#9854 = VECTOR('',#9855,1.);
#9855 = DIRECTION('',(1.,0.));
#9856 = ( GEOMETRIC_REPRESENTATION_CONTEXT(2) 
PARAMETRIC_REPRESENTATION_CONTEXT() REPRESENTATION_CONTEXT('2D SPACE',''
  ) );
#9857 = ORIENTED_EDGE('',*,*,#9858,.F.);
#9858 = EDGE_CURVE('',#9859,#9836,#9861,.T.);
#9859 = VERTEX_POINT('',#9860);
#9860 = CARTESIAN_POINT('',(17.,359.,-82.));
#9861 = SURFACE_CURVE('',#9862,(#9866,#9873),.PCURVE_S1.);
#9862 = LINE('',#9863,#9864);
#9863 = CARTESIAN_POINT('',(17.,359.,-82.));
#9864 = VECTOR('',#9865,1.);
#9865 = DIRECTION('',(-1.,0.,-1.224646799147E-16));
#9866 = PCURVE('',#7236,#9867);
#9867 = DEFINITIONAL_REPRESENTATION('',(#9868),#9872);
#9868 = LINE('',#9869,#9870);
#9869 = CARTESIAN_POINT('',(0.,0.));
#9870 = VECTOR('',#9871,1.);
#9871 = DIRECTION('',(0.,1.));
#9872 = ( GEOMETRIC_REPRESENTATION_CONTEXT(2) 
PARAMETRIC_REPRESENTATION_CONTEXT() REPRESENTATION_CONTEXT('2D SPACE',''
  ) );
#9873 = PCURVE('',#9874,#9879);
#9874 = PLANE('',#9875);
#9875 = AXIS2_PLACEMENT_3D('',#9876,#9877,#9878);
#9876 = CARTESIAN_POINT('',(17.,349.,-82.));
#9877 = DIRECTION('',(1.224646799147E-16,0.,-1.));
#9878 = DIRECTION('',(-1.,0.,-1.224646799147E-16));
#9879 = DEFINITIONAL_REPRESENTATION('',(#9880),#9884);
#9880 = LINE('',#9881,#9882);
#9881 = CARTESIAN_POINT('',(0.,10.));
#9882 = VECTOR('',#9883,1.);
#9883 = DIRECTION('',(1.,0.));
#9884 = ( GEOMETRIC_REPRESENTATION_CONTEXT(2) 
PARAMETRIC_REPRESENTATION_CONTEXT() REPRESENTATION_CONTEXT('2D SPACE',''
  ) );
#9885 = ORIENTED_EDGE('',*,*,#9886,.T.);
#9886 = EDGE_CURVE('',#9859,#7194,#9887,.T.);
#9887 = SURFACE_CURVE('',#9888,(#9892,#9899),.PCURVE_S1.);
#9888 = LINE('',#9889,#9890);
#9889 = CARTESIAN_POINT('',(17.,359.,-82.));
#9890 = VECTOR('',#9891,1.);
#9891 = DIRECTION('',(1.224646799147E-16,0.,-1.));
#9892 = PCURVE('',#7236,#9893);
#9893 = DEFINITIONAL_REPRESENTATION('',(#9894),#9898);
#9894 = LINE('',#9895,#9896);
#9895 = CARTESIAN_POINT('',(0.,0.));
#9896 = VECTOR('',#9897,1.);
#9897 = DIRECTION('',(1.,0.));
#9898 = ( GEOMETRIC_REPRESENTATION_CONTEXT(2) 
PARAMETRIC_REPRESENTATION_CONTEXT() REPRESENTATION_CONTEXT('2D SPACE',''
  ) );
#9899 = PCURVE('',#7208,#9900);
#9900 = DEFINITIONAL_REPRESENTATION('',(#9901),#9905);
#9901 = LINE('',#9902,#9903);
#9902 = CARTESIAN_POINT('',(0.,-10.));
#9903 = VECTOR('',#9904,1.);
#9904 = DIRECTION('',(1.,0.));
#9905 = ( GEOMETRIC_REPRESENTATION_CONTEXT(2) 
PARAMETRIC_REPRESENTATION_CONTEXT() REPRESENTATION_CONTEXT('2D SPACE',''
  ) );
#9906 = ORIENTED_EDGE('',*,*,#7219,.T.);
#9907 = ADVANCED_FACE('',(#9908),#9874,.T.);
#9908 = FACE_BOUND('',#9909,.T.);
#9909 = EDGE_LOOP('',(#9910,#9933,#9956,#9977));
#9910 = ORIENTED_EDGE('',*,*,#9911,.F.);
#9911 = EDGE_CURVE('',#9912,#9859,#9914,.T.);
#9912 = VERTEX_POINT('',#9913);
#9913 = CARTESIAN_POINT('',(17.,349.,-82.));
#9914 = SURFACE_CURVE('',#9915,(#9919,#9926),.PCURVE_S1.);
#9915 = LINE('',#9916,#9917);
#9916 = CARTESIAN_POINT('',(17.,349.,-82.));
#9917 = VECTOR('',#9918,1.);
#9918 = DIRECTION('',(0.,1.,0.));
#9919 = PCURVE('',#9874,#9920);
#9920 = DEFINITIONAL_REPRESENTATION('',(#9921),#9925);
#9921 = LINE('',#9922,#9923);
#9922 = CARTESIAN_POINT('',(0.,0.));
#9923 = VECTOR('',#9924,1.);
#9924 = DIRECTION('',(0.,1.));
#9925 = ( GEOMETRIC_REPRESENTATION_CONTEXT(2) 
PARAMETRIC_REPRESENTATION_CONTEXT() REPRESENTATION_CONTEXT('2D SPACE',''
  ) );
#9926 = PCURVE('',#7208,#9927);
#9927 = DEFINITIONAL_REPRESENTATION('',(#9928),#9932);
#9928 = LINE('',#9929,#9930);
#9929 = CARTESIAN_POINT('',(0.,0.));
#9930 = VECTOR('',#9931,1.);
#9931 = DIRECTION('',(0.,-1.));
#9932 = ( GEOMETRIC_REPRESENTATION_CONTEXT(2) 
PARAMETRIC_REPRESENTATION_CONTEXT() REPRESENTATION_CONTEXT('2D SPACE',''
  ) );
#9933 = ORIENTED_EDGE('',*,*,#9934,.T.);
#9934 = EDGE_CURVE('',#9912,#9935,#9937,.T.);
#9935 = VERTEX_POINT('',#9936);
#9936 = CARTESIAN_POINT('',(-17.,349.,-82.));
#9937 = SURFACE_CURVE('',#9938,(#9942,#9949),.PCURVE_S1.);
#9938 = LINE('',#9939,#9940);
#9939 = CARTESIAN_POINT('',(17.,349.,-82.));
#9940 = VECTOR('',#9941,1.);
#9941 = DIRECTION('',(-1.,0.,-1.224646799147E-16));
#9942 = PCURVE('',#9874,#9943);
#9943 = DEFINITIONAL_REPRESENTATION('',(#9944),#9948);
#9944 = LINE('',#9945,#9946);
#9945 = CARTESIAN_POINT('',(0.,0.));
#9946 = VECTOR('',#9947,1.);
#9947 = DIRECTION('',(1.,0.));
#9948 = ( GEOMETRIC_REPRESENTATION_CONTEXT(2) 
PARAMETRIC_REPRESENTATION_CONTEXT() REPRESENTATION_CONTEXT('2D SPACE',''
  ) );
#9949 = PCURVE('',#7181,#9950);
#9950 = DEFINITIONAL_REPRESENTATION('',(#9951),#9955);
#9951 = LINE('',#9952,#9953);
#9952 = CARTESIAN_POINT('',(0.,0.));
#9953 = VECTOR('',#9954,1.);
#9954 = DIRECTION('',(0.,1.));
#9955 = ( GEOMETRIC_REPRESENTATION_CONTEXT(2) 
PARAMETRIC_REPRESENTATION_CONTEXT() REPRESENTATION_CONTEXT('2D SPACE',''
  ) );
#9956 = ORIENTED_EDGE('',*,*,#9957,.T.);
#9957 = EDGE_CURVE('',#9935,#9836,#9958,.T.);
#9958 = SURFACE_CURVE('',#9959,(#9963,#9970),.PCURVE_S1.);
#9959 = LINE('',#9960,#9961);
#9960 = CARTESIAN_POINT('',(-17.,349.,-82.));
#9961 = VECTOR('',#9962,1.);
#9962 = DIRECTION('',(0.,1.,0.));
#9963 = PCURVE('',#9874,#9964);
#9964 = DEFINITIONAL_REPRESENTATION('',(#9965),#9969);
#9965 = LINE('',#9966,#9967);
#9966 = CARTESIAN_POINT('',(34.,0.));
#9967 = VECTOR('',#9968,1.);
#9968 = DIRECTION('',(0.,1.));
#9969 = ( GEOMETRIC_REPRESENTATION_CONTEXT(2) 
PARAMETRIC_REPRESENTATION_CONTEXT() REPRESENTATION_CONTEXT('2D SPACE',''
  ) );
#9970 = PCURVE('',#7261,#9971);
#9971 = DEFINITIONAL_REPRESENTATION('',(#9972),#9976);
#9972 = LINE('',#9973,#9974);
#9973 = CARTESIAN_POINT('',(0.,0.));
#9974 = VECTOR('',#9975,1.);
#9975 = DIRECTION('',(0.,-1.));
#9976 = ( GEOMETRIC_REPRESENTATION_CONTEXT(2) 
PARAMETRIC_REPRESENTATION_CONTEXT() REPRESENTATION_CONTEXT('2D SPACE',''
  ) );
#9977 = ORIENTED_EDGE('',*,*,#9858,.F.);
#9978 = ADVANCED_FACE('',(#9979),#7261,.F.);
#9979 = FACE_BOUND('',#9980,.F.);
#9980 = EDGE_LOOP('',(#9981,#10002,#10003,#10004));
#9981 = ORIENTED_EDGE('',*,*,#9982,.F.);
#9982 = EDGE_CURVE('',#9935,#7165,#9983,.T.);
#9983 = SURFACE_CURVE('',#9984,(#9988,#9995),.PCURVE_S1.);
#9984 = LINE('',#9985,#9986);
#9985 = CARTESIAN_POINT('',(-17.,349.,-82.));
#9986 = VECTOR('',#9987,1.);
#9987 = DIRECTION('',(1.224646799147E-16,0.,-1.));
#9988 = PCURVE('',#7261,#9989);
#9989 = DEFINITIONAL_REPRESENTATION('',(#9990),#9994);
#9990 = LINE('',#9991,#9992);
#9991 = CARTESIAN_POINT('',(0.,0.));
#9992 = VECTOR('',#9993,1.);
#9993 = DIRECTION('',(1.,0.));
#9994 = ( GEOMETRIC_REPRESENTATION_CONTEXT(2) 
PARAMETRIC_REPRESENTATION_CONTEXT() REPRESENTATION_CONTEXT('2D SPACE',''
  ) );
#9995 = PCURVE('',#7181,#9996);
#9996 = DEFINITIONAL_REPRESENTATION('',(#9997),#10001);
#9997 = LINE('',#9998,#9999);
#9998 = CARTESIAN_POINT('',(0.,34.));
#9999 = VECTOR('',#10000,1.);
#10000 = DIRECTION('',(1.,0.));
#10001 = ( GEOMETRIC_REPRESENTATION_CONTEXT(2) 
PARAMETRIC_REPRESENTATION_CONTEXT() REPRESENTATION_CONTEXT('2D SPACE',''
  ) );
#10002 = ORIENTED_EDGE('',*,*,#9957,.T.);
#10003 = ORIENTED_EDGE('',*,*,#9835,.T.);
#10004 = ORIENTED_EDGE('',*,*,#7248,.F.);
#10005 = ADVANCED_FACE('',(#10006),#7208,.T.);
#10006 = FACE_BOUND('',#10007,.T.);
#10007 = EDGE_LOOP('',(#10008,#10029,#10030,#10031));
#10008 = ORIENTED_EDGE('',*,*,#10009,.F.);
#10009 = EDGE_CURVE('',#9912,#7163,#10010,.T.);
#10010 = SURFACE_CURVE('',#10011,(#10015,#10022),.PCURVE_S1.);
#10011 = LINE('',#10012,#10013);
#10012 = CARTESIAN_POINT('',(17.,349.,-82.));
#10013 = VECTOR('',#10014,1.);
#10014 = DIRECTION('',(1.224646799147E-16,0.,-1.));
#10015 = PCURVE('',#7208,#10016);
#10016 = DEFINITIONAL_REPRESENTATION('',(#10017),#10021);
#10017 = LINE('',#10018,#10019);
#10018 = CARTESIAN_POINT('',(0.,0.));
#10019 = VECTOR('',#10020,1.);
#10020 = DIRECTION('',(1.,0.));
#10021 = ( GEOMETRIC_REPRESENTATION_CONTEXT(2) 
PARAMETRIC_REPRESENTATION_CONTEXT() REPRESENTATION_CONTEXT('2D SPACE',''
  ) );
#10022 = PCURVE('',#7181,#10023);
#10023 = DEFINITIONAL_REPRESENTATION('',(#10024),#10028);
#10024 = LINE('',#10025,#10026);
#10025 = CARTESIAN_POINT('',(0.,0.));
#10026 = VECTOR('',#10027,1.);
#10027 = DIRECTION('',(1.,0.));
#10028 = ( GEOMETRIC_REPRESENTATION_CONTEXT(2) 
PARAMETRIC_REPRESENTATION_CONTEXT() REPRESENTATION_CONTEXT('2D SPACE',''
  ) );
#10029 = ORIENTED_EDGE('',*,*,#9911,.T.);
#10030 = ORIENTED_EDGE('',*,*,#9886,.T.);
#10031 = ORIENTED_EDGE('',*,*,#7193,.F.);
#10032 = ADVANCED_FACE('',(#10033),#7181,.T.);
#10033 = FACE_BOUND('',#10034,.T.);
#10034 = EDGE_LOOP('',(#10035,#10036,#10037,#10038));
#10035 = ORIENTED_EDGE('',*,*,#9982,.F.);
#10036 = ORIENTED_EDGE('',*,*,#9934,.F.);
#10037 = ORIENTED_EDGE('',*,*,#10009,.T.);
#10038 = ORIENTED_EDGE('',*,*,#7162,.T.);
#10039 = ADVANCED_FACE('',(#10040),#7124,.F.);
#10040 = FACE_BOUND('',#10041,.F.);
#10041 = EDGE_LOOP('',(#10042,#10065,#10093,#10114));
#10042 = ORIENTED_EDGE('',*,*,#10043,.F.);
#10043 = EDGE_CURVE('',#10044,#7108,#10046,.T.);
#10044 = VERTEX_POINT('',#10045);
#10045 = CARTESIAN_POINT('',(26.277568135665,359.,-79.51408311032));
#10046 = SURFACE_CURVE('',#10047,(#10051,#10058),.PCURVE_S1.);
#10047 = LINE('',#10048,#10049);
#10048 = CARTESIAN_POINT('',(26.277568135665,359.,-79.51408311032));
#10049 = VECTOR('',#10050,1.);
#10050 = DIRECTION('',(0.5,0.,-0.866025403784));
#10051 = PCURVE('',#7124,#10052);
#10052 = DEFINITIONAL_REPRESENTATION('',(#10053),#10057);
#10053 = LINE('',#10054,#10055);
#10054 = CARTESIAN_POINT('',(0.,34.));
#10055 = VECTOR('',#10056,1.);
#10056 = DIRECTION('',(1.,0.));
#10057 = ( GEOMETRIC_REPRESENTATION_CONTEXT(2) 
PARAMETRIC_REPRESENTATION_CONTEXT() REPRESENTATION_CONTEXT('2D SPACE',''
  ) );
#10058 = PCURVE('',#7149,#10059);
#10059 = DEFINITIONAL_REPRESENTATION('',(#10060),#10064);
#10060 = LINE('',#10061,#10062);
#10061 = CARTESIAN_POINT('',(0.,-10.));
#10062 = VECTOR('',#10063,1.);
#10063 = DIRECTION('',(1.,0.));
#10064 = ( GEOMETRIC_REPRESENTATION_CONTEXT(2) 
PARAMETRIC_REPRESENTATION_CONTEXT() REPRESENTATION_CONTEXT('2D SPACE',''
  ) );
#10065 = ORIENTED_EDGE('',*,*,#10066,.F.);
#10066 = EDGE_CURVE('',#10067,#10044,#10069,.T.);
#10067 = VERTEX_POINT('',#10068);
#10068 = CARTESIAN_POINT('',(55.722431864335,359.,-62.51408311032));
#10069 = SURFACE_CURVE('',#10070,(#10074,#10081),.PCURVE_S1.);
#10070 = LINE('',#10071,#10072);
#10071 = CARTESIAN_POINT('',(55.722431864335,359.,-62.51408311032));
#10072 = VECTOR('',#10073,1.);
#10073 = DIRECTION('',(-0.866025403784,0.,-0.5));
#10074 = PCURVE('',#7124,#10075);
#10075 = DEFINITIONAL_REPRESENTATION('',(#10076),#10080);
#10076 = LINE('',#10077,#10078);
#10077 = CARTESIAN_POINT('',(0.,0.));
#10078 = VECTOR('',#10079,1.);
#10079 = DIRECTION('',(0.,1.));
#10080 = ( GEOMETRIC_REPRESENTATION_CONTEXT(2) 
PARAMETRIC_REPRESENTATION_CONTEXT() REPRESENTATION_CONTEXT('2D SPACE',''
  ) );
#10081 = PCURVE('',#10082,#10087);
#10082 = PLANE('',#10083);
#10083 = AXIS2_PLACEMENT_3D('',#10084,#10085,#10086);
#10084 = CARTESIAN_POINT('',(55.722431864335,349.,-62.51408311032));
#10085 = DIRECTION('',(0.5,0.,-0.866025403784));
#10086 = DIRECTION('',(-0.866025403784,0.,-0.5));
#10087 = DEFINITIONAL_REPRESENTATION('',(#10088),#10092);
#10088 = LINE('',#10089,#10090);
#10089 = CARTESIAN_POINT('',(0.,10.));
#10090 = VECTOR('',#10091,1.);
#10091 = DIRECTION('',(1.,0.));
#10092 = ( GEOMETRIC_REPRESENTATION_CONTEXT(2) 
PARAMETRIC_REPRESENTATION_CONTEXT() REPRESENTATION_CONTEXT('2D SPACE',''
  ) );
#10093 = ORIENTED_EDGE('',*,*,#10094,.T.);
#10094 = EDGE_CURVE('',#10067,#7082,#10095,.T.);
#10095 = SURFACE_CURVE('',#10096,(#10100,#10107),.PCURVE_S1.);
#10096 = LINE('',#10097,#10098);
#10097 = CARTESIAN_POINT('',(55.722431864335,359.,-62.51408311032));
#10098 = VECTOR('',#10099,1.);
#10099 = DIRECTION('',(0.5,0.,-0.866025403784));
#10100 = PCURVE('',#7124,#10101);
#10101 = DEFINITIONAL_REPRESENTATION('',(#10102),#10106);
#10102 = LINE('',#10103,#10104);
#10103 = CARTESIAN_POINT('',(0.,0.));
#10104 = VECTOR('',#10105,1.);
#10105 = DIRECTION('',(1.,0.));
#10106 = ( GEOMETRIC_REPRESENTATION_CONTEXT(2) 
PARAMETRIC_REPRESENTATION_CONTEXT() REPRESENTATION_CONTEXT('2D SPACE',''
  ) );
#10107 = PCURVE('',#7096,#10108);
#10108 = DEFINITIONAL_REPRESENTATION('',(#10109),#10113);
#10109 = LINE('',#10110,#10111);
#10110 = CARTESIAN_POINT('',(0.,-10.));
#10111 = VECTOR('',#10112,1.);
#10112 = DIRECTION('',(1.,0.));
#10113 = ( GEOMETRIC_REPRESENTATION_CONTEXT(2) 
PARAMETRIC_REPRESENTATION_CONTEXT() REPRESENTATION_CONTEXT('2D SPACE',''
  ) );
#10114 = ORIENTED_EDGE('',*,*,#7107,.T.);
#10115 = ADVANCED_FACE('',(#10116),#10082,.T.);
#10116 = FACE_BOUND('',#10117,.T.);
#10117 = EDGE_LOOP('',(#10118,#10141,#10164,#10185));
#10118 = ORIENTED_EDGE('',*,*,#10119,.F.);
#10119 = EDGE_CURVE('',#10120,#10067,#10122,.T.);
#10120 = VERTEX_POINT('',#10121);
#10121 = CARTESIAN_POINT('',(55.722431864335,349.,-62.51408311032));
#10122 = SURFACE_CURVE('',#10123,(#10127,#10134),.PCURVE_S1.);
#10123 = LINE('',#10124,#10125);
#10124 = CARTESIAN_POINT('',(55.722431864335,349.,-62.51408311032));
#10125 = VECTOR('',#10126,1.);
#10126 = DIRECTION('',(0.,1.,0.));
#10127 = PCURVE('',#10082,#10128);
#10128 = DEFINITIONAL_REPRESENTATION('',(#10129),#10133);
#10129 = LINE('',#10130,#10131);
#10130 = CARTESIAN_POINT('',(0.,0.));
#10131 = VECTOR('',#10132,1.);
#10132 = DIRECTION('',(0.,1.));
#10133 = ( GEOMETRIC_REPRESENTATION_CONTEXT(2) 
PARAMETRIC_REPRESENTATION_CONTEXT() REPRESENTATION_CONTEXT('2D SPACE',''
  ) );
#10134 = PCURVE('',#7096,#10135);
#10135 = DEFINITIONAL_REPRESENTATION('',(#10136),#10140);
#10136 = LINE('',#10137,#10138);
#10137 = CARTESIAN_POINT('',(0.,0.));
#10138 = VECTOR('',#10139,1.);
#10139 = DIRECTION('',(0.,-1.));
#10140 = ( GEOMETRIC_REPRESENTATION_CONTEXT(2) 
PARAMETRIC_REPRESENTATION_CONTEXT() REPRESENTATION_CONTEXT('2D SPACE',''
  ) );
#10141 = ORIENTED_EDGE('',*,*,#10142,.T.);
#10142 = EDGE_CURVE('',#10120,#10143,#10145,.T.);
#10143 = VERTEX_POINT('',#10144);
#10144 = CARTESIAN_POINT('',(26.277568135665,349.,-79.51408311032));
#10145 = SURFACE_CURVE('',#10146,(#10150,#10157),.PCURVE_S1.);
#10146 = LINE('',#10147,#10148);
#10147 = CARTESIAN_POINT('',(55.722431864335,349.,-62.51408311032));
#10148 = VECTOR('',#10149,1.);
#10149 = DIRECTION('',(-0.866025403784,0.,-0.5));
#10150 = PCURVE('',#10082,#10151);
#10151 = DEFINITIONAL_REPRESENTATION('',(#10152),#10156);
#10152 = LINE('',#10153,#10154);
#10153 = CARTESIAN_POINT('',(0.,0.));
#10154 = VECTOR('',#10155,1.);
#10155 = DIRECTION('',(1.,0.));
#10156 = ( GEOMETRIC_REPRESENTATION_CONTEXT(2) 
PARAMETRIC_REPRESENTATION_CONTEXT() REPRESENTATION_CONTEXT('2D SPACE',''
  ) );
#10157 = PCURVE('',#7069,#10158);
#10158 = DEFINITIONAL_REPRESENTATION('',(#10159),#10163);
#10159 = LINE('',#10160,#10161);
#10160 = CARTESIAN_POINT('',(0.,0.));
#10161 = VECTOR('',#10162,1.);
#10162 = DIRECTION('',(0.,1.));
#10163 = ( GEOMETRIC_REPRESENTATION_CONTEXT(2) 
PARAMETRIC_REPRESENTATION_CONTEXT() REPRESENTATION_CONTEXT('2D SPACE',''
  ) );
#10164 = ORIENTED_EDGE('',*,*,#10165,.T.);
#10165 = EDGE_CURVE('',#10143,#10044,#10166,.T.);
#10166 = SURFACE_CURVE('',#10167,(#10171,#10178),.PCURVE_S1.);
#10167 = LINE('',#10168,#10169);
#10168 = CARTESIAN_POINT('',(26.277568135665,349.,-79.51408311032));
#10169 = VECTOR('',#10170,1.);
#10170 = DIRECTION('',(0.,1.,0.));
#10171 = PCURVE('',#10082,#10172);
#10172 = DEFINITIONAL_REPRESENTATION('',(#10173),#10177);
#10173 = LINE('',#10174,#10175);
#10174 = CARTESIAN_POINT('',(34.,0.));
#10175 = VECTOR('',#10176,1.);
#10176 = DIRECTION('',(0.,1.));
#10177 = ( GEOMETRIC_REPRESENTATION_CONTEXT(2) 
PARAMETRIC_REPRESENTATION_CONTEXT() REPRESENTATION_CONTEXT('2D SPACE',''
  ) );
#10178 = PCURVE('',#7149,#10179);
#10179 = DEFINITIONAL_REPRESENTATION('',(#10180),#10184);
#10180 = LINE('',#10181,#10182);
#10181 = CARTESIAN_POINT('',(0.,0.));
#10182 = VECTOR('',#10183,1.);
#10183 = DIRECTION('',(0.,-1.));
#10184 = ( GEOMETRIC_REPRESENTATION_CONTEXT(2) 
PARAMETRIC_REPRESENTATION_CONTEXT() REPRESENTATION_CONTEXT('2D SPACE',''
  ) );
#10185 = ORIENTED_EDGE('',*,*,#10066,.F.);
#10186 = ADVANCED_FACE('',(#10187),#7149,.F.);
#10187 = FACE_BOUND('',#10188,.F.);
#10188 = EDGE_LOOP('',(#10189,#10210,#10211,#10212));
#10189 = ORIENTED_EDGE('',*,*,#10190,.F.);
#10190 = EDGE_CURVE('',#10143,#7053,#10191,.T.);
#10191 = SURFACE_CURVE('',#10192,(#10196,#10203),.PCURVE_S1.);
#10192 = LINE('',#10193,#10194);
#10193 = CARTESIAN_POINT('',(26.277568135665,349.,-79.51408311032));
#10194 = VECTOR('',#10195,1.);
#10195 = DIRECTION('',(0.5,0.,-0.866025403784));
#10196 = PCURVE('',#7149,#10197);
#10197 = DEFINITIONAL_REPRESENTATION('',(#10198),#10202);
#10198 = LINE('',#10199,#10200);
#10199 = CARTESIAN_POINT('',(0.,0.));
#10200 = VECTOR('',#10201,1.);
#10201 = DIRECTION('',(1.,0.));
#10202 = ( GEOMETRIC_REPRESENTATION_CONTEXT(2) 
PARAMETRIC_REPRESENTATION_CONTEXT() REPRESENTATION_CONTEXT('2D SPACE',''
  ) );
#10203 = PCURVE('',#7069,#10204);
#10204 = DEFINITIONAL_REPRESENTATION('',(#10205),#10209);
#10205 = LINE('',#10206,#10207);
#10206 = CARTESIAN_POINT('',(0.,34.));
#10207 = VECTOR('',#10208,1.);
#10208 = DIRECTION('',(1.,0.));
#10209 = ( GEOMETRIC_REPRESENTATION_CONTEXT(2) 
PARAMETRIC_REPRESENTATION_CONTEXT() REPRESENTATION_CONTEXT('2D SPACE',''
  ) );
#10210 = ORIENTED_EDGE('',*,*,#10165,.T.);
#10211 = ORIENTED_EDGE('',*,*,#10043,.T.);
#10212 = ORIENTED_EDGE('',*,*,#7136,.F.);
#10213 = ADVANCED_FACE('',(#10214),#7096,.T.);
#10214 = FACE_BOUND('',#10215,.T.);
#10215 = EDGE_LOOP('',(#10216,#10237,#10238,#10239));
#10216 = ORIENTED_EDGE('',*,*,#10217,.F.);
#10217 = EDGE_CURVE('',#10120,#7051,#10218,.T.);
#10218 = SURFACE_CURVE('',#10219,(#10223,#10230),.PCURVE_S1.);
#10219 = LINE('',#10220,#10221);
#10220 = CARTESIAN_POINT('',(55.722431864335,349.,-62.51408311032));
#10221 = VECTOR('',#10222,1.);
#10222 = DIRECTION('',(0.5,0.,-0.866025403784));
#10223 = PCURVE('',#7096,#10224);
#10224 = DEFINITIONAL_REPRESENTATION('',(#10225),#10229);
#10225 = LINE('',#10226,#10227);
#10226 = CARTESIAN_POINT('',(0.,0.));
#10227 = VECTOR('',#10228,1.);
#10228 = DIRECTION('',(1.,0.));
#10229 = ( GEOMETRIC_REPRESENTATION_CONTEXT(2) 
PARAMETRIC_REPRESENTATION_CONTEXT() REPRESENTATION_CONTEXT('2D SPACE',''
  ) );
#10230 = PCURVE('',#7069,#10231);
#10231 = DEFINITIONAL_REPRESENTATION('',(#10232),#10236);
#10232 = LINE('',#10233,#10234);
#10233 = CARTESIAN_POINT('',(0.,0.));
#10234 = VECTOR('',#10235,1.);
#10235 = DIRECTION('',(1.,0.));
#10236 = ( GEOMETRIC_REPRESENTATION_CONTEXT(2) 
PARAMETRIC_REPRESENTATION_CONTEXT() REPRESENTATION_CONTEXT('2D SPACE',''
  ) );
#10237 = ORIENTED_EDGE('',*,*,#10119,.T.);
#10238 = ORIENTED_EDGE('',*,*,#10094,.T.);
#10239 = ORIENTED_EDGE('',*,*,#7081,.F.);
#10240 = ADVANCED_FACE('',(#10241),#7069,.T.);
#10241 = FACE_BOUND('',#10242,.T.);
#10242 = EDGE_LOOP('',(#10243,#10244,#10245,#10246));
#10243 = ORIENTED_EDGE('',*,*,#10190,.F.);
#10244 = ORIENTED_EDGE('',*,*,#10142,.F.);
#10245 = ORIENTED_EDGE('',*,*,#10217,.T.);
#10246 = ORIENTED_EDGE('',*,*,#7050,.T.);
#10247 = ADVANCED_FACE('',(#10248),#7012,.F.);
#10248 = FACE_BOUND('',#10249,.F.);
#10249 = EDGE_LOOP('',(#10250,#10273,#10301,#10322));
#10250 = ORIENTED_EDGE('',*,*,#10251,.F.);
#10251 = EDGE_CURVE('',#10252,#6996,#10254,.T.);
#10252 = VERTEX_POINT('',#10253);
#10253 = CARTESIAN_POINT('',(62.514083110324,359.,-55.72243186433));
#10254 = SURFACE_CURVE('',#10255,(#10259,#10266),.PCURVE_S1.);
#10255 = LINE('',#10256,#10257);
#10256 = CARTESIAN_POINT('',(62.514083110324,359.,-55.72243186433));
#10257 = VECTOR('',#10258,1.);
#10258 = DIRECTION('',(0.866025403784,0.,-0.5));
#10259 = PCURVE('',#7012,#10260);
#10260 = DEFINITIONAL_REPRESENTATION('',(#10261),#10265);
#10261 = LINE('',#10262,#10263);
#10262 = CARTESIAN_POINT('',(0.,34.));
#10263 = VECTOR('',#10264,1.);
#10264 = DIRECTION('',(1.,0.));
#10265 = ( GEOMETRIC_REPRESENTATION_CONTEXT(2) 
PARAMETRIC_REPRESENTATION_CONTEXT() REPRESENTATION_CONTEXT('2D SPACE',''
  ) );
#10266 = PCURVE('',#7037,#10267);
#10267 = DEFINITIONAL_REPRESENTATION('',(#10268),#10272);
#10268 = LINE('',#10269,#10270);
#10269 = CARTESIAN_POINT('',(0.,-10.));
#10270 = VECTOR('',#10271,1.);
#10271 = DIRECTION('',(1.,0.));
#10272 = ( GEOMETRIC_REPRESENTATION_CONTEXT(2) 
PARAMETRIC_REPRESENTATION_CONTEXT() REPRESENTATION_CONTEXT('2D SPACE',''
  ) );
#10273 = ORIENTED_EDGE('',*,*,#10274,.F.);
#10274 = EDGE_CURVE('',#10275,#10252,#10277,.T.);
#10275 = VERTEX_POINT('',#10276);
#10276 = CARTESIAN_POINT('',(79.514083110324,359.,-26.27756813566));
#10277 = SURFACE_CURVE('',#10278,(#10282,#10289),.PCURVE_S1.);
#10278 = LINE('',#10279,#10280);
#10279 = CARTESIAN_POINT('',(79.514083110324,359.,-26.27756813566));
#10280 = VECTOR('',#10281,1.);
#10281 = DIRECTION('',(-0.5,0.,-0.866025403784));
#10282 = PCURVE('',#7012,#10283);
#10283 = DEFINITIONAL_REPRESENTATION('',(#10284),#10288);
#10284 = LINE('',#10285,#10286);
#10285 = CARTESIAN_POINT('',(0.,0.));
#10286 = VECTOR('',#10287,1.);
#10287 = DIRECTION('',(0.,1.));
#10288 = ( GEOMETRIC_REPRESENTATION_CONTEXT(2) 
PARAMETRIC_REPRESENTATION_CONTEXT() REPRESENTATION_CONTEXT('2D SPACE',''
  ) );
#10289 = PCURVE('',#10290,#10295);
#10290 = PLANE('',#10291);
#10291 = AXIS2_PLACEMENT_3D('',#10292,#10293,#10294);
#10292 = CARTESIAN_POINT('',(79.514083110324,349.,-26.27756813566));
#10293 = DIRECTION('',(0.866025403784,0.,-0.5));
#10294 = DIRECTION('',(-0.5,0.,-0.866025403784));
#10295 = DEFINITIONAL_REPRESENTATION('',(#10296),#10300);
#10296 = LINE('',#10297,#10298);
#10297 = CARTESIAN_POINT('',(0.,10.));
#10298 = VECTOR('',#10299,1.);
#10299 = DIRECTION('',(1.,0.));
#10300 = ( GEOMETRIC_REPRESENTATION_CONTEXT(2) 
PARAMETRIC_REPRESENTATION_CONTEXT() REPRESENTATION_CONTEXT('2D SPACE',''
  ) );
#10301 = ORIENTED_EDGE('',*,*,#10302,.T.);
#10302 = EDGE_CURVE('',#10275,#6970,#10303,.T.);
#10303 = SURFACE_CURVE('',#10304,(#10308,#10315),.PCURVE_S1.);
#10304 = LINE('',#10305,#10306);
#10305 = CARTESIAN_POINT('',(79.514083110324,359.,-26.27756813566));
#10306 = VECTOR('',#10307,1.);
#10307 = DIRECTION('',(0.866025403784,0.,-0.5));
#10308 = PCURVE('',#7012,#10309);
#10309 = DEFINITIONAL_REPRESENTATION('',(#10310),#10314);
#10310 = LINE('',#10311,#10312);
#10311 = CARTESIAN_POINT('',(0.,0.));
#10312 = VECTOR('',#10313,1.);
#10313 = DIRECTION('',(1.,0.));
#10314 = ( GEOMETRIC_REPRESENTATION_CONTEXT(2) 
PARAMETRIC_REPRESENTATION_CONTEXT() REPRESENTATION_CONTEXT('2D SPACE',''
  ) );
#10315 = PCURVE('',#6984,#10316);
#10316 = DEFINITIONAL_REPRESENTATION('',(#10317),#10321);
#10317 = LINE('',#10318,#10319);
#10318 = CARTESIAN_POINT('',(0.,-10.));
#10319 = VECTOR('',#10320,1.);
#10320 = DIRECTION('',(1.,0.));
#10321 = ( GEOMETRIC_REPRESENTATION_CONTEXT(2) 
PARAMETRIC_REPRESENTATION_CONTEXT() REPRESENTATION_CONTEXT('2D SPACE',''
  ) );
#10322 = ORIENTED_EDGE('',*,*,#6995,.T.);
#10323 = ADVANCED_FACE('',(#10324),#10290,.T.);
#10324 = FACE_BOUND('',#10325,.T.);
#10325 = EDGE_LOOP('',(#10326,#10349,#10372,#10393));
#10326 = ORIENTED_EDGE('',*,*,#10327,.F.);
#10327 = EDGE_CURVE('',#10328,#10275,#10330,.T.);
#10328 = VERTEX_POINT('',#10329);
#10329 = CARTESIAN_POINT('',(79.514083110324,349.,-26.27756813566));
#10330 = SURFACE_CURVE('',#10331,(#10335,#10342),.PCURVE_S1.);
#10331 = LINE('',#10332,#10333);
#10332 = CARTESIAN_POINT('',(79.514083110324,349.,-26.27756813566));
#10333 = VECTOR('',#10334,1.);
#10334 = DIRECTION('',(0.,1.,0.));
#10335 = PCURVE('',#10290,#10336);
#10336 = DEFINITIONAL_REPRESENTATION('',(#10337),#10341);
#10337 = LINE('',#10338,#10339);
#10338 = CARTESIAN_POINT('',(0.,0.));
#10339 = VECTOR('',#10340,1.);
#10340 = DIRECTION('',(0.,1.));
#10341 = ( GEOMETRIC_REPRESENTATION_CONTEXT(2) 
PARAMETRIC_REPRESENTATION_CONTEXT() REPRESENTATION_CONTEXT('2D SPACE',''
  ) );
#10342 = PCURVE('',#6984,#10343);
#10343 = DEFINITIONAL_REPRESENTATION('',(#10344),#10348);
#10344 = LINE('',#10345,#10346);
#10345 = CARTESIAN_POINT('',(0.,0.));
#10346 = VECTOR('',#10347,1.);
#10347 = DIRECTION('',(0.,-1.));
#10348 = ( GEOMETRIC_REPRESENTATION_CONTEXT(2) 
PARAMETRIC_REPRESENTATION_CONTEXT() REPRESENTATION_CONTEXT('2D SPACE',''
  ) );
#10349 = ORIENTED_EDGE('',*,*,#10350,.T.);
#10350 = EDGE_CURVE('',#10328,#10351,#10353,.T.);
#10351 = VERTEX_POINT('',#10352);
#10352 = CARTESIAN_POINT('',(62.514083110324,349.,-55.72243186433));
#10353 = SURFACE_CURVE('',#10354,(#10358,#10365),.PCURVE_S1.);
#10354 = LINE('',#10355,#10356);
#10355 = CARTESIAN_POINT('',(79.514083110324,349.,-26.27756813566));
#10356 = VECTOR('',#10357,1.);
#10357 = DIRECTION('',(-0.5,0.,-0.866025403784));
#10358 = PCURVE('',#10290,#10359);
#10359 = DEFINITIONAL_REPRESENTATION('',(#10360),#10364);
#10360 = LINE('',#10361,#10362);
#10361 = CARTESIAN_POINT('',(0.,0.));
#10362 = VECTOR('',#10363,1.);
#10363 = DIRECTION('',(1.,0.));
#10364 = ( GEOMETRIC_REPRESENTATION_CONTEXT(2) 
PARAMETRIC_REPRESENTATION_CONTEXT() REPRESENTATION_CONTEXT('2D SPACE',''
  ) );
#10365 = PCURVE('',#6957,#10366);
#10366 = DEFINITIONAL_REPRESENTATION('',(#10367),#10371);
#10367 = LINE('',#10368,#10369);
#10368 = CARTESIAN_POINT('',(0.,0.));
#10369 = VECTOR('',#10370,1.);
#10370 = DIRECTION('',(0.,1.));
#10371 = ( GEOMETRIC_REPRESENTATION_CONTEXT(2) 
PARAMETRIC_REPRESENTATION_CONTEXT() REPRESENTATION_CONTEXT('2D SPACE',''
  ) );
#10372 = ORIENTED_EDGE('',*,*,#10373,.T.);
#10373 = EDGE_CURVE('',#10351,#10252,#10374,.T.);
#10374 = SURFACE_CURVE('',#10375,(#10379,#10386),.PCURVE_S1.);
#10375 = LINE('',#10376,#10377);
#10376 = CARTESIAN_POINT('',(62.514083110324,349.,-55.72243186433));
#10377 = VECTOR('',#10378,1.);
#10378 = DIRECTION('',(0.,1.,0.));
#10379 = PCURVE('',#10290,#10380);
#10380 = DEFINITIONAL_REPRESENTATION('',(#10381),#10385);
#10381 = LINE('',#10382,#10383);
#10382 = CARTESIAN_POINT('',(34.,0.));
#10383 = VECTOR('',#10384,1.);
#10384 = DIRECTION('',(0.,1.));
#10385 = ( GEOMETRIC_REPRESENTATION_CONTEXT(2) 
PARAMETRIC_REPRESENTATION_CONTEXT() REPRESENTATION_CONTEXT('2D SPACE',''
  ) );
#10386 = PCURVE('',#7037,#10387);
#10387 = DEFINITIONAL_REPRESENTATION('',(#10388),#10392);
#10388 = LINE('',#10389,#10390);
#10389 = CARTESIAN_POINT('',(0.,0.));
#10390 = VECTOR('',#10391,1.);
#10391 = DIRECTION('',(0.,-1.));
#10392 = ( GEOMETRIC_REPRESENTATION_CONTEXT(2) 
PARAMETRIC_REPRESENTATION_CONTEXT() REPRESENTATION_CONTEXT('2D SPACE',''
  ) );
#10393 = ORIENTED_EDGE('',*,*,#10274,.F.);
#10394 = ADVANCED_FACE('',(#10395),#7037,.F.);
#10395 = FACE_BOUND('',#10396,.F.);
#10396 = EDGE_LOOP('',(#10397,#10418,#10419,#10420));
#10397 = ORIENTED_EDGE('',*,*,#10398,.F.);
#10398 = EDGE_CURVE('',#10351,#6941,#10399,.T.);
#10399 = SURFACE_CURVE('',#10400,(#10404,#10411),.PCURVE_S1.);
#10400 = LINE('',#10401,#10402);
#10401 = CARTESIAN_POINT('',(62.514083110324,349.,-55.72243186433));
#10402 = VECTOR('',#10403,1.);
#10403 = DIRECTION('',(0.866025403784,0.,-0.5));
#10404 = PCURVE('',#7037,#10405);
#10405 = DEFINITIONAL_REPRESENTATION('',(#10406),#10410);
#10406 = LINE('',#10407,#10408);
#10407 = CARTESIAN_POINT('',(0.,0.));
#10408 = VECTOR('',#10409,1.);
#10409 = DIRECTION('',(1.,0.));
#10410 = ( GEOMETRIC_REPRESENTATION_CONTEXT(2) 
PARAMETRIC_REPRESENTATION_CONTEXT() REPRESENTATION_CONTEXT('2D SPACE',''
  ) );
#10411 = PCURVE('',#6957,#10412);
#10412 = DEFINITIONAL_REPRESENTATION('',(#10413),#10417);
#10413 = LINE('',#10414,#10415);
#10414 = CARTESIAN_POINT('',(0.,34.));
#10415 = VECTOR('',#10416,1.);
#10416 = DIRECTION('',(1.,0.));
#10417 = ( GEOMETRIC_REPRESENTATION_CONTEXT(2) 
PARAMETRIC_REPRESENTATION_CONTEXT() REPRESENTATION_CONTEXT('2D SPACE',''
  ) );
#10418 = ORIENTED_EDGE('',*,*,#10373,.T.);
#10419 = ORIENTED_EDGE('',*,*,#10251,.T.);
#10420 = ORIENTED_EDGE('',*,*,#7024,.F.);
#10421 = ADVANCED_FACE('',(#10422),#6984,.T.);
#10422 = FACE_BOUND('',#10423,.T.);
#10423 = EDGE_LOOP('',(#10424,#10445,#10446,#10447));
#10424 = ORIENTED_EDGE('',*,*,#10425,.F.);
#10425 = EDGE_CURVE('',#10328,#6939,#10426,.T.);
#10426 = SURFACE_CURVE('',#10427,(#10431,#10438),.PCURVE_S1.);
#10427 = LINE('',#10428,#10429);
#10428 = CARTESIAN_POINT('',(79.514083110324,349.,-26.27756813566));
#10429 = VECTOR('',#10430,1.);
#10430 = DIRECTION('',(0.866025403784,0.,-0.5));
#10431 = PCURVE('',#6984,#10432);
#10432 = DEFINITIONAL_REPRESENTATION('',(#10433),#10437);
#10433 = LINE('',#10434,#10435);
#10434 = CARTESIAN_POINT('',(0.,0.));
#10435 = VECTOR('',#10436,1.);
#10436 = DIRECTION('',(1.,0.));
#10437 = ( GEOMETRIC_REPRESENTATION_CONTEXT(2) 
PARAMETRIC_REPRESENTATION_CONTEXT() REPRESENTATION_CONTEXT('2D SPACE',''
  ) );
#10438 = PCURVE('',#6957,#10439);
#10439 = DEFINITIONAL_REPRESENTATION('',(#10440),#10444);
#10440 = LINE('',#10441,#10442);
#10441 = CARTESIAN_POINT('',(0.,0.));
#10442 = VECTOR('',#10443,1.);
#10443 = DIRECTION('',(1.,0.));
#10444 = ( GEOMETRIC_REPRESENTATION_CONTEXT(2) 
PARAMETRIC_REPRESENTATION_CONTEXT() REPRESENTATION_CONTEXT('2D SPACE',''
  ) );
#10445 = ORIENTED_EDGE('',*,*,#10327,.T.);
#10446 = ORIENTED_EDGE('',*,*,#10302,.T.);
#10447 = ORIENTED_EDGE('',*,*,#6969,.F.);
#10448 = ADVANCED_FACE('',(#10449),#6957,.T.);
#10449 = FACE_BOUND('',#10450,.T.);
#10450 = EDGE_LOOP('',(#10451,#10452,#10453,#10454));
#10451 = ORIENTED_EDGE('',*,*,#10398,.F.);
#10452 = ORIENTED_EDGE('',*,*,#10350,.F.);
#10453 = ORIENTED_EDGE('',*,*,#10425,.T.);
#10454 = ORIENTED_EDGE('',*,*,#6938,.T.);
#10455 = ADVANCED_FACE('',(#10456),#6772,.T.);
#10456 = FACE_BOUND('',#10457,.T.);
#10457 = EDGE_LOOP('',(#10458,#10481,#10509,#10530));
#10458 = ORIENTED_EDGE('',*,*,#10459,.F.);
#10459 = EDGE_CURVE('',#10460,#6729,#10462,.T.);
#10460 = VERTEX_POINT('',#10461);
#10461 = CARTESIAN_POINT('',(82.,349.,17.));
#10462 = SURFACE_CURVE('',#10463,(#10467,#10474),.PCURVE_S1.);
#10463 = LINE('',#10464,#10465);
#10464 = CARTESIAN_POINT('',(82.,349.,17.));
#10465 = VECTOR('',#10466,1.);
#10466 = DIRECTION('',(1.,0.,2.22044604925E-16));
#10467 = PCURVE('',#6772,#10468);
#10468 = DEFINITIONAL_REPRESENTATION('',(#10469),#10473);
#10469 = LINE('',#10470,#10471);
#10470 = CARTESIAN_POINT('',(0.,0.));
#10471 = VECTOR('',#10472,1.);
#10472 = DIRECTION('',(1.,0.));
#10473 = ( GEOMETRIC_REPRESENTATION_CONTEXT(2) 
PARAMETRIC_REPRESENTATION_CONTEXT() REPRESENTATION_CONTEXT('2D SPACE',''
  ) );
#10474 = PCURVE('',#6745,#10475);
#10475 = DEFINITIONAL_REPRESENTATION('',(#10476),#10480);
#10476 = LINE('',#10477,#10478);
#10477 = CARTESIAN_POINT('',(0.,0.));
#10478 = VECTOR('',#10479,1.);
#10479 = DIRECTION('',(1.,0.));
#10480 = ( GEOMETRIC_REPRESENTATION_CONTEXT(2) 
PARAMETRIC_REPRESENTATION_CONTEXT() REPRESENTATION_CONTEXT('2D SPACE',''
  ) );
#10481 = ORIENTED_EDGE('',*,*,#10482,.T.);
#10482 = EDGE_CURVE('',#10460,#10483,#10485,.T.);
#10483 = VERTEX_POINT('',#10484);
#10484 = CARTESIAN_POINT('',(82.,359.,17.));
#10485 = SURFACE_CURVE('',#10486,(#10490,#10497),.PCURVE_S1.);
#10486 = LINE('',#10487,#10488);
#10487 = CARTESIAN_POINT('',(82.,349.,17.));
#10488 = VECTOR('',#10489,1.);
#10489 = DIRECTION('',(0.,1.,0.));
#10490 = PCURVE('',#6772,#10491);
#10491 = DEFINITIONAL_REPRESENTATION('',(#10492),#10496);
#10492 = LINE('',#10493,#10494);
#10493 = CARTESIAN_POINT('',(0.,0.));
#10494 = VECTOR('',#10495,1.);
#10495 = DIRECTION('',(0.,-1.));
#10496 = ( GEOMETRIC_REPRESENTATION_CONTEXT(2) 
PARAMETRIC_REPRESENTATION_CONTEXT() REPRESENTATION_CONTEXT('2D SPACE',''
  ) );
#10497 = PCURVE('',#10498,#10503);
#10498 = PLANE('',#10499);
#10499 = AXIS2_PLACEMENT_3D('',#10500,#10501,#10502);
#10500 = CARTESIAN_POINT('',(82.,349.,17.));
#10501 = DIRECTION('',(1.,0.,2.22044604925E-16));
#10502 = DIRECTION('',(2.22044604925E-16,0.,-1.));
#10503 = DEFINITIONAL_REPRESENTATION('',(#10504),#10508);
#10504 = LINE('',#10505,#10506);
#10505 = CARTESIAN_POINT('',(0.,0.));
#10506 = VECTOR('',#10507,1.);
#10507 = DIRECTION('',(0.,1.));
#10508 = ( GEOMETRIC_REPRESENTATION_CONTEXT(2) 
PARAMETRIC_REPRESENTATION_CONTEXT() REPRESENTATION_CONTEXT('2D SPACE',''
  ) );
#10509 = ORIENTED_EDGE('',*,*,#10510,.T.);
#10510 = EDGE_CURVE('',#10483,#6758,#10511,.T.);
#10511 = SURFACE_CURVE('',#10512,(#10516,#10523),.PCURVE_S1.);
#10512 = LINE('',#10513,#10514);
#10513 = CARTESIAN_POINT('',(82.,359.,17.));
#10514 = VECTOR('',#10515,1.);
#10515 = DIRECTION('',(1.,0.,2.22044604925E-16));
#10516 = PCURVE('',#6772,#10517);
#10517 = DEFINITIONAL_REPRESENTATION('',(#10518),#10522);
#10518 = LINE('',#10519,#10520);
#10519 = CARTESIAN_POINT('',(0.,-10.));
#10520 = VECTOR('',#10521,1.);
#10521 = DIRECTION('',(1.,0.));
#10522 = ( GEOMETRIC_REPRESENTATION_CONTEXT(2) 
PARAMETRIC_REPRESENTATION_CONTEXT() REPRESENTATION_CONTEXT('2D SPACE',''
  ) );
#10523 = PCURVE('',#6800,#10524);
#10524 = DEFINITIONAL_REPRESENTATION('',(#10525),#10529);
#10525 = LINE('',#10526,#10527);
#10526 = CARTESIAN_POINT('',(0.,0.));
#10527 = VECTOR('',#10528,1.);
#10528 = DIRECTION('',(1.,0.));
#10529 = ( GEOMETRIC_REPRESENTATION_CONTEXT(2) 
PARAMETRIC_REPRESENTATION_CONTEXT() REPRESENTATION_CONTEXT('2D SPACE',''
  ) );
#10530 = ORIENTED_EDGE('',*,*,#6757,.F.);
#10531 = ADVANCED_FACE('',(#10532),#10498,.T.);
#10532 = FACE_BOUND('',#10533,.T.);
#10533 = EDGE_LOOP('',(#10534,#10535,#10558,#10581));
#10534 = ORIENTED_EDGE('',*,*,#10482,.F.);
#10535 = ORIENTED_EDGE('',*,*,#10536,.T.);
#10536 = EDGE_CURVE('',#10460,#10537,#10539,.T.);
#10537 = VERTEX_POINT('',#10538);
#10538 = CARTESIAN_POINT('',(82.,349.,-17.));
#10539 = SURFACE_CURVE('',#10540,(#10544,#10551),.PCURVE_S1.);
#10540 = LINE('',#10541,#10542);
#10541 = CARTESIAN_POINT('',(82.,349.,17.));
#10542 = VECTOR('',#10543,1.);
#10543 = DIRECTION('',(2.22044604925E-16,0.,-1.));
#10544 = PCURVE('',#10498,#10545);
#10545 = DEFINITIONAL_REPRESENTATION('',(#10546),#10550);
#10546 = LINE('',#10547,#10548);
#10547 = CARTESIAN_POINT('',(0.,0.));
#10548 = VECTOR('',#10549,1.);
#10549 = DIRECTION('',(1.,0.));
#10550 = ( GEOMETRIC_REPRESENTATION_CONTEXT(2) 
PARAMETRIC_REPRESENTATION_CONTEXT() REPRESENTATION_CONTEXT('2D SPACE',''
  ) );
#10551 = PCURVE('',#6745,#10552);
#10552 = DEFINITIONAL_REPRESENTATION('',(#10553),#10557);
#10553 = LINE('',#10554,#10555);
#10554 = CARTESIAN_POINT('',(0.,0.));
#10555 = VECTOR('',#10556,1.);
#10556 = DIRECTION('',(0.,1.));
#10557 = ( GEOMETRIC_REPRESENTATION_CONTEXT(2) 
PARAMETRIC_REPRESENTATION_CONTEXT() REPRESENTATION_CONTEXT('2D SPACE',''
  ) );
#10558 = ORIENTED_EDGE('',*,*,#10559,.T.);
#10559 = EDGE_CURVE('',#10537,#10560,#10562,.T.);
#10560 = VERTEX_POINT('',#10561);
#10561 = CARTESIAN_POINT('',(82.,359.,-17.));
#10562 = SURFACE_CURVE('',#10563,(#10567,#10574),.PCURVE_S1.);
#10563 = LINE('',#10564,#10565);
#10564 = CARTESIAN_POINT('',(82.,349.,-17.));
#10565 = VECTOR('',#10566,1.);
#10566 = DIRECTION('',(0.,1.,0.));
#10567 = PCURVE('',#10498,#10568);
#10568 = DEFINITIONAL_REPRESENTATION('',(#10569),#10573);
#10569 = LINE('',#10570,#10571);
#10570 = CARTESIAN_POINT('',(34.,0.));
#10571 = VECTOR('',#10572,1.);
#10572 = DIRECTION('',(0.,1.));
#10573 = ( GEOMETRIC_REPRESENTATION_CONTEXT(2) 
PARAMETRIC_REPRESENTATION_CONTEXT() REPRESENTATION_CONTEXT('2D SPACE',''
  ) );
#10574 = PCURVE('',#6902,#10575);
#10575 = DEFINITIONAL_REPRESENTATION('',(#10576),#10580);
#10576 = LINE('',#10577,#10578);
#10577 = CARTESIAN_POINT('',(0.,0.));
#10578 = VECTOR('',#10579,1.);
#10579 = DIRECTION('',(0.,-1.));
#10580 = ( GEOMETRIC_REPRESENTATION_CONTEXT(2) 
PARAMETRIC_REPRESENTATION_CONTEXT() REPRESENTATION_CONTEXT('2D SPACE',''
  ) );
#10581 = ORIENTED_EDGE('',*,*,#10582,.F.);
#10582 = EDGE_CURVE('',#10483,#10560,#10583,.T.);
#10583 = SURFACE_CURVE('',#10584,(#10588,#10595),.PCURVE_S1.);
#10584 = LINE('',#10585,#10586);
#10585 = CARTESIAN_POINT('',(82.,359.,17.));
#10586 = VECTOR('',#10587,1.);
#10587 = DIRECTION('',(2.22044604925E-16,0.,-1.));
#10588 = PCURVE('',#10498,#10589);
#10589 = DEFINITIONAL_REPRESENTATION('',(#10590),#10594);
#10590 = LINE('',#10591,#10592);
#10591 = CARTESIAN_POINT('',(0.,10.));
#10592 = VECTOR('',#10593,1.);
#10593 = DIRECTION('',(1.,0.));
#10594 = ( GEOMETRIC_REPRESENTATION_CONTEXT(2) 
PARAMETRIC_REPRESENTATION_CONTEXT() REPRESENTATION_CONTEXT('2D SPACE',''
  ) );
#10595 = PCURVE('',#6800,#10596);
#10596 = DEFINITIONAL_REPRESENTATION('',(#10597),#10601);
#10597 = LINE('',#10598,#10599);
#10598 = CARTESIAN_POINT('',(0.,0.));
#10599 = VECTOR('',#10600,1.);
#10600 = DIRECTION('',(0.,1.));
#10601 = ( GEOMETRIC_REPRESENTATION_CONTEXT(2) 
PARAMETRIC_REPRESENTATION_CONTEXT() REPRESENTATION_CONTEXT('2D SPACE',''
  ) );
#10602 = ADVANCED_FACE('',(#10603),#6850,.T.);
#10603 = FACE_BOUND('',#10604,.T.);
#10604 = EDGE_LOOP('',(#10605));
#10605 = ORIENTED_EDGE('',*,*,#6835,.T.);
#10606 = ADVANCED_FACE('',(#10607),#6800,.F.);
#10607 = FACE_BOUND('',#10608,.F.);
#10608 = EDGE_LOOP('',(#10609,#10630,#10631,#10632,#10633));
#10609 = ORIENTED_EDGE('',*,*,#10610,.F.);
#10610 = EDGE_CURVE('',#10560,#6864,#10611,.T.);
#10611 = SURFACE_CURVE('',#10612,(#10616,#10623),.PCURVE_S1.);
#10612 = LINE('',#10613,#10614);
#10613 = CARTESIAN_POINT('',(82.,359.,-17.));
#10614 = VECTOR('',#10615,1.);
#10615 = DIRECTION('',(1.,0.,2.22044604925E-16));
#10616 = PCURVE('',#6800,#10617);
#10617 = DEFINITIONAL_REPRESENTATION('',(#10618),#10622);
#10618 = LINE('',#10619,#10620);
#10619 = CARTESIAN_POINT('',(0.,34.));
#10620 = VECTOR('',#10621,1.);
#10621 = DIRECTION('',(1.,0.));
#10622 = ( GEOMETRIC_REPRESENTATION_CONTEXT(2) 
PARAMETRIC_REPRESENTATION_CONTEXT() REPRESENTATION_CONTEXT('2D SPACE',''
  ) );
#10623 = PCURVE('',#6902,#10624);
#10624 = DEFINITIONAL_REPRESENTATION('',(#10625),#10629);
#10625 = LINE('',#10626,#10627);
#10626 = CARTESIAN_POINT('',(0.,-10.));
#10627 = VECTOR('',#10628,1.);
#10628 = DIRECTION('',(1.,0.));
#10629 = ( GEOMETRIC_REPRESENTATION_CONTEXT(2) 
PARAMETRIC_REPRESENTATION_CONTEXT() REPRESENTATION_CONTEXT('2D SPACE',''
  ) );
#10630 = ORIENTED_EDGE('',*,*,#10582,.F.);
#10631 = ORIENTED_EDGE('',*,*,#10510,.T.);
#10632 = ORIENTED_EDGE('',*,*,#6783,.T.);
#10633 = ORIENTED_EDGE('',*,*,#6863,.T.);
#10634 = ADVANCED_FACE('',(#10635),#6902,.F.);
#10635 = FACE_BOUND('',#10636,.F.);
#10636 = EDGE_LOOP('',(#10637,#10658,#10659,#10660));
#10637 = ORIENTED_EDGE('',*,*,#10638,.F.);
#10638 = EDGE_CURVE('',#10537,#6888,#10639,.T.);
#10639 = SURFACE_CURVE('',#10640,(#10644,#10651),.PCURVE_S1.);
#10640 = LINE('',#10641,#10642);
#10641 = CARTESIAN_POINT('',(82.,349.,-17.));
#10642 = VECTOR('',#10643,1.);
#10643 = DIRECTION('',(1.,0.,2.22044604925E-16));
#10644 = PCURVE('',#6902,#10645);
#10645 = DEFINITIONAL_REPRESENTATION('',(#10646),#10650);
#10646 = LINE('',#10647,#10648);
#10647 = CARTESIAN_POINT('',(0.,0.));
#10648 = VECTOR('',#10649,1.);
#10649 = DIRECTION('',(1.,0.));
#10650 = ( GEOMETRIC_REPRESENTATION_CONTEXT(2) 
PARAMETRIC_REPRESENTATION_CONTEXT() REPRESENTATION_CONTEXT('2D SPACE',''
  ) );
#10651 = PCURVE('',#6745,#10652);
#10652 = DEFINITIONAL_REPRESENTATION('',(#10653),#10657);
#10653 = LINE('',#10654,#10655);
#10654 = CARTESIAN_POINT('',(0.,34.));
#10655 = VECTOR('',#10656,1.);
#10656 = DIRECTION('',(1.,0.));
#10657 = ( GEOMETRIC_REPRESENTATION_CONTEXT(2) 
PARAMETRIC_REPRESENTATION_CONTEXT() REPRESENTATION_CONTEXT('2D SPACE',''
  ) );
#10658 = ORIENTED_EDGE('',*,*,#10559,.T.);
#10659 = ORIENTED_EDGE('',*,*,#10610,.T.);
#10660 = ORIENTED_EDGE('',*,*,#6887,.F.);
#10661 = ADVANCED_FACE('',(#10662),#6745,.T.);
#10662 = FACE_BOUND('',#10663,.T.);
#10663 = EDGE_LOOP('',(#10664,#10665,#10666,#10667,#10668));
#10664 = ORIENTED_EDGE('',*,*,#10638,.F.);
#10665 = ORIENTED_EDGE('',*,*,#10536,.F.);
#10666 = ORIENTED_EDGE('',*,*,#10459,.T.);
#10667 = ORIENTED_EDGE('',*,*,#6728,.T.);
#10668 = ORIENTED_EDGE('',*,*,#6913,.T.);
#10669 = ADVANCED_FACE('',(#10670,#10704,#10810,#10916),#3775,.T.);
#10670 = FACE_BOUND('',#10671,.T.);
#10671 = EDGE_LOOP('',(#10672,#10673,#10674,#10675,#10676,#10677,#10678,
    #10679,#10680,#10701,#10702,#10703));
#10672 = ORIENTED_EDGE('',*,*,#4641,.F.);
#10673 = ORIENTED_EDGE('',*,*,#4593,.F.);
#10674 = ORIENTED_EDGE('',*,*,#4516,.T.);
#10675 = ORIENTED_EDGE('',*,*,#4389,.T.);
#10676 = ORIENTED_EDGE('',*,*,#4320,.T.);
#10677 = ORIENTED_EDGE('',*,*,#4072,.F.);
#10678 = ORIENTED_EDGE('',*,*,#3757,.T.);
#10679 = ORIENTED_EDGE('',*,*,#6531,.F.);
#10680 = ORIENTED_EDGE('',*,*,#10681,.T.);
#10681 = EDGE_CURVE('',#6511,#5146,#10682,.T.);
#10682 = SURFACE_CURVE('',#10683,(#10687,#10694),.PCURVE_S1.);
#10683 = LINE('',#10684,#10685);
#10684 = CARTESIAN_POINT('',(-127.,300.,-113.));
#10685 = VECTOR('',#10686,1.);
#10686 = DIRECTION('',(1.,0.,-0.));
#10687 = PCURVE('',#3775,#10688);
#10688 = DEFINITIONAL_REPRESENTATION('',(#10689),#10693);
#10689 = LINE('',#10690,#10691);
#10690 = CARTESIAN_POINT('',(22.,0.));
#10691 = VECTOR('',#10692,1.);
#10692 = DIRECTION('',(0.,1.));
#10693 = ( GEOMETRIC_REPRESENTATION_CONTEXT(2) 
PARAMETRIC_REPRESENTATION_CONTEXT() REPRESENTATION_CONTEXT('2D SPACE',''
  ) );
#10694 = PCURVE('',#72,#10695);
#10695 = DEFINITIONAL_REPRESENTATION('',(#10696),#10700);
#10696 = LINE('',#10697,#10698);
#10697 = CARTESIAN_POINT('',(0.,270.));
#10698 = VECTOR('',#10699,1.);
#10699 = DIRECTION('',(1.,0.));
#10700 = ( GEOMETRIC_REPRESENTATION_CONTEXT(2) 
PARAMETRIC_REPRESENTATION_CONTEXT() REPRESENTATION_CONTEXT('2D SPACE',''
  ) );
#10701 = ORIENTED_EDGE('',*,*,#5145,.T.);
#10702 = ORIENTED_EDGE('',*,*,#4901,.T.);
#10703 = ORIENTED_EDGE('',*,*,#4693,.T.);
#10704 = FACE_BOUND('',#10705,.T.);
#10705 = EDGE_LOOP('',(#10706,#10734,#10760,#10786));
#10706 = ORIENTED_EDGE('',*,*,#10707,.F.);
#10707 = EDGE_CURVE('',#10708,#10710,#10712,.T.);
#10708 = VERTEX_POINT('',#10709);
#10709 = CARTESIAN_POINT('',(-18.03942133209,300.,-119.4815018235));
#10710 = VERTEX_POINT('',#10711);
#10711 = CARTESIAN_POINT('',(-19.59706786979,300.,-126.3059972087));
#10712 = SURFACE_CURVE('',#10713,(#10717,#10723),.PCURVE_S1.);
#10713 = LINE('',#10714,#10715);
#10714 = CARTESIAN_POINT('',(-22.42034970054,300.,-138.6756031232));
#10715 = VECTOR('',#10716,1.);
#10716 = DIRECTION('',(-0.222520933956,0.,-0.974927912182));
#10717 = PCURVE('',#3775,#10718);
#10718 = DEFINITIONAL_REPRESENTATION('',(#10719),#10722);
#10719 = B_SPLINE_CURVE_WITH_KNOTS('',1,(#10720,#10721),.UNSPECIFIED.,
  .F.,.F.,(2,2),(-19.68771337849,-12.68771337849),
  .PIECEWISE_BEZIER_KNOTS.);
#10720 = CARTESIAN_POINT('',(15.518498176483,108.9605786679));
#10721 = CARTESIAN_POINT('',(8.694002791211,107.4029321302));
#10722 = ( GEOMETRIC_REPRESENTATION_CONTEXT(2) 
PARAMETRIC_REPRESENTATION_CONTEXT() REPRESENTATION_CONTEXT('2D SPACE',''
  ) );
#10723 = PCURVE('',#10724,#10729);
#10724 = PLANE('',#10725);
#10725 = AXIS2_PLACEMENT_3D('',#10726,#10727,#10728);
#10726 = CARTESIAN_POINT('',(-18.03942133209,25.,-119.4815018235));
#10727 = DIRECTION('',(-0.974927912182,0.,0.222520933956));
#10728 = DIRECTION('',(-0.222520933956,0.,-0.974927912182));
#10729 = DEFINITIONAL_REPRESENTATION('',(#10730),#10733);
#10730 = B_SPLINE_CURVE_WITH_KNOTS('',1,(#10731,#10732),.UNSPECIFIED.,
  .F.,.F.,(2,2),(-19.68771337849,-12.68771337849),
  .PIECEWISE_BEZIER_KNOTS.);
#10731 = CARTESIAN_POINT('',(0.,-275.));
#10732 = CARTESIAN_POINT('',(7.,-275.));
#10733 = ( GEOMETRIC_REPRESENTATION_CONTEXT(2) 
PARAMETRIC_REPRESENTATION_CONTEXT() REPRESENTATION_CONTEXT('2D SPACE',''
  ) );
#10734 = ORIENTED_EDGE('',*,*,#10735,.F.);
#10735 = EDGE_CURVE('',#10736,#10708,#10738,.T.);
#10736 = VERTEX_POINT('',#10737);
#10737 = CARTESIAN_POINT('',(-35.58812375137,300.,-115.4761250123));
#10738 = SURFACE_CURVE('',#10739,(#10743,#10749),.PCURVE_S1.);
#10739 = LINE('',#10740,#10741);
#10740 = CARTESIAN_POINT('',(-68.1387822976,300.,-108.046649612));
#10741 = VECTOR('',#10742,1.);
#10742 = DIRECTION('',(0.974927912182,0.,-0.222520933956));
#10743 = PCURVE('',#3775,#10744);
#10744 = DEFINITIONAL_REPRESENTATION('',(#10745),#10748);
#10745 = B_SPLINE_CURVE_WITH_KNOTS('',1,(#10746,#10747),.UNSPECIFIED.,
  .F.,.F.,(2,2),(33.387759381495,51.387759381495),
  .PIECEWISE_BEZIER_KNOTS.);
#10746 = CARTESIAN_POINT('',(19.523874987697,91.411876248628));
#10747 = CARTESIAN_POINT('',(15.518498176483,108.9605786679));
#10748 = ( GEOMETRIC_REPRESENTATION_CONTEXT(2) 
PARAMETRIC_REPRESENTATION_CONTEXT() REPRESENTATION_CONTEXT('2D SPACE',''
  ) );
#10749 = PCURVE('',#10750,#10755);
#10750 = PLANE('',#10751);
#10751 = AXIS2_PLACEMENT_3D('',#10752,#10753,#10754);
#10752 = CARTESIAN_POINT('',(-18.03942133209,25.,-119.4815018235));
#10753 = DIRECTION('',(-0.222520933956,0.,-0.974927912182));
#10754 = DIRECTION('',(-0.974927912182,0.,0.222520933956));
#10755 = DEFINITIONAL_REPRESENTATION('',(#10756),#10759);
#10756 = B_SPLINE_CURVE_WITH_KNOTS('',1,(#10757,#10758),.UNSPECIFIED.,
  .F.,.F.,(2,2),(33.387759381495,51.387759381495),
  .PIECEWISE_BEZIER_KNOTS.);
#10757 = CARTESIAN_POINT('',(18.,275.));
#10758 = CARTESIAN_POINT('',(0.,275.));
#10759 = ( GEOMETRIC_REPRESENTATION_CONTEXT(2) 
PARAMETRIC_REPRESENTATION_CONTEXT() REPRESENTATION_CONTEXT('2D SPACE',''
  ) );
#10760 = ORIENTED_EDGE('',*,*,#10761,.T.);
#10761 = EDGE_CURVE('',#10736,#10762,#10764,.T.);
#10762 = VERTEX_POINT('',#10763);
#10763 = CARTESIAN_POINT('',(-37.14577028906,300.,-122.3006203975));
#10764 = SURFACE_CURVE('',#10765,(#10769,#10775),.PCURVE_S1.);
#10765 = LINE('',#10766,#10767);
#10766 = CARTESIAN_POINT('',(-39.96905211982,300.,-134.670226312));
#10767 = VECTOR('',#10768,1.);
#10768 = DIRECTION('',(-0.222520933956,0.,-0.974927912182));
#10769 = PCURVE('',#3775,#10770);
#10770 = DEFINITIONAL_REPRESENTATION('',(#10771),#10774);
#10771 = B_SPLINE_CURVE_WITH_KNOTS('',1,(#10772,#10773),.UNSPECIFIED.,
  .F.,.F.,(2,2),(-19.68771337849,-12.68771337849),
  .PIECEWISE_BEZIER_KNOTS.);
#10772 = CARTESIAN_POINT('',(19.523874987697,91.411876248628));
#10773 = CARTESIAN_POINT('',(12.699379602424,89.854229710934));
#10774 = ( GEOMETRIC_REPRESENTATION_CONTEXT(2) 
PARAMETRIC_REPRESENTATION_CONTEXT() REPRESENTATION_CONTEXT('2D SPACE',''
  ) );
#10775 = PCURVE('',#10776,#10781);
#10776 = PLANE('',#10777);
#10777 = AXIS2_PLACEMENT_3D('',#10778,#10779,#10780);
#10778 = CARTESIAN_POINT('',(-35.58812375137,25.,-115.4761250123));
#10779 = DIRECTION('',(-0.974927912182,0.,0.222520933956));
#10780 = DIRECTION('',(-0.222520933956,0.,-0.974927912182));
#10781 = DEFINITIONAL_REPRESENTATION('',(#10782),#10785);
#10782 = B_SPLINE_CURVE_WITH_KNOTS('',1,(#10783,#10784),.UNSPECIFIED.,
  .F.,.F.,(2,2),(-19.68771337849,-12.68771337849),
  .PIECEWISE_BEZIER_KNOTS.);
#10783 = CARTESIAN_POINT('',(0.,-275.));
#10784 = CARTESIAN_POINT('',(7.,-275.));
#10785 = ( GEOMETRIC_REPRESENTATION_CONTEXT(2) 
PARAMETRIC_REPRESENTATION_CONTEXT() REPRESENTATION_CONTEXT('2D SPACE',''
  ) );
#10786 = ORIENTED_EDGE('',*,*,#10787,.T.);
#10787 = EDGE_CURVE('',#10762,#10710,#10788,.T.);
#10788 = SURFACE_CURVE('',#10789,(#10793,#10799),.PCURVE_S1.);
#10789 = LINE('',#10790,#10791);
#10790 = CARTESIAN_POINT('',(-69.69642883529,300.,-114.8711449972));
#10791 = VECTOR('',#10792,1.);
#10792 = DIRECTION('',(0.974927912182,0.,-0.222520933956));
#10793 = PCURVE('',#3775,#10794);
#10794 = DEFINITIONAL_REPRESENTATION('',(#10795),#10798);
#10795 = B_SPLINE_CURVE_WITH_KNOTS('',1,(#10796,#10797),.UNSPECIFIED.,
  .F.,.F.,(2,2),(33.387759381495,51.387759381495),
  .PIECEWISE_BEZIER_KNOTS.);
#10796 = CARTESIAN_POINT('',(12.699379602424,89.854229710934));
#10797 = CARTESIAN_POINT('',(8.694002791211,107.4029321302));
#10798 = ( GEOMETRIC_REPRESENTATION_CONTEXT(2) 
PARAMETRIC_REPRESENTATION_CONTEXT() REPRESENTATION_CONTEXT('2D SPACE',''
  ) );
#10799 = PCURVE('',#10800,#10805);
#10800 = PLANE('',#10801);
#10801 = AXIS2_PLACEMENT_3D('',#10802,#10803,#10804);
#10802 = CARTESIAN_POINT('',(-19.59706786979,25.,-126.3059972087));
#10803 = DIRECTION('',(-0.222520933956,0.,-0.974927912182));
#10804 = DIRECTION('',(-0.974927912182,0.,0.222520933956));
#10805 = DEFINITIONAL_REPRESENTATION('',(#10806),#10809);
#10806 = B_SPLINE_CURVE_WITH_KNOTS('',1,(#10807,#10808),.UNSPECIFIED.,
  .F.,.F.,(2,2),(33.387759381495,51.387759381495),
  .PIECEWISE_BEZIER_KNOTS.);
#10807 = CARTESIAN_POINT('',(18.,275.));
#10808 = CARTESIAN_POINT('',(0.,275.));
#10809 = ( GEOMETRIC_REPRESENTATION_CONTEXT(2) 
PARAMETRIC_REPRESENTATION_CONTEXT() REPRESENTATION_CONTEXT('2D SPACE',''
  ) );
#10810 = FACE_BOUND('',#10811,.T.);
#10811 = EDGE_LOOP('',(#10812,#10840,#10866,#10892));
#10812 = ORIENTED_EDGE('',*,*,#10813,.F.);
#10813 = EDGE_CURVE('',#10814,#10816,#10818,.T.);
#10814 = VERTEX_POINT('',#10815);
#10815 = CARTESIAN_POINT('',(9.,300.,-120.5));
#10816 = VERTEX_POINT('',#10817);
#10817 = CARTESIAN_POINT('',(9.,300.,-127.5));
#10818 = SURFACE_CURVE('',#10819,(#10823,#10829),.PCURVE_S1.);
#10819 = LINE('',#10820,#10821);
#10820 = CARTESIAN_POINT('',(9.,300.,-127.75));
#10821 = VECTOR('',#10822,1.);
#10822 = DIRECTION('',(1.224646799147E-16,0.,-1.));
#10823 = PCURVE('',#3775,#10824);
#10824 = DEFINITIONAL_REPRESENTATION('',(#10825),#10828);
#10825 = B_SPLINE_CURVE_WITH_KNOTS('',1,(#10826,#10827),.UNSPECIFIED.,
  .F.,.F.,(2,2),(-7.25,-0.25),.PIECEWISE_BEZIER_KNOTS.);
#10826 = CARTESIAN_POINT('',(14.5,136.));
#10827 = CARTESIAN_POINT('',(7.5,136.));
#10828 = ( GEOMETRIC_REPRESENTATION_CONTEXT(2) 
PARAMETRIC_REPRESENTATION_CONTEXT() REPRESENTATION_CONTEXT('2D SPACE',''
  ) );
#10829 = PCURVE('',#10830,#10835);
#10830 = PLANE('',#10831);
#10831 = AXIS2_PLACEMENT_3D('',#10832,#10833,#10834);
#10832 = CARTESIAN_POINT('',(9.,25.,-120.5));
#10833 = DIRECTION('',(-1.,0.,-1.224646799147E-16));
#10834 = DIRECTION('',(1.224646799147E-16,0.,-1.));
#10835 = DEFINITIONAL_REPRESENTATION('',(#10836),#10839);
#10836 = B_SPLINE_CURVE_WITH_KNOTS('',1,(#10837,#10838),.UNSPECIFIED.,
  .F.,.F.,(2,2),(-7.25,-0.25),.PIECEWISE_BEZIER_KNOTS.);
#10837 = CARTESIAN_POINT('',(0.,-275.));
#10838 = CARTESIAN_POINT('',(7.,-275.));
#10839 = ( GEOMETRIC_REPRESENTATION_CONTEXT(2) 
PARAMETRIC_REPRESENTATION_CONTEXT() REPRESENTATION_CONTEXT('2D SPACE',''
  ) );
#10840 = ORIENTED_EDGE('',*,*,#10841,.F.);
#10841 = EDGE_CURVE('',#10842,#10814,#10844,.T.);
#10842 = VERTEX_POINT('',#10843);
#10843 = CARTESIAN_POINT('',(-9.,300.,-120.5));
#10844 = SURFACE_CURVE('',#10845,(#10849,#10855),.PCURVE_S1.);
#10845 = LINE('',#10846,#10847);
#10846 = CARTESIAN_POINT('',(-59.,300.,-120.5));
#10847 = VECTOR('',#10848,1.);
#10848 = DIRECTION('',(1.,0.,1.224646799147E-16));
#10849 = PCURVE('',#3775,#10850);
#10850 = DEFINITIONAL_REPRESENTATION('',(#10851),#10854);
#10851 = B_SPLINE_CURVE_WITH_KNOTS('',1,(#10852,#10853),.UNSPECIFIED.,
  .F.,.F.,(2,2),(50.,68.),.PIECEWISE_BEZIER_KNOTS.);
#10852 = CARTESIAN_POINT('',(14.5,118.));
#10853 = CARTESIAN_POINT('',(14.5,136.));
#10854 = ( GEOMETRIC_REPRESENTATION_CONTEXT(2) 
PARAMETRIC_REPRESENTATION_CONTEXT() REPRESENTATION_CONTEXT('2D SPACE',''
  ) );
#10855 = PCURVE('',#10856,#10861);
#10856 = PLANE('',#10857);
#10857 = AXIS2_PLACEMENT_3D('',#10858,#10859,#10860);
#10858 = CARTESIAN_POINT('',(9.,25.,-120.5));
#10859 = DIRECTION('',(1.224646799147E-16,0.,-1.));
#10860 = DIRECTION('',(-1.,0.,-1.224646799147E-16));
#10861 = DEFINITIONAL_REPRESENTATION('',(#10862),#10865);
#10862 = B_SPLINE_CURVE_WITH_KNOTS('',1,(#10863,#10864),.UNSPECIFIED.,
  .F.,.F.,(2,2),(50.,68.),.PIECEWISE_BEZIER_KNOTS.);
#10863 = CARTESIAN_POINT('',(18.,275.));
#10864 = CARTESIAN_POINT('',(0.,275.));
#10865 = ( GEOMETRIC_REPRESENTATION_CONTEXT(2) 
PARAMETRIC_REPRESENTATION_CONTEXT() REPRESENTATION_CONTEXT('2D SPACE',''
  ) );
#10866 = ORIENTED_EDGE('',*,*,#10867,.T.);
#10867 = EDGE_CURVE('',#10842,#10868,#10870,.T.);
#10868 = VERTEX_POINT('',#10869);
#10869 = CARTESIAN_POINT('',(-9.,300.,-127.5));
#10870 = SURFACE_CURVE('',#10871,(#10875,#10881),.PCURVE_S1.);
#10871 = LINE('',#10872,#10873);
#10872 = CARTESIAN_POINT('',(-9.,300.,-127.75));
#10873 = VECTOR('',#10874,1.);
#10874 = DIRECTION('',(1.224646799147E-16,0.,-1.));
#10875 = PCURVE('',#3775,#10876);
#10876 = DEFINITIONAL_REPRESENTATION('',(#10877),#10880);
#10877 = B_SPLINE_CURVE_WITH_KNOTS('',1,(#10878,#10879),.UNSPECIFIED.,
  .F.,.F.,(2,2),(-7.25,-0.25),.PIECEWISE_BEZIER_KNOTS.);
#10878 = CARTESIAN_POINT('',(14.5,118.));
#10879 = CARTESIAN_POINT('',(7.5,118.));
#10880 = ( GEOMETRIC_REPRESENTATION_CONTEXT(2) 
PARAMETRIC_REPRESENTATION_CONTEXT() REPRESENTATION_CONTEXT('2D SPACE',''
  ) );
#10881 = PCURVE('',#10882,#10887);
#10882 = PLANE('',#10883);
#10883 = AXIS2_PLACEMENT_3D('',#10884,#10885,#10886);
#10884 = CARTESIAN_POINT('',(-9.,25.,-120.5));
#10885 = DIRECTION('',(-1.,0.,-1.224646799147E-16));
#10886 = DIRECTION('',(1.224646799147E-16,0.,-1.));
#10887 = DEFINITIONAL_REPRESENTATION('',(#10888),#10891);
#10888 = B_SPLINE_CURVE_WITH_KNOTS('',1,(#10889,#10890),.UNSPECIFIED.,
  .F.,.F.,(2,2),(-7.25,-0.25),.PIECEWISE_BEZIER_KNOTS.);
#10889 = CARTESIAN_POINT('',(0.,-275.));
#10890 = CARTESIAN_POINT('',(7.,-275.));
#10891 = ( GEOMETRIC_REPRESENTATION_CONTEXT(2) 
PARAMETRIC_REPRESENTATION_CONTEXT() REPRESENTATION_CONTEXT('2D SPACE',''
  ) );
#10892 = ORIENTED_EDGE('',*,*,#10893,.T.);
#10893 = EDGE_CURVE('',#10868,#10816,#10894,.T.);
#10894 = SURFACE_CURVE('',#10895,(#10899,#10905),.PCURVE_S1.);
#10895 = LINE('',#10896,#10897);
#10896 = CARTESIAN_POINT('',(-59.,300.,-127.5));
#10897 = VECTOR('',#10898,1.);
#10898 = DIRECTION('',(1.,0.,1.224646799147E-16));
#10899 = PCURVE('',#3775,#10900);
#10900 = DEFINITIONAL_REPRESENTATION('',(#10901),#10904);
#10901 = B_SPLINE_CURVE_WITH_KNOTS('',1,(#10902,#10903),.UNSPECIFIED.,
  .F.,.F.,(2,2),(50.,68.),.PIECEWISE_BEZIER_KNOTS.);
#10902 = CARTESIAN_POINT('',(7.5,118.));
#10903 = CARTESIAN_POINT('',(7.5,136.));
#10904 = ( GEOMETRIC_REPRESENTATION_CONTEXT(2) 
PARAMETRIC_REPRESENTATION_CONTEXT() REPRESENTATION_CONTEXT('2D SPACE',''
  ) );
#10905 = PCURVE('',#10906,#10911);
#10906 = PLANE('',#10907);
#10907 = AXIS2_PLACEMENT_3D('',#10908,#10909,#10910);
#10908 = CARTESIAN_POINT('',(9.,25.,-127.5));
#10909 = DIRECTION('',(1.224646799147E-16,0.,-1.));
#10910 = DIRECTION('',(-1.,0.,-1.224646799147E-16));
#10911 = DEFINITIONAL_REPRESENTATION('',(#10912),#10915);
#10912 = B_SPLINE_CURVE_WITH_KNOTS('',1,(#10913,#10914),.UNSPECIFIED.,
  .F.,.F.,(2,2),(50.,68.),.PIECEWISE_BEZIER_KNOTS.);
#10913 = CARTESIAN_POINT('',(18.,275.));
#10914 = CARTESIAN_POINT('',(0.,275.));
#10915 = ( GEOMETRIC_REPRESENTATION_CONTEXT(2) 
PARAMETRIC_REPRESENTATION_CONTEXT() REPRESENTATION_CONTEXT('2D SPACE',''
  ) );
#10916 = FACE_BOUND('',#10917,.T.);
#10917 = EDGE_LOOP('',(#10918,#10946,#10972,#10998));
#10918 = ORIENTED_EDGE('',*,*,#10919,.F.);
#10919 = EDGE_CURVE('',#10920,#10922,#10924,.T.);
#10920 = VERTEX_POINT('',#10921);
#10921 = CARTESIAN_POINT('',(35.588123751372,300.,-115.4761250123));
#10922 = VERTEX_POINT('',#10923);
#10923 = CARTESIAN_POINT('',(37.145770289067,300.,-122.3006203975));
#10924 = SURFACE_CURVE('',#10925,(#10929,#10935),.PCURVE_S1.);
#10925 = LINE('',#10926,#10927);
#10926 = CARTESIAN_POINT('',(33.680575231624,300.,-107.118608878));
#10927 = VECTOR('',#10928,1.);
#10928 = DIRECTION('',(0.222520933956,0.,-0.974927912182));
#10929 = PCURVE('',#3775,#10930);
#10930 = DEFINITIONAL_REPRESENTATION('',(#10931),#10934);
#10931 = B_SPLINE_CURVE_WITH_KNOTS('',1,(#10932,#10933),.UNSPECIFIED.,
  .F.,.F.,(2,2),(8.572445233953,15.572445233953),
  .PIECEWISE_BEZIER_KNOTS.);
#10932 = CARTESIAN_POINT('',(19.523874987697,162.58812375137));
#10933 = CARTESIAN_POINT('',(12.699379602424,164.14577028906));
#10934 = ( GEOMETRIC_REPRESENTATION_CONTEXT(2) 
PARAMETRIC_REPRESENTATION_CONTEXT() REPRESENTATION_CONTEXT('2D SPACE',''
  ) );
#10935 = PCURVE('',#10936,#10941);
#10936 = PLANE('',#10937);
#10937 = AXIS2_PLACEMENT_3D('',#10938,#10939,#10940);
#10938 = CARTESIAN_POINT('',(35.588123751372,25.,-115.4761250123));
#10939 = DIRECTION('',(-0.974927912182,0.,-0.222520933956));
#10940 = DIRECTION('',(0.222520933956,0.,-0.974927912182));
#10941 = DEFINITIONAL_REPRESENTATION('',(#10942),#10945);
#10942 = B_SPLINE_CURVE_WITH_KNOTS('',1,(#10943,#10944),.UNSPECIFIED.,
  .F.,.F.,(2,2),(8.572445233953,15.572445233953),
  .PIECEWISE_BEZIER_KNOTS.);
#10943 = CARTESIAN_POINT('',(0.,-275.));
#10944 = CARTESIAN_POINT('',(7.,-275.));
#10945 = ( GEOMETRIC_REPRESENTATION_CONTEXT(2) 
PARAMETRIC_REPRESENTATION_CONTEXT() REPRESENTATION_CONTEXT('2D SPACE',''
  ) );
#10946 = ORIENTED_EDGE('',*,*,#10947,.F.);
#10947 = EDGE_CURVE('',#10948,#10920,#10950,.T.);
#10948 = VERTEX_POINT('',#10949);
#10949 = CARTESIAN_POINT('',(18.039421332099,300.,-119.4815018235));
#10950 = SURFACE_CURVE('',#10951,(#10955,#10961),.PCURVE_S1.);
#10951 = LINE('',#10952,#10953);
#10952 = CARTESIAN_POINT('',(-43.79838960456,300.,-133.5955786403));
#10953 = VECTOR('',#10954,1.);
#10954 = DIRECTION('',(0.974927912182,0.,0.222520933956));
#10955 = PCURVE('',#3775,#10956);
#10956 = DEFINITIONAL_REPRESENTATION('',(#10957),#10960);
#10957 = B_SPLINE_CURVE_WITH_KNOTS('',1,(#10958,#10959),.UNSPECIFIED.,
  .F.,.F.,(2,2),(63.428085465597,81.428085465597),
  .PIECEWISE_BEZIER_KNOTS.);
#10958 = CARTESIAN_POINT('',(15.518498176483,145.03942133209));
#10959 = CARTESIAN_POINT('',(19.523874987697,162.58812375137));
#10960 = ( GEOMETRIC_REPRESENTATION_CONTEXT(2) 
PARAMETRIC_REPRESENTATION_CONTEXT() REPRESENTATION_CONTEXT('2D SPACE',''
  ) );
#10961 = PCURVE('',#10962,#10967);
#10962 = PLANE('',#10963);
#10963 = AXIS2_PLACEMENT_3D('',#10964,#10965,#10966);
#10964 = CARTESIAN_POINT('',(35.588123751372,25.,-115.4761250123));
#10965 = DIRECTION('',(0.222520933956,0.,-0.974927912182));
#10966 = DIRECTION('',(-0.974927912182,0.,-0.222520933956));
#10967 = DEFINITIONAL_REPRESENTATION('',(#10968),#10971);
#10968 = B_SPLINE_CURVE_WITH_KNOTS('',1,(#10969,#10970),.UNSPECIFIED.,
  .F.,.F.,(2,2),(63.428085465597,81.428085465597),
  .PIECEWISE_BEZIER_KNOTS.);
#10969 = CARTESIAN_POINT('',(18.,275.));
#10970 = CARTESIAN_POINT('',(0.,275.));
#10971 = ( GEOMETRIC_REPRESENTATION_CONTEXT(2) 
PARAMETRIC_REPRESENTATION_CONTEXT() REPRESENTATION_CONTEXT('2D SPACE',''
  ) );
#10972 = ORIENTED_EDGE('',*,*,#10973,.T.);
#10973 = EDGE_CURVE('',#10948,#10974,#10976,.T.);
#10974 = VERTEX_POINT('',#10975);
#10975 = CARTESIAN_POINT('',(19.597067869794,300.,-126.3059972087));
#10976 = SURFACE_CURVE('',#10977,(#10981,#10987),.PCURVE_S1.);
#10977 = LINE('',#10978,#10979);
#10978 = CARTESIAN_POINT('',(16.131872812351,300.,-111.1239856892));
#10979 = VECTOR('',#10980,1.);
#10980 = DIRECTION('',(0.222520933956,0.,-0.974927912182));
#10981 = PCURVE('',#3775,#10982);
#10982 = DEFINITIONAL_REPRESENTATION('',(#10983),#10986);
#10983 = B_SPLINE_CURVE_WITH_KNOTS('',1,(#10984,#10985),.UNSPECIFIED.,
  .F.,.F.,(2,2),(8.572445233953,15.572445233953),
  .PIECEWISE_BEZIER_KNOTS.);
#10984 = CARTESIAN_POINT('',(15.518498176483,145.03942133209));
#10985 = CARTESIAN_POINT('',(8.694002791211,146.59706786979));
#10986 = ( GEOMETRIC_REPRESENTATION_CONTEXT(2) 
PARAMETRIC_REPRESENTATION_CONTEXT() REPRESENTATION_CONTEXT('2D SPACE',''
  ) );
#10987 = PCURVE('',#10988,#10993);
#10988 = PLANE('',#10989);
#10989 = AXIS2_PLACEMENT_3D('',#10990,#10991,#10992);
#10990 = CARTESIAN_POINT('',(18.039421332099,25.,-119.4815018235));
#10991 = DIRECTION('',(-0.974927912182,0.,-0.222520933956));
#10992 = DIRECTION('',(0.222520933956,0.,-0.974927912182));
#10993 = DEFINITIONAL_REPRESENTATION('',(#10994),#10997);
#10994 = B_SPLINE_CURVE_WITH_KNOTS('',1,(#10995,#10996),.UNSPECIFIED.,
  .F.,.F.,(2,2),(8.572445233953,15.572445233953),
  .PIECEWISE_BEZIER_KNOTS.);
#10995 = CARTESIAN_POINT('',(0.,-275.));
#10996 = CARTESIAN_POINT('',(7.,-275.));
#10997 = ( GEOMETRIC_REPRESENTATION_CONTEXT(2) 
PARAMETRIC_REPRESENTATION_CONTEXT() REPRESENTATION_CONTEXT('2D SPACE',''
  ) );
#10998 = ORIENTED_EDGE('',*,*,#10999,.T.);
#10999 = EDGE_CURVE('',#10974,#10922,#11000,.T.);
#11000 = SURFACE_CURVE('',#11001,(#11005,#11011),.PCURVE_S1.);
#11001 = LINE('',#11002,#11003);
#11002 = CARTESIAN_POINT('',(-42.24074306687,300.,-140.4200740256));
#11003 = VECTOR('',#11004,1.);
#11004 = DIRECTION('',(0.974927912182,0.,0.222520933956));
#11005 = PCURVE('',#3775,#11006);
#11006 = DEFINITIONAL_REPRESENTATION('',(#11007),#11010);
#11007 = B_SPLINE_CURVE_WITH_KNOTS('',1,(#11008,#11009),.UNSPECIFIED.,
  .F.,.F.,(2,2),(63.428085465597,81.428085465597),
  .PIECEWISE_BEZIER_KNOTS.);
#11008 = CARTESIAN_POINT('',(8.694002791211,146.59706786979));
#11009 = CARTESIAN_POINT('',(12.699379602424,164.14577028906));
#11010 = ( GEOMETRIC_REPRESENTATION_CONTEXT(2) 
PARAMETRIC_REPRESENTATION_CONTEXT() REPRESENTATION_CONTEXT('2D SPACE',''
  ) );
#11011 = PCURVE('',#11012,#11017);
#11012 = PLANE('',#11013);
#11013 = AXIS2_PLACEMENT_3D('',#11014,#11015,#11016);
#11014 = CARTESIAN_POINT('',(37.145770289067,25.,-122.3006203975));
#11015 = DIRECTION('',(0.222520933956,0.,-0.974927912182));
#11016 = DIRECTION('',(-0.974927912182,0.,-0.222520933956));
#11017 = DEFINITIONAL_REPRESENTATION('',(#11018),#11021);
#11018 = B_SPLINE_CURVE_WITH_KNOTS('',1,(#11019,#11020),.UNSPECIFIED.,
  .F.,.F.,(2,2),(63.428085465597,81.428085465597),
  .PIECEWISE_BEZIER_KNOTS.);
#11019 = CARTESIAN_POINT('',(18.,275.));
#11020 = CARTESIAN_POINT('',(0.,275.));
#11021 = ( GEOMETRIC_REPRESENTATION_CONTEXT(2) 
PARAMETRIC_REPRESENTATION_CONTEXT() REPRESENTATION_CONTEXT('2D SPACE',''
  ) );
#11022 = ADVANCED_FACE('',(#11023),#10962,.F.);
#11023 = FACE_BOUND('',#11024,.F.);
#11024 = EDGE_LOOP('',(#11025,#11048,#11049,#11072));
#11025 = ORIENTED_EDGE('',*,*,#11026,.F.);
#11026 = EDGE_CURVE('',#10920,#11027,#11029,.T.);
#11027 = VERTEX_POINT('',#11028);
#11028 = CARTESIAN_POINT('',(35.588123751372,305.,-115.4761250123));
#11029 = SURFACE_CURVE('',#11030,(#11034,#11041),.PCURVE_S1.);
#11030 = LINE('',#11031,#11032);
#11031 = CARTESIAN_POINT('',(35.588123751372,25.,-115.4761250123));
#11032 = VECTOR('',#11033,1.);
#11033 = DIRECTION('',(0.,1.,0.));
#11034 = PCURVE('',#10962,#11035);
#11035 = DEFINITIONAL_REPRESENTATION('',(#11036),#11040);
#11036 = LINE('',#11037,#11038);
#11037 = CARTESIAN_POINT('',(0.,0.));
#11038 = VECTOR('',#11039,1.);
#11039 = DIRECTION('',(0.,1.));
#11040 = ( GEOMETRIC_REPRESENTATION_CONTEXT(2) 
PARAMETRIC_REPRESENTATION_CONTEXT() REPRESENTATION_CONTEXT('2D SPACE',''
  ) );
#11041 = PCURVE('',#10936,#11042);
#11042 = DEFINITIONAL_REPRESENTATION('',(#11043),#11047);
#11043 = LINE('',#11044,#11045);
#11044 = CARTESIAN_POINT('',(0.,0.));
#11045 = VECTOR('',#11046,1.);
#11046 = DIRECTION('',(0.,-1.));
#11047 = ( GEOMETRIC_REPRESENTATION_CONTEXT(2) 
PARAMETRIC_REPRESENTATION_CONTEXT() REPRESENTATION_CONTEXT('2D SPACE',''
  ) );
#11048 = ORIENTED_EDGE('',*,*,#10947,.F.);
#11049 = ORIENTED_EDGE('',*,*,#11050,.T.);
#11050 = EDGE_CURVE('',#10948,#11051,#11053,.T.);
#11051 = VERTEX_POINT('',#11052);
#11052 = CARTESIAN_POINT('',(18.039421332099,305.,-119.4815018235));
#11053 = SURFACE_CURVE('',#11054,(#11058,#11065),.PCURVE_S1.);
#11054 = LINE('',#11055,#11056);
#11055 = CARTESIAN_POINT('',(18.039421332099,25.,-119.4815018235));
#11056 = VECTOR('',#11057,1.);
#11057 = DIRECTION('',(0.,1.,0.));
#11058 = PCURVE('',#10962,#11059);
#11059 = DEFINITIONAL_REPRESENTATION('',(#11060),#11064);
#11060 = LINE('',#11061,#11062);
#11061 = CARTESIAN_POINT('',(18.,0.));
#11062 = VECTOR('',#11063,1.);
#11063 = DIRECTION('',(0.,1.));
#11064 = ( GEOMETRIC_REPRESENTATION_CONTEXT(2) 
PARAMETRIC_REPRESENTATION_CONTEXT() REPRESENTATION_CONTEXT('2D SPACE',''
  ) );
#11065 = PCURVE('',#10988,#11066);
#11066 = DEFINITIONAL_REPRESENTATION('',(#11067),#11071);
#11067 = LINE('',#11068,#11069);
#11068 = CARTESIAN_POINT('',(0.,0.));
#11069 = VECTOR('',#11070,1.);
#11070 = DIRECTION('',(0.,-1.));
#11071 = ( GEOMETRIC_REPRESENTATION_CONTEXT(2) 
PARAMETRIC_REPRESENTATION_CONTEXT() REPRESENTATION_CONTEXT('2D SPACE',''
  ) );
#11072 = ORIENTED_EDGE('',*,*,#11073,.F.);
#11073 = EDGE_CURVE('',#11027,#11051,#11074,.T.);
#11074 = SURFACE_CURVE('',#11075,(#11079,#11086),.PCURVE_S1.);
#11075 = LINE('',#11076,#11077);
#11076 = CARTESIAN_POINT('',(35.588123751372,305.,-115.4761250123));
#11077 = VECTOR('',#11078,1.);
#11078 = DIRECTION('',(-0.974927912182,0.,-0.222520933956));
#11079 = PCURVE('',#10962,#11080);
#11080 = DEFINITIONAL_REPRESENTATION('',(#11081),#11085);
#11081 = LINE('',#11082,#11083);
#11082 = CARTESIAN_POINT('',(0.,280.));
#11083 = VECTOR('',#11084,1.);
#11084 = DIRECTION('',(1.,0.));
#11085 = ( GEOMETRIC_REPRESENTATION_CONTEXT(2) 
PARAMETRIC_REPRESENTATION_CONTEXT() REPRESENTATION_CONTEXT('2D SPACE',''
  ) );
#11086 = PCURVE('',#11087,#11092);
#11087 = PLANE('',#11088);
#11088 = AXIS2_PLACEMENT_3D('',#11089,#11090,#11091);
#11089 = CARTESIAN_POINT('',(35.588123751372,305.,-115.4761250123));
#11090 = DIRECTION('',(0.,1.,0.));
#11091 = DIRECTION('',(0.222520933956,0.,-0.974927912182));
#11092 = DEFINITIONAL_REPRESENTATION('',(#11093),#11097);
#11093 = LINE('',#11094,#11095);
#11094 = CARTESIAN_POINT('',(0.,0.));
#11095 = VECTOR('',#11096,1.);
#11096 = DIRECTION('',(0.,1.));
#11097 = ( GEOMETRIC_REPRESENTATION_CONTEXT(2) 
PARAMETRIC_REPRESENTATION_CONTEXT() REPRESENTATION_CONTEXT('2D SPACE',''
  ) );
#11098 = ADVANCED_FACE('',(#11099),#11087,.T.);
#11099 = FACE_BOUND('',#11100,.T.);
#11100 = EDGE_LOOP('',(#11101,#11102,#11125,#11148));
#11101 = ORIENTED_EDGE('',*,*,#11073,.F.);
#11102 = ORIENTED_EDGE('',*,*,#11103,.T.);
#11103 = EDGE_CURVE('',#11027,#11104,#11106,.T.);
#11104 = VERTEX_POINT('',#11105);
#11105 = CARTESIAN_POINT('',(37.145770289067,305.,-122.3006203975));
#11106 = SURFACE_CURVE('',#11107,(#11111,#11118),.PCURVE_S1.);
#11107 = LINE('',#11108,#11109);
#11108 = CARTESIAN_POINT('',(35.588123751372,305.,-115.4761250123));
#11109 = VECTOR('',#11110,1.);
#11110 = DIRECTION('',(0.222520933956,0.,-0.974927912182));
#11111 = PCURVE('',#11087,#11112);
#11112 = DEFINITIONAL_REPRESENTATION('',(#11113),#11117);
#11113 = LINE('',#11114,#11115);
#11114 = CARTESIAN_POINT('',(0.,0.));
#11115 = VECTOR('',#11116,1.);
#11116 = DIRECTION('',(1.,0.));
#11117 = ( GEOMETRIC_REPRESENTATION_CONTEXT(2) 
PARAMETRIC_REPRESENTATION_CONTEXT() REPRESENTATION_CONTEXT('2D SPACE',''
  ) );
#11118 = PCURVE('',#10936,#11119);
#11119 = DEFINITIONAL_REPRESENTATION('',(#11120),#11124);
#11120 = LINE('',#11121,#11122);
#11121 = CARTESIAN_POINT('',(0.,-280.));
#11122 = VECTOR('',#11123,1.);
#11123 = DIRECTION('',(1.,0.));
#11124 = ( GEOMETRIC_REPRESENTATION_CONTEXT(2) 
PARAMETRIC_REPRESENTATION_CONTEXT() REPRESENTATION_CONTEXT('2D SPACE',''
  ) );
#11125 = ORIENTED_EDGE('',*,*,#11126,.T.);
#11126 = EDGE_CURVE('',#11104,#11127,#11129,.T.);
#11127 = VERTEX_POINT('',#11128);
#11128 = CARTESIAN_POINT('',(19.597067869794,305.,-126.3059972087));
#11129 = SURFACE_CURVE('',#11130,(#11134,#11141),.PCURVE_S1.);
#11130 = LINE('',#11131,#11132);
#11131 = CARTESIAN_POINT('',(37.145770289067,305.,-122.3006203975));
#11132 = VECTOR('',#11133,1.);
#11133 = DIRECTION('',(-0.974927912182,0.,-0.222520933956));
#11134 = PCURVE('',#11087,#11135);
#11135 = DEFINITIONAL_REPRESENTATION('',(#11136),#11140);
#11136 = LINE('',#11137,#11138);
#11137 = CARTESIAN_POINT('',(7.,0.));
#11138 = VECTOR('',#11139,1.);
#11139 = DIRECTION('',(0.,1.));
#11140 = ( GEOMETRIC_REPRESENTATION_CONTEXT(2) 
PARAMETRIC_REPRESENTATION_CONTEXT() REPRESENTATION_CONTEXT('2D SPACE',''
  ) );
#11141 = PCURVE('',#11012,#11142);
#11142 = DEFINITIONAL_REPRESENTATION('',(#11143),#11147);
#11143 = LINE('',#11144,#11145);
#11144 = CARTESIAN_POINT('',(0.,280.));
#11145 = VECTOR('',#11146,1.);
#11146 = DIRECTION('',(1.,0.));
#11147 = ( GEOMETRIC_REPRESENTATION_CONTEXT(2) 
PARAMETRIC_REPRESENTATION_CONTEXT() REPRESENTATION_CONTEXT('2D SPACE',''
  ) );
#11148 = ORIENTED_EDGE('',*,*,#11149,.F.);
#11149 = EDGE_CURVE('',#11051,#11127,#11150,.T.);
#11150 = SURFACE_CURVE('',#11151,(#11155,#11162),.PCURVE_S1.);
#11151 = LINE('',#11152,#11153);
#11152 = CARTESIAN_POINT('',(18.039421332099,305.,-119.4815018235));
#11153 = VECTOR('',#11154,1.);
#11154 = DIRECTION('',(0.222520933956,0.,-0.974927912182));
#11155 = PCURVE('',#11087,#11156);
#11156 = DEFINITIONAL_REPRESENTATION('',(#11157),#11161);
#11157 = LINE('',#11158,#11159);
#11158 = CARTESIAN_POINT('',(0.,18.));
#11159 = VECTOR('',#11160,1.);
#11160 = DIRECTION('',(1.,0.));
#11161 = ( GEOMETRIC_REPRESENTATION_CONTEXT(2) 
PARAMETRIC_REPRESENTATION_CONTEXT() REPRESENTATION_CONTEXT('2D SPACE',''
  ) );
#11162 = PCURVE('',#10988,#11163);
#11163 = DEFINITIONAL_REPRESENTATION('',(#11164),#11168);
#11164 = LINE('',#11165,#11166);
#11165 = CARTESIAN_POINT('',(0.,-280.));
#11166 = VECTOR('',#11167,1.);
#11167 = DIRECTION('',(1.,0.));
#11168 = ( GEOMETRIC_REPRESENTATION_CONTEXT(2) 
PARAMETRIC_REPRESENTATION_CONTEXT() REPRESENTATION_CONTEXT('2D SPACE',''
  ) );
#11169 = ADVANCED_FACE('',(#11170),#10988,.T.);
#11170 = FACE_BOUND('',#11171,.T.);
#11171 = EDGE_LOOP('',(#11172,#11193,#11194,#11195));
#11172 = ORIENTED_EDGE('',*,*,#11173,.F.);
#11173 = EDGE_CURVE('',#10974,#11127,#11174,.T.);
#11174 = SURFACE_CURVE('',#11175,(#11179,#11186),.PCURVE_S1.);
#11175 = LINE('',#11176,#11177);
#11176 = CARTESIAN_POINT('',(19.597067869794,25.,-126.3059972087));
#11177 = VECTOR('',#11178,1.);
#11178 = DIRECTION('',(0.,1.,0.));
#11179 = PCURVE('',#10988,#11180);
#11180 = DEFINITIONAL_REPRESENTATION('',(#11181),#11185);
#11181 = LINE('',#11182,#11183);
#11182 = CARTESIAN_POINT('',(7.,0.));
#11183 = VECTOR('',#11184,1.);
#11184 = DIRECTION('',(0.,-1.));
#11185 = ( GEOMETRIC_REPRESENTATION_CONTEXT(2) 
PARAMETRIC_REPRESENTATION_CONTEXT() REPRESENTATION_CONTEXT('2D SPACE',''
  ) );
#11186 = PCURVE('',#11012,#11187);
#11187 = DEFINITIONAL_REPRESENTATION('',(#11188),#11192);
#11188 = LINE('',#11189,#11190);
#11189 = CARTESIAN_POINT('',(18.,0.));
#11190 = VECTOR('',#11191,1.);
#11191 = DIRECTION('',(0.,1.));
#11192 = ( GEOMETRIC_REPRESENTATION_CONTEXT(2) 
PARAMETRIC_REPRESENTATION_CONTEXT() REPRESENTATION_CONTEXT('2D SPACE',''
  ) );
#11193 = ORIENTED_EDGE('',*,*,#10973,.F.);
#11194 = ORIENTED_EDGE('',*,*,#11050,.T.);
#11195 = ORIENTED_EDGE('',*,*,#11149,.T.);
#11196 = ADVANCED_FACE('',(#11197),#11012,.T.);
#11197 = FACE_BOUND('',#11198,.T.);
#11198 = EDGE_LOOP('',(#11199,#11220,#11221,#11222));
#11199 = ORIENTED_EDGE('',*,*,#11200,.F.);
#11200 = EDGE_CURVE('',#10922,#11104,#11201,.T.);
#11201 = SURFACE_CURVE('',#11202,(#11206,#11213),.PCURVE_S1.);
#11202 = LINE('',#11203,#11204);
#11203 = CARTESIAN_POINT('',(37.145770289067,25.,-122.3006203975));
#11204 = VECTOR('',#11205,1.);
#11205 = DIRECTION('',(0.,1.,0.));
#11206 = PCURVE('',#11012,#11207);
#11207 = DEFINITIONAL_REPRESENTATION('',(#11208),#11212);
#11208 = LINE('',#11209,#11210);
#11209 = CARTESIAN_POINT('',(0.,0.));
#11210 = VECTOR('',#11211,1.);
#11211 = DIRECTION('',(0.,1.));
#11212 = ( GEOMETRIC_REPRESENTATION_CONTEXT(2) 
PARAMETRIC_REPRESENTATION_CONTEXT() REPRESENTATION_CONTEXT('2D SPACE',''
  ) );
#11213 = PCURVE('',#10936,#11214);
#11214 = DEFINITIONAL_REPRESENTATION('',(#11215),#11219);
#11215 = LINE('',#11216,#11217);
#11216 = CARTESIAN_POINT('',(7.,0.));
#11217 = VECTOR('',#11218,1.);
#11218 = DIRECTION('',(0.,-1.));
#11219 = ( GEOMETRIC_REPRESENTATION_CONTEXT(2) 
PARAMETRIC_REPRESENTATION_CONTEXT() REPRESENTATION_CONTEXT('2D SPACE',''
  ) );
#11220 = ORIENTED_EDGE('',*,*,#10999,.F.);
#11221 = ORIENTED_EDGE('',*,*,#11173,.T.);
#11222 = ORIENTED_EDGE('',*,*,#11126,.F.);
#11223 = ADVANCED_FACE('',(#11224),#10936,.F.);
#11224 = FACE_BOUND('',#11225,.F.);
#11225 = EDGE_LOOP('',(#11226,#11227,#11228,#11229));
#11226 = ORIENTED_EDGE('',*,*,#11200,.F.);
#11227 = ORIENTED_EDGE('',*,*,#10919,.F.);
#11228 = ORIENTED_EDGE('',*,*,#11026,.T.);
#11229 = ORIENTED_EDGE('',*,*,#11103,.T.);
#11230 = ADVANCED_FACE('',(#11231),#10856,.F.);
#11231 = FACE_BOUND('',#11232,.F.);
#11232 = EDGE_LOOP('',(#11233,#11256,#11257,#11280));
#11233 = ORIENTED_EDGE('',*,*,#11234,.F.);
#11234 = EDGE_CURVE('',#10814,#11235,#11237,.T.);
#11235 = VERTEX_POINT('',#11236);
#11236 = CARTESIAN_POINT('',(9.,305.,-120.5));
#11237 = SURFACE_CURVE('',#11238,(#11242,#11249),.PCURVE_S1.);
#11238 = LINE('',#11239,#11240);
#11239 = CARTESIAN_POINT('',(9.,25.,-120.5));
#11240 = VECTOR('',#11241,1.);
#11241 = DIRECTION('',(0.,1.,0.));
#11242 = PCURVE('',#10856,#11243);
#11243 = DEFINITIONAL_REPRESENTATION('',(#11244),#11248);
#11244 = LINE('',#11245,#11246);
#11245 = CARTESIAN_POINT('',(0.,0.));
#11246 = VECTOR('',#11247,1.);
#11247 = DIRECTION('',(0.,1.));
#11248 = ( GEOMETRIC_REPRESENTATION_CONTEXT(2) 
PARAMETRIC_REPRESENTATION_CONTEXT() REPRESENTATION_CONTEXT('2D SPACE',''
  ) );
#11249 = PCURVE('',#10830,#11250);
#11250 = DEFINITIONAL_REPRESENTATION('',(#11251),#11255);
#11251 = LINE('',#11252,#11253);
#11252 = CARTESIAN_POINT('',(0.,0.));
#11253 = VECTOR('',#11254,1.);
#11254 = DIRECTION('',(0.,-1.));
#11255 = ( GEOMETRIC_REPRESENTATION_CONTEXT(2) 
PARAMETRIC_REPRESENTATION_CONTEXT() REPRESENTATION_CONTEXT('2D SPACE',''
  ) );
#11256 = ORIENTED_EDGE('',*,*,#10841,.F.);
#11257 = ORIENTED_EDGE('',*,*,#11258,.T.);
#11258 = EDGE_CURVE('',#10842,#11259,#11261,.T.);
#11259 = VERTEX_POINT('',#11260);
#11260 = CARTESIAN_POINT('',(-9.,305.,-120.5));
#11261 = SURFACE_CURVE('',#11262,(#11266,#11273),.PCURVE_S1.);
#11262 = LINE('',#11263,#11264);
#11263 = CARTESIAN_POINT('',(-9.,25.,-120.5));
#11264 = VECTOR('',#11265,1.);
#11265 = DIRECTION('',(0.,1.,0.));
#11266 = PCURVE('',#10856,#11267);
#11267 = DEFINITIONAL_REPRESENTATION('',(#11268),#11272);
#11268 = LINE('',#11269,#11270);
#11269 = CARTESIAN_POINT('',(18.,0.));
#11270 = VECTOR('',#11271,1.);
#11271 = DIRECTION('',(0.,1.));
#11272 = ( GEOMETRIC_REPRESENTATION_CONTEXT(2) 
PARAMETRIC_REPRESENTATION_CONTEXT() REPRESENTATION_CONTEXT('2D SPACE',''
  ) );
#11273 = PCURVE('',#10882,#11274);
#11274 = DEFINITIONAL_REPRESENTATION('',(#11275),#11279);
#11275 = LINE('',#11276,#11277);
#11276 = CARTESIAN_POINT('',(0.,0.));
#11277 = VECTOR('',#11278,1.);
#11278 = DIRECTION('',(0.,-1.));
#11279 = ( GEOMETRIC_REPRESENTATION_CONTEXT(2) 
PARAMETRIC_REPRESENTATION_CONTEXT() REPRESENTATION_CONTEXT('2D SPACE',''
  ) );
#11280 = ORIENTED_EDGE('',*,*,#11281,.F.);
#11281 = EDGE_CURVE('',#11235,#11259,#11282,.T.);
#11282 = SURFACE_CURVE('',#11283,(#11287,#11294),.PCURVE_S1.);
#11283 = LINE('',#11284,#11285);
#11284 = CARTESIAN_POINT('',(9.,305.,-120.5));
#11285 = VECTOR('',#11286,1.);
#11286 = DIRECTION('',(-1.,0.,-1.224646799147E-16));
#11287 = PCURVE('',#10856,#11288);
#11288 = DEFINITIONAL_REPRESENTATION('',(#11289),#11293);
#11289 = LINE('',#11290,#11291);
#11290 = CARTESIAN_POINT('',(0.,280.));
#11291 = VECTOR('',#11292,1.);
#11292 = DIRECTION('',(1.,0.));
#11293 = ( GEOMETRIC_REPRESENTATION_CONTEXT(2) 
PARAMETRIC_REPRESENTATION_CONTEXT() REPRESENTATION_CONTEXT('2D SPACE',''
  ) );
#11294 = PCURVE('',#11295,#11300);
#11295 = PLANE('',#11296);
#11296 = AXIS2_PLACEMENT_3D('',#11297,#11298,#11299);
#11297 = CARTESIAN_POINT('',(9.,305.,-120.5));
#11298 = DIRECTION('',(0.,1.,0.));
#11299 = DIRECTION('',(1.224646799147E-16,0.,-1.));
#11300 = DEFINITIONAL_REPRESENTATION('',(#11301),#11305);
#11301 = LINE('',#11302,#11303);
#11302 = CARTESIAN_POINT('',(0.,0.));
#11303 = VECTOR('',#11304,1.);
#11304 = DIRECTION('',(0.,1.));
#11305 = ( GEOMETRIC_REPRESENTATION_CONTEXT(2) 
PARAMETRIC_REPRESENTATION_CONTEXT() REPRESENTATION_CONTEXT('2D SPACE',''
  ) );
#11306 = ADVANCED_FACE('',(#11307),#11295,.T.);
#11307 = FACE_BOUND('',#11308,.T.);
#11308 = EDGE_LOOP('',(#11309,#11310,#11333,#11356));
#11309 = ORIENTED_EDGE('',*,*,#11281,.F.);
#11310 = ORIENTED_EDGE('',*,*,#11311,.T.);
#11311 = EDGE_CURVE('',#11235,#11312,#11314,.T.);
#11312 = VERTEX_POINT('',#11313);
#11313 = CARTESIAN_POINT('',(9.,305.,-127.5));
#11314 = SURFACE_CURVE('',#11315,(#11319,#11326),.PCURVE_S1.);
#11315 = LINE('',#11316,#11317);
#11316 = CARTESIAN_POINT('',(9.,305.,-120.5));
#11317 = VECTOR('',#11318,1.);
#11318 = DIRECTION('',(1.224646799147E-16,0.,-1.));
#11319 = PCURVE('',#11295,#11320);
#11320 = DEFINITIONAL_REPRESENTATION('',(#11321),#11325);
#11321 = LINE('',#11322,#11323);
#11322 = CARTESIAN_POINT('',(0.,0.));
#11323 = VECTOR('',#11324,1.);
#11324 = DIRECTION('',(1.,0.));
#11325 = ( GEOMETRIC_REPRESENTATION_CONTEXT(2) 
PARAMETRIC_REPRESENTATION_CONTEXT() REPRESENTATION_CONTEXT('2D SPACE',''
  ) );
#11326 = PCURVE('',#10830,#11327);
#11327 = DEFINITIONAL_REPRESENTATION('',(#11328),#11332);
#11328 = LINE('',#11329,#11330);
#11329 = CARTESIAN_POINT('',(0.,-280.));
#11330 = VECTOR('',#11331,1.);
#11331 = DIRECTION('',(1.,0.));
#11332 = ( GEOMETRIC_REPRESENTATION_CONTEXT(2) 
PARAMETRIC_REPRESENTATION_CONTEXT() REPRESENTATION_CONTEXT('2D SPACE',''
  ) );
#11333 = ORIENTED_EDGE('',*,*,#11334,.T.);
#11334 = EDGE_CURVE('',#11312,#11335,#11337,.T.);
#11335 = VERTEX_POINT('',#11336);
#11336 = CARTESIAN_POINT('',(-9.,305.,-127.5));
#11337 = SURFACE_CURVE('',#11338,(#11342,#11349),.PCURVE_S1.);
#11338 = LINE('',#11339,#11340);
#11339 = CARTESIAN_POINT('',(9.,305.,-127.5));
#11340 = VECTOR('',#11341,1.);
#11341 = DIRECTION('',(-1.,0.,-1.224646799147E-16));
#11342 = PCURVE('',#11295,#11343);
#11343 = DEFINITIONAL_REPRESENTATION('',(#11344),#11348);
#11344 = LINE('',#11345,#11346);
#11345 = CARTESIAN_POINT('',(7.,0.));
#11346 = VECTOR('',#11347,1.);
#11347 = DIRECTION('',(0.,1.));
#11348 = ( GEOMETRIC_REPRESENTATION_CONTEXT(2) 
PARAMETRIC_REPRESENTATION_CONTEXT() REPRESENTATION_CONTEXT('2D SPACE',''
  ) );
#11349 = PCURVE('',#10906,#11350);
#11350 = DEFINITIONAL_REPRESENTATION('',(#11351),#11355);
#11351 = LINE('',#11352,#11353);
#11352 = CARTESIAN_POINT('',(0.,280.));
#11353 = VECTOR('',#11354,1.);
#11354 = DIRECTION('',(1.,0.));
#11355 = ( GEOMETRIC_REPRESENTATION_CONTEXT(2) 
PARAMETRIC_REPRESENTATION_CONTEXT() REPRESENTATION_CONTEXT('2D SPACE',''
  ) );
#11356 = ORIENTED_EDGE('',*,*,#11357,.F.);
#11357 = EDGE_CURVE('',#11259,#11335,#11358,.T.);
#11358 = SURFACE_CURVE('',#11359,(#11363,#11370),.PCURVE_S1.);
#11359 = LINE('',#11360,#11361);
#11360 = CARTESIAN_POINT('',(-9.,305.,-120.5));
#11361 = VECTOR('',#11362,1.);
#11362 = DIRECTION('',(1.224646799147E-16,0.,-1.));
#11363 = PCURVE('',#11295,#11364);
#11364 = DEFINITIONAL_REPRESENTATION('',(#11365),#11369);
#11365 = LINE('',#11366,#11367);
#11366 = CARTESIAN_POINT('',(0.,18.));
#11367 = VECTOR('',#11368,1.);
#11368 = DIRECTION('',(1.,0.));
#11369 = ( GEOMETRIC_REPRESENTATION_CONTEXT(2) 
PARAMETRIC_REPRESENTATION_CONTEXT() REPRESENTATION_CONTEXT('2D SPACE',''
  ) );
#11370 = PCURVE('',#10882,#11371);
#11371 = DEFINITIONAL_REPRESENTATION('',(#11372),#11376);
#11372 = LINE('',#11373,#11374);
#11373 = CARTESIAN_POINT('',(0.,-280.));
#11374 = VECTOR('',#11375,1.);
#11375 = DIRECTION('',(1.,0.));
#11376 = ( GEOMETRIC_REPRESENTATION_CONTEXT(2) 
PARAMETRIC_REPRESENTATION_CONTEXT() REPRESENTATION_CONTEXT('2D SPACE',''
  ) );
#11377 = ADVANCED_FACE('',(#11378),#10882,.T.);
#11378 = FACE_BOUND('',#11379,.T.);
#11379 = EDGE_LOOP('',(#11380,#11401,#11402,#11403));
#11380 = ORIENTED_EDGE('',*,*,#11381,.F.);
#11381 = EDGE_CURVE('',#10868,#11335,#11382,.T.);
#11382 = SURFACE_CURVE('',#11383,(#11387,#11394),.PCURVE_S1.);
#11383 = LINE('',#11384,#11385);
#11384 = CARTESIAN_POINT('',(-9.,25.,-127.5));
#11385 = VECTOR('',#11386,1.);
#11386 = DIRECTION('',(0.,1.,0.));
#11387 = PCURVE('',#10882,#11388);
#11388 = DEFINITIONAL_REPRESENTATION('',(#11389),#11393);
#11389 = LINE('',#11390,#11391);
#11390 = CARTESIAN_POINT('',(7.,0.));
#11391 = VECTOR('',#11392,1.);
#11392 = DIRECTION('',(0.,-1.));
#11393 = ( GEOMETRIC_REPRESENTATION_CONTEXT(2) 
PARAMETRIC_REPRESENTATION_CONTEXT() REPRESENTATION_CONTEXT('2D SPACE',''
  ) );
#11394 = PCURVE('',#10906,#11395);
#11395 = DEFINITIONAL_REPRESENTATION('',(#11396),#11400);
#11396 = LINE('',#11397,#11398);
#11397 = CARTESIAN_POINT('',(18.,0.));
#11398 = VECTOR('',#11399,1.);
#11399 = DIRECTION('',(0.,1.));
#11400 = ( GEOMETRIC_REPRESENTATION_CONTEXT(2) 
PARAMETRIC_REPRESENTATION_CONTEXT() REPRESENTATION_CONTEXT('2D SPACE',''
  ) );
#11401 = ORIENTED_EDGE('',*,*,#10867,.F.);
#11402 = ORIENTED_EDGE('',*,*,#11258,.T.);
#11403 = ORIENTED_EDGE('',*,*,#11357,.T.);
#11404 = ADVANCED_FACE('',(#11405),#10906,.T.);
#11405 = FACE_BOUND('',#11406,.T.);
#11406 = EDGE_LOOP('',(#11407,#11428,#11429,#11430));
#11407 = ORIENTED_EDGE('',*,*,#11408,.F.);
#11408 = EDGE_CURVE('',#10816,#11312,#11409,.T.);
#11409 = SURFACE_CURVE('',#11410,(#11414,#11421),.PCURVE_S1.);
#11410 = LINE('',#11411,#11412);
#11411 = CARTESIAN_POINT('',(9.,25.,-127.5));
#11412 = VECTOR('',#11413,1.);
#11413 = DIRECTION('',(0.,1.,0.));
#11414 = PCURVE('',#10906,#11415);
#11415 = DEFINITIONAL_REPRESENTATION('',(#11416),#11420);
#11416 = LINE('',#11417,#11418);
#11417 = CARTESIAN_POINT('',(0.,0.));
#11418 = VECTOR('',#11419,1.);
#11419 = DIRECTION('',(0.,1.));
#11420 = ( GEOMETRIC_REPRESENTATION_CONTEXT(2) 
PARAMETRIC_REPRESENTATION_CONTEXT() REPRESENTATION_CONTEXT('2D SPACE',''
  ) );
#11421 = PCURVE('',#10830,#11422);
#11422 = DEFINITIONAL_REPRESENTATION('',(#11423),#11427);
#11423 = LINE('',#11424,#11425);
#11424 = CARTESIAN_POINT('',(7.,0.));
#11425 = VECTOR('',#11426,1.);
#11426 = DIRECTION('',(0.,-1.));
#11427 = ( GEOMETRIC_REPRESENTATION_CONTEXT(2) 
PARAMETRIC_REPRESENTATION_CONTEXT() REPRESENTATION_CONTEXT('2D SPACE',''
  ) );
#11428 = ORIENTED_EDGE('',*,*,#10893,.F.);
#11429 = ORIENTED_EDGE('',*,*,#11381,.T.);
#11430 = ORIENTED_EDGE('',*,*,#11334,.F.);
#11431 = ADVANCED_FACE('',(#11432),#10830,.F.);
#11432 = FACE_BOUND('',#11433,.F.);
#11433 = EDGE_LOOP('',(#11434,#11435,#11436,#11437));
#11434 = ORIENTED_EDGE('',*,*,#11408,.F.);
#11435 = ORIENTED_EDGE('',*,*,#10813,.F.);
#11436 = ORIENTED_EDGE('',*,*,#11234,.T.);
#11437 = ORIENTED_EDGE('',*,*,#11311,.T.);
#11438 = ADVANCED_FACE('',(#11439),#10750,.F.);
#11439 = FACE_BOUND('',#11440,.F.);
#11440 = EDGE_LOOP('',(#11441,#11464,#11465,#11488));
#11441 = ORIENTED_EDGE('',*,*,#11442,.F.);
#11442 = EDGE_CURVE('',#10708,#11443,#11445,.T.);
#11443 = VERTEX_POINT('',#11444);
#11444 = CARTESIAN_POINT('',(-18.03942133209,305.,-119.4815018235));
#11445 = SURFACE_CURVE('',#11446,(#11450,#11457),.PCURVE_S1.);
#11446 = LINE('',#11447,#11448);
#11447 = CARTESIAN_POINT('',(-18.03942133209,25.,-119.4815018235));
#11448 = VECTOR('',#11449,1.);
#11449 = DIRECTION('',(0.,1.,0.));
#11450 = PCURVE('',#10750,#11451);
#11451 = DEFINITIONAL_REPRESENTATION('',(#11452),#11456);
#11452 = LINE('',#11453,#11454);
#11453 = CARTESIAN_POINT('',(0.,0.));
#11454 = VECTOR('',#11455,1.);
#11455 = DIRECTION('',(0.,1.));
#11456 = ( GEOMETRIC_REPRESENTATION_CONTEXT(2) 
PARAMETRIC_REPRESENTATION_CONTEXT() REPRESENTATION_CONTEXT('2D SPACE',''
  ) );
#11457 = PCURVE('',#10724,#11458);
#11458 = DEFINITIONAL_REPRESENTATION('',(#11459),#11463);
#11459 = LINE('',#11460,#11461);
#11460 = CARTESIAN_POINT('',(0.,0.));
#11461 = VECTOR('',#11462,1.);
#11462 = DIRECTION('',(0.,-1.));
#11463 = ( GEOMETRIC_REPRESENTATION_CONTEXT(2) 
PARAMETRIC_REPRESENTATION_CONTEXT() REPRESENTATION_CONTEXT('2D SPACE',''
  ) );
#11464 = ORIENTED_EDGE('',*,*,#10735,.F.);
#11465 = ORIENTED_EDGE('',*,*,#11466,.T.);
#11466 = EDGE_CURVE('',#10736,#11467,#11469,.T.);
#11467 = VERTEX_POINT('',#11468);
#11468 = CARTESIAN_POINT('',(-35.58812375137,305.,-115.4761250123));
#11469 = SURFACE_CURVE('',#11470,(#11474,#11481),.PCURVE_S1.);
#11470 = LINE('',#11471,#11472);
#11471 = CARTESIAN_POINT('',(-35.58812375137,25.,-115.4761250123));
#11472 = VECTOR('',#11473,1.);
#11473 = DIRECTION('',(0.,1.,0.));
#11474 = PCURVE('',#10750,#11475);
#11475 = DEFINITIONAL_REPRESENTATION('',(#11476),#11480);
#11476 = LINE('',#11477,#11478);
#11477 = CARTESIAN_POINT('',(18.,0.));
#11478 = VECTOR('',#11479,1.);
#11479 = DIRECTION('',(0.,1.));
#11480 = ( GEOMETRIC_REPRESENTATION_CONTEXT(2) 
PARAMETRIC_REPRESENTATION_CONTEXT() REPRESENTATION_CONTEXT('2D SPACE',''
  ) );
#11481 = PCURVE('',#10776,#11482);
#11482 = DEFINITIONAL_REPRESENTATION('',(#11483),#11487);
#11483 = LINE('',#11484,#11485);
#11484 = CARTESIAN_POINT('',(0.,0.));
#11485 = VECTOR('',#11486,1.);
#11486 = DIRECTION('',(0.,-1.));
#11487 = ( GEOMETRIC_REPRESENTATION_CONTEXT(2) 
PARAMETRIC_REPRESENTATION_CONTEXT() REPRESENTATION_CONTEXT('2D SPACE',''
  ) );
#11488 = ORIENTED_EDGE('',*,*,#11489,.F.);
#11489 = EDGE_CURVE('',#11443,#11467,#11490,.T.);
#11490 = SURFACE_CURVE('',#11491,(#11495,#11502),.PCURVE_S1.);
#11491 = LINE('',#11492,#11493);
#11492 = CARTESIAN_POINT('',(-18.03942133209,305.,-119.4815018235));
#11493 = VECTOR('',#11494,1.);
#11494 = DIRECTION('',(-0.974927912182,0.,0.222520933956));
#11495 = PCURVE('',#10750,#11496);
#11496 = DEFINITIONAL_REPRESENTATION('',(#11497),#11501);
#11497 = LINE('',#11498,#11499);
#11498 = CARTESIAN_POINT('',(0.,280.));
#11499 = VECTOR('',#11500,1.);
#11500 = DIRECTION('',(1.,0.));
#11501 = ( GEOMETRIC_REPRESENTATION_CONTEXT(2) 
PARAMETRIC_REPRESENTATION_CONTEXT() REPRESENTATION_CONTEXT('2D SPACE',''
  ) );
#11502 = PCURVE('',#11503,#11508);
#11503 = PLANE('',#11504);
#11504 = AXIS2_PLACEMENT_3D('',#11505,#11506,#11507);
#11505 = CARTESIAN_POINT('',(-18.03942133209,305.,-119.4815018235));
#11506 = DIRECTION('',(0.,1.,0.));
#11507 = DIRECTION('',(-0.222520933956,0.,-0.974927912182));
#11508 = DEFINITIONAL_REPRESENTATION('',(#11509),#11513);
#11509 = LINE('',#11510,#11511);
#11510 = CARTESIAN_POINT('',(0.,0.));
#11511 = VECTOR('',#11512,1.);
#11512 = DIRECTION('',(0.,1.));
#11513 = ( GEOMETRIC_REPRESENTATION_CONTEXT(2) 
PARAMETRIC_REPRESENTATION_CONTEXT() REPRESENTATION_CONTEXT('2D SPACE',''
  ) );
#11514 = ADVANCED_FACE('',(#11515),#11503,.T.);
#11515 = FACE_BOUND('',#11516,.T.);
#11516 = EDGE_LOOP('',(#11517,#11518,#11541,#11564));
#11517 = ORIENTED_EDGE('',*,*,#11489,.F.);
#11518 = ORIENTED_EDGE('',*,*,#11519,.T.);
#11519 = EDGE_CURVE('',#11443,#11520,#11522,.T.);
#11520 = VERTEX_POINT('',#11521);
#11521 = CARTESIAN_POINT('',(-19.59706786979,305.,-126.3059972087));
#11522 = SURFACE_CURVE('',#11523,(#11527,#11534),.PCURVE_S1.);
#11523 = LINE('',#11524,#11525);
#11524 = CARTESIAN_POINT('',(-18.03942133209,305.,-119.4815018235));
#11525 = VECTOR('',#11526,1.);
#11526 = DIRECTION('',(-0.222520933956,0.,-0.974927912182));
#11527 = PCURVE('',#11503,#11528);
#11528 = DEFINITIONAL_REPRESENTATION('',(#11529),#11533);
#11529 = LINE('',#11530,#11531);
#11530 = CARTESIAN_POINT('',(0.,0.));
#11531 = VECTOR('',#11532,1.);
#11532 = DIRECTION('',(1.,0.));
#11533 = ( GEOMETRIC_REPRESENTATION_CONTEXT(2) 
PARAMETRIC_REPRESENTATION_CONTEXT() REPRESENTATION_CONTEXT('2D SPACE',''
  ) );
#11534 = PCURVE('',#10724,#11535);
#11535 = DEFINITIONAL_REPRESENTATION('',(#11536),#11540);
#11536 = LINE('',#11537,#11538);
#11537 = CARTESIAN_POINT('',(0.,-280.));
#11538 = VECTOR('',#11539,1.);
#11539 = DIRECTION('',(1.,0.));
#11540 = ( GEOMETRIC_REPRESENTATION_CONTEXT(2) 
PARAMETRIC_REPRESENTATION_CONTEXT() REPRESENTATION_CONTEXT('2D SPACE',''
  ) );
#11541 = ORIENTED_EDGE('',*,*,#11542,.T.);
#11542 = EDGE_CURVE('',#11520,#11543,#11545,.T.);
#11543 = VERTEX_POINT('',#11544);
#11544 = CARTESIAN_POINT('',(-37.14577028906,305.,-122.3006203975));
#11545 = SURFACE_CURVE('',#11546,(#11550,#11557),.PCURVE_S1.);
#11546 = LINE('',#11547,#11548);
#11547 = CARTESIAN_POINT('',(-19.59706786979,305.,-126.3059972087));
#11548 = VECTOR('',#11549,1.);
#11549 = DIRECTION('',(-0.974927912182,0.,0.222520933956));
#11550 = PCURVE('',#11503,#11551);
#11551 = DEFINITIONAL_REPRESENTATION('',(#11552),#11556);
#11552 = LINE('',#11553,#11554);
#11553 = CARTESIAN_POINT('',(7.,0.));
#11554 = VECTOR('',#11555,1.);
#11555 = DIRECTION('',(0.,1.));
#11556 = ( GEOMETRIC_REPRESENTATION_CONTEXT(2) 
PARAMETRIC_REPRESENTATION_CONTEXT() REPRESENTATION_CONTEXT('2D SPACE',''
  ) );
#11557 = PCURVE('',#10800,#11558);
#11558 = DEFINITIONAL_REPRESENTATION('',(#11559),#11563);
#11559 = LINE('',#11560,#11561);
#11560 = CARTESIAN_POINT('',(0.,280.));
#11561 = VECTOR('',#11562,1.);
#11562 = DIRECTION('',(1.,0.));
#11563 = ( GEOMETRIC_REPRESENTATION_CONTEXT(2) 
PARAMETRIC_REPRESENTATION_CONTEXT() REPRESENTATION_CONTEXT('2D SPACE',''
  ) );
#11564 = ORIENTED_EDGE('',*,*,#11565,.F.);
#11565 = EDGE_CURVE('',#11467,#11543,#11566,.T.);
#11566 = SURFACE_CURVE('',#11567,(#11571,#11578),.PCURVE_S1.);
#11567 = LINE('',#11568,#11569);
#11568 = CARTESIAN_POINT('',(-35.58812375137,305.,-115.4761250123));
#11569 = VECTOR('',#11570,1.);
#11570 = DIRECTION('',(-0.222520933956,0.,-0.974927912182));
#11571 = PCURVE('',#11503,#11572);
#11572 = DEFINITIONAL_REPRESENTATION('',(#11573),#11577);
#11573 = LINE('',#11574,#11575);
#11574 = CARTESIAN_POINT('',(0.,18.));
#11575 = VECTOR('',#11576,1.);
#11576 = DIRECTION('',(1.,0.));
#11577 = ( GEOMETRIC_REPRESENTATION_CONTEXT(2) 
PARAMETRIC_REPRESENTATION_CONTEXT() REPRESENTATION_CONTEXT('2D SPACE',''
  ) );
#11578 = PCURVE('',#10776,#11579);
#11579 = DEFINITIONAL_REPRESENTATION('',(#11580),#11584);
#11580 = LINE('',#11581,#11582);
#11581 = CARTESIAN_POINT('',(0.,-280.));
#11582 = VECTOR('',#11583,1.);
#11583 = DIRECTION('',(1.,0.));
#11584 = ( GEOMETRIC_REPRESENTATION_CONTEXT(2) 
PARAMETRIC_REPRESENTATION_CONTEXT() REPRESENTATION_CONTEXT('2D SPACE',''
  ) );
#11585 = ADVANCED_FACE('',(#11586),#10776,.T.);
#11586 = FACE_BOUND('',#11587,.T.);
#11587 = EDGE_LOOP('',(#11588,#11609,#11610,#11611));
#11588 = ORIENTED_EDGE('',*,*,#11589,.F.);
#11589 = EDGE_CURVE('',#10762,#11543,#11590,.T.);
#11590 = SURFACE_CURVE('',#11591,(#11595,#11602),.PCURVE_S1.);
#11591 = LINE('',#11592,#11593);
#11592 = CARTESIAN_POINT('',(-37.14577028906,25.,-122.3006203975));
#11593 = VECTOR('',#11594,1.);
#11594 = DIRECTION('',(0.,1.,0.));
#11595 = PCURVE('',#10776,#11596);
#11596 = DEFINITIONAL_REPRESENTATION('',(#11597),#11601);
#11597 = LINE('',#11598,#11599);
#11598 = CARTESIAN_POINT('',(7.,0.));
#11599 = VECTOR('',#11600,1.);
#11600 = DIRECTION('',(0.,-1.));
#11601 = ( GEOMETRIC_REPRESENTATION_CONTEXT(2) 
PARAMETRIC_REPRESENTATION_CONTEXT() REPRESENTATION_CONTEXT('2D SPACE',''
  ) );
#11602 = PCURVE('',#10800,#11603);
#11603 = DEFINITIONAL_REPRESENTATION('',(#11604),#11608);
#11604 = LINE('',#11605,#11606);
#11605 = CARTESIAN_POINT('',(18.,0.));
#11606 = VECTOR('',#11607,1.);
#11607 = DIRECTION('',(0.,1.));
#11608 = ( GEOMETRIC_REPRESENTATION_CONTEXT(2) 
PARAMETRIC_REPRESENTATION_CONTEXT() REPRESENTATION_CONTEXT('2D SPACE',''
  ) );
#11609 = ORIENTED_EDGE('',*,*,#10761,.F.);
#11610 = ORIENTED_EDGE('',*,*,#11466,.T.);
#11611 = ORIENTED_EDGE('',*,*,#11565,.T.);
#11612 = ADVANCED_FACE('',(#11613),#10800,.T.);
#11613 = FACE_BOUND('',#11614,.T.);
#11614 = EDGE_LOOP('',(#11615,#11636,#11637,#11638));
#11615 = ORIENTED_EDGE('',*,*,#11616,.F.);
#11616 = EDGE_CURVE('',#10710,#11520,#11617,.T.);
#11617 = SURFACE_CURVE('',#11618,(#11622,#11629),.PCURVE_S1.);
#11618 = LINE('',#11619,#11620);
#11619 = CARTESIAN_POINT('',(-19.59706786979,25.,-126.3059972087));
#11620 = VECTOR('',#11621,1.);
#11621 = DIRECTION('',(0.,1.,0.));
#11622 = PCURVE('',#10800,#11623);
#11623 = DEFINITIONAL_REPRESENTATION('',(#11624),#11628);
#11624 = LINE('',#11625,#11626);
#11625 = CARTESIAN_POINT('',(0.,0.));
#11626 = VECTOR('',#11627,1.);
#11627 = DIRECTION('',(0.,1.));
#11628 = ( GEOMETRIC_REPRESENTATION_CONTEXT(2) 
PARAMETRIC_REPRESENTATION_CONTEXT() REPRESENTATION_CONTEXT('2D SPACE',''
  ) );
#11629 = PCURVE('',#10724,#11630);
#11630 = DEFINITIONAL_REPRESENTATION('',(#11631),#11635);
#11631 = LINE('',#11632,#11633);
#11632 = CARTESIAN_POINT('',(7.,0.));
#11633 = VECTOR('',#11634,1.);
#11634 = DIRECTION('',(0.,-1.));
#11635 = ( GEOMETRIC_REPRESENTATION_CONTEXT(2) 
PARAMETRIC_REPRESENTATION_CONTEXT() REPRESENTATION_CONTEXT('2D SPACE',''
  ) );
#11636 = ORIENTED_EDGE('',*,*,#10787,.F.);
#11637 = ORIENTED_EDGE('',*,*,#11589,.T.);
#11638 = ORIENTED_EDGE('',*,*,#11542,.F.);
#11639 = ADVANCED_FACE('',(#11640),#10724,.F.);
#11640 = FACE_BOUND('',#11641,.F.);
#11641 = EDGE_LOOP('',(#11642,#11643,#11644,#11645));
#11642 = ORIENTED_EDGE('',*,*,#11616,.F.);
#11643 = ORIENTED_EDGE('',*,*,#10707,.F.);
#11644 = ORIENTED_EDGE('',*,*,#11442,.T.);
#11645 = ORIENTED_EDGE('',*,*,#11519,.T.);
#11646 = ADVANCED_FACE('',(#11647),#100,.F.);
#11647 = FACE_BOUND('',#11648,.F.);
#11648 = EDGE_LOOP('',(#11649,#11650,#11651,#11670,#11671));
#11649 = ORIENTED_EDGE('',*,*,#6554,.T.);
#11650 = ORIENTED_EDGE('',*,*,#6486,.T.);
#11651 = ORIENTED_EDGE('',*,*,#11652,.F.);
#11652 = EDGE_CURVE('',#58,#6487,#11653,.T.);
#11653 = SURFACE_CURVE('',#11654,(#11658,#11664),.PCURVE_S1.);
#11654 = LINE('',#11655,#11656);
#11655 = CARTESIAN_POINT('',(-63.5,296.,-113.));
#11656 = VECTOR('',#11657,1.);
#11657 = DIRECTION('',(1.,0.,0.));
#11658 = PCURVE('',#100,#11659);
#11659 = DEFINITIONAL_REPRESENTATION('',(#11660),#11663);
#11660 = B_SPLINE_CURVE_WITH_KNOTS('',1,(#11661,#11662),.UNSPECIFIED.,
  .F.,.F.,(2,2),(-55.5,182.5),.PIECEWISE_BEZIER_KNOTS.);
#11661 = CARTESIAN_POINT('',(-119.,113.));
#11662 = CARTESIAN_POINT('',(119.,113.));
#11663 = ( GEOMETRIC_REPRESENTATION_CONTEXT(2) 
PARAMETRIC_REPRESENTATION_CONTEXT() REPRESENTATION_CONTEXT('2D SPACE',''
  ) );
#11664 = PCURVE('',#72,#11665);
#11665 = DEFINITIONAL_REPRESENTATION('',(#11666),#11669);
#11666 = B_SPLINE_CURVE_WITH_KNOTS('',1,(#11667,#11668),.UNSPECIFIED.,
  .F.,.F.,(2,2),(-55.5,182.5),.PIECEWISE_BEZIER_KNOTS.);
#11667 = CARTESIAN_POINT('',(8.,266.));
#11668 = CARTESIAN_POINT('',(246.,266.));
#11669 = ( GEOMETRIC_REPRESENTATION_CONTEXT(2) 
PARAMETRIC_REPRESENTATION_CONTEXT() REPRESENTATION_CONTEXT('2D SPACE',''
  ) );
#11670 = ORIENTED_EDGE('',*,*,#83,.T.);
#11671 = ORIENTED_EDGE('',*,*,#3887,.F.);
#11672 = ADVANCED_FACE('',(#11673),#72,.T.);
#11673 = FACE_BOUND('',#11674,.T.);
#11674 = EDGE_LOOP('',(#11675,#11676,#11677,#11678,#11679,#11698,#11699,
    #11700));
#11675 = ORIENTED_EDGE('',*,*,#10681,.F.);
#11676 = ORIENTED_EDGE('',*,*,#6510,.F.);
#11677 = ORIENTED_EDGE('',*,*,#11652,.F.);
#11678 = ORIENTED_EDGE('',*,*,#57,.F.);
#11679 = ORIENTED_EDGE('',*,*,#11680,.T.);
#11680 = EDGE_CURVE('',#24,#6266,#11681,.T.);
#11681 = SURFACE_CURVE('',#11682,(#11686,#11692),.PCURVE_S1.);
#11682 = LINE('',#11683,#11684);
#11683 = CARTESIAN_POINT('',(-63.5,34.,-113.));
#11684 = VECTOR('',#11685,1.);
#11685 = DIRECTION('',(1.,0.,0.));
#11686 = PCURVE('',#72,#11687);
#11687 = DEFINITIONAL_REPRESENTATION('',(#11688),#11691);
#11688 = B_SPLINE_CURVE_WITH_KNOTS('',1,(#11689,#11690),.UNSPECIFIED.,
  .F.,.F.,(2,2),(-55.5,182.5),.PIECEWISE_BEZIER_KNOTS.);
#11689 = CARTESIAN_POINT('',(8.,4.));
#11690 = CARTESIAN_POINT('',(246.,4.));
#11691 = ( GEOMETRIC_REPRESENTATION_CONTEXT(2) 
PARAMETRIC_REPRESENTATION_CONTEXT() REPRESENTATION_CONTEXT('2D SPACE',''
  ) );
#11692 = PCURVE('',#45,#11693);
#11693 = DEFINITIONAL_REPRESENTATION('',(#11694),#11697);
#11694 = B_SPLINE_CURVE_WITH_KNOTS('',1,(#11695,#11696),.UNSPECIFIED.,
  .F.,.F.,(2,2),(-55.5,182.5),.PIECEWISE_BEZIER_KNOTS.);
#11695 = CARTESIAN_POINT('',(-119.,113.));
#11696 = CARTESIAN_POINT('',(119.,113.));
#11697 = ( GEOMETRIC_REPRESENTATION_CONTEXT(2) 
PARAMETRIC_REPRESENTATION_CONTEXT() REPRESENTATION_CONTEXT('2D SPACE',''
  ) );
#11698 = ORIENTED_EDGE('',*,*,#6265,.F.);
#11699 = ORIENTED_EDGE('',*,*,#5247,.T.);
#11700 = ORIENTED_EDGE('',*,*,#5166,.T.);
#11701 = ADVANCED_FACE('',(#11702),#45,.T.);
#11702 = FACE_BOUND('',#11703,.T.);
#11703 = EDGE_LOOP('',(#11704,#11705,#11706,#11707,#11708));
#11704 = ORIENTED_EDGE('',*,*,#6241,.T.);
#11705 = ORIENTED_EDGE('',*,*,#6286,.T.);
#11706 = ORIENTED_EDGE('',*,*,#11680,.F.);
#11707 = ORIENTED_EDGE('',*,*,#21,.F.);
#11708 = ORIENTED_EDGE('',*,*,#3867,.F.);
#11709 = MANIFOLD_SOLID_BREP('',#11710);
#11710 = CLOSED_SHELL('',(#11711,#11831,#11907,#11978,#12005,#12032));
#11711 = ADVANCED_FACE('',(#11712),#11726,.F.);
#11712 = FACE_BOUND('',#11713,.F.);
#11713 = EDGE_LOOP('',(#11714,#11749,#11777,#11805));
#11714 = ORIENTED_EDGE('',*,*,#11715,.F.);
#11715 = EDGE_CURVE('',#11716,#11718,#11720,.T.);
#11716 = VERTEX_POINT('',#11717);
#11717 = CARTESIAN_POINT('',(68.094037781765,25.,99.822101854126));
#11718 = VERTEX_POINT('',#11719);
#11719 = CARTESIAN_POINT('',(72.458466394776,25.,105.2949222314));
#11720 = SURFACE_CURVE('',#11721,(#11725,#11737),.PCURVE_S1.);
#11721 = LINE('',#11722,#11723);
#11722 = CARTESIAN_POINT('',(68.094037781765,25.,99.822101854126));
#11723 = VECTOR('',#11724,1.);
#11724 = DIRECTION('',(0.623489801859,0.,0.781831482468));
#11725 = PCURVE('',#11726,#11731);
#11726 = PLANE('',#11727);
#11727 = AXIS2_PLACEMENT_3D('',#11728,#11729,#11730);
#11728 = CARTESIAN_POINT('',(68.094037781765,25.,99.822101854126));
#11729 = DIRECTION('',(0.781831482468,0.,-0.623489801859));
#11730 = DIRECTION('',(0.623489801859,0.,0.781831482468));
#11731 = DEFINITIONAL_REPRESENTATION('',(#11732),#11736);
#11732 = LINE('',#11733,#11734);
#11733 = CARTESIAN_POINT('',(0.,0.));
#11734 = VECTOR('',#11735,1.);
#11735 = DIRECTION('',(1.,0.));
#11736 = ( GEOMETRIC_REPRESENTATION_CONTEXT(2) 
PARAMETRIC_REPRESENTATION_CONTEXT() REPRESENTATION_CONTEXT('2D SPACE',''
  ) );
#11737 = PCURVE('',#11738,#11743);
#11738 = PLANE('',#11739);
#11739 = AXIS2_PLACEMENT_3D('',#11740,#11741,#11742);
#11740 = CARTESIAN_POINT('',(68.094037781765,25.,99.822101854126));
#11741 = DIRECTION('',(0.,1.,0.));
#11742 = DIRECTION('',(0.623489801859,0.,0.781831482468));
#11743 = DEFINITIONAL_REPRESENTATION('',(#11744),#11748);
#11744 = LINE('',#11745,#11746);
#11745 = CARTESIAN_POINT('',(0.,0.));
#11746 = VECTOR('',#11747,1.);
#11747 = DIRECTION('',(1.,0.));
#11748 = ( GEOMETRIC_REPRESENTATION_CONTEXT(2) 
PARAMETRIC_REPRESENTATION_CONTEXT() REPRESENTATION_CONTEXT('2D SPACE',''
  ) );
#11749 = ORIENTED_EDGE('',*,*,#11750,.T.);
#11750 = EDGE_CURVE('',#11716,#11751,#11753,.T.);
#11751 = VERTEX_POINT('',#11752);
#11752 = CARTESIAN_POINT('',(68.094037781765,305.,99.822101854126));
#11753 = SURFACE_CURVE('',#11754,(#11758,#11765),.PCURVE_S1.);
#11754 = LINE('',#11755,#11756);
#11755 = CARTESIAN_POINT('',(68.094037781765,25.,99.822101854126));
#11756 = VECTOR('',#11757,1.);
#11757 = DIRECTION('',(0.,1.,0.));
#11758 = PCURVE('',#11726,#11759);
#11759 = DEFINITIONAL_REPRESENTATION('',(#11760),#11764);
#11760 = LINE('',#11761,#11762);
#11761 = CARTESIAN_POINT('',(0.,0.));
#11762 = VECTOR('',#11763,1.);
#11763 = DIRECTION('',(0.,-1.));
#11764 = ( GEOMETRIC_REPRESENTATION_CONTEXT(2) 
PARAMETRIC_REPRESENTATION_CONTEXT() REPRESENTATION_CONTEXT('2D SPACE',''
  ) );
#11765 = PCURVE('',#11766,#11771);
#11766 = PLANE('',#11767);
#11767 = AXIS2_PLACEMENT_3D('',#11768,#11769,#11770);
#11768 = CARTESIAN_POINT('',(68.094037781765,25.,99.822101854126));
#11769 = DIRECTION('',(0.623489801859,0.,0.781831482468));
#11770 = DIRECTION('',(0.781831482468,0.,-0.623489801859));
#11771 = DEFINITIONAL_REPRESENTATION('',(#11772),#11776);
#11772 = LINE('',#11773,#11774);
#11773 = CARTESIAN_POINT('',(0.,0.));
#11774 = VECTOR('',#11775,1.);
#11775 = DIRECTION('',(0.,1.));
#11776 = ( GEOMETRIC_REPRESENTATION_CONTEXT(2) 
PARAMETRIC_REPRESENTATION_CONTEXT() REPRESENTATION_CONTEXT('2D SPACE',''
  ) );
#11777 = ORIENTED_EDGE('',*,*,#11778,.T.);
#11778 = EDGE_CURVE('',#11751,#11779,#11781,.T.);
#11779 = VERTEX_POINT('',#11780);
#11780 = CARTESIAN_POINT('',(72.458466394776,305.,105.2949222314));
#11781 = SURFACE_CURVE('',#11782,(#11786,#11793),.PCURVE_S1.);
#11782 = LINE('',#11783,#11784);
#11783 = CARTESIAN_POINT('',(68.094037781765,305.,99.822101854126));
#11784 = VECTOR('',#11785,1.);
#11785 = DIRECTION('',(0.623489801859,0.,0.781831482468));
#11786 = PCURVE('',#11726,#11787);
#11787 = DEFINITIONAL_REPRESENTATION('',(#11788),#11792);
#11788 = LINE('',#11789,#11790);
#11789 = CARTESIAN_POINT('',(0.,-280.));
#11790 = VECTOR('',#11791,1.);
#11791 = DIRECTION('',(1.,0.));
#11792 = ( GEOMETRIC_REPRESENTATION_CONTEXT(2) 
PARAMETRIC_REPRESENTATION_CONTEXT() REPRESENTATION_CONTEXT('2D SPACE',''
  ) );
#11793 = PCURVE('',#11794,#11799);
#11794 = PLANE('',#11795);
#11795 = AXIS2_PLACEMENT_3D('',#11796,#11797,#11798);
#11796 = CARTESIAN_POINT('',(68.094037781765,305.,99.822101854126));
#11797 = DIRECTION('',(0.,1.,0.));
#11798 = DIRECTION('',(0.623489801859,0.,0.781831482468));
#11799 = DEFINITIONAL_REPRESENTATION('',(#11800),#11804);
#11800 = LINE('',#11801,#11802);
#11801 = CARTESIAN_POINT('',(0.,0.));
#11802 = VECTOR('',#11803,1.);
#11803 = DIRECTION('',(1.,0.));
#11804 = ( GEOMETRIC_REPRESENTATION_CONTEXT(2) 
PARAMETRIC_REPRESENTATION_CONTEXT() REPRESENTATION_CONTEXT('2D SPACE',''
  ) );
#11805 = ORIENTED_EDGE('',*,*,#11806,.F.);
#11806 = EDGE_CURVE('',#11718,#11779,#11807,.T.);
#11807 = SURFACE_CURVE('',#11808,(#11812,#11819),.PCURVE_S1.);
#11808 = LINE('',#11809,#11810);
#11809 = CARTESIAN_POINT('',(72.458466394776,25.,105.2949222314));
#11810 = VECTOR('',#11811,1.);
#11811 = DIRECTION('',(0.,1.,0.));
#11812 = PCURVE('',#11726,#11813);
#11813 = DEFINITIONAL_REPRESENTATION('',(#11814),#11818);
#11814 = LINE('',#11815,#11816);
#11815 = CARTESIAN_POINT('',(7.,0.));
#11816 = VECTOR('',#11817,1.);
#11817 = DIRECTION('',(0.,-1.));
#11818 = ( GEOMETRIC_REPRESENTATION_CONTEXT(2) 
PARAMETRIC_REPRESENTATION_CONTEXT() REPRESENTATION_CONTEXT('2D SPACE',''
  ) );
#11819 = PCURVE('',#11820,#11825);
#11820 = PLANE('',#11821);
#11821 = AXIS2_PLACEMENT_3D('',#11822,#11823,#11824);
#11822 = CARTESIAN_POINT('',(72.458466394776,25.,105.2949222314));
#11823 = DIRECTION('',(0.623489801859,0.,0.781831482468));
#11824 = DIRECTION('',(0.781831482468,0.,-0.623489801859));
#11825 = DEFINITIONAL_REPRESENTATION('',(#11826),#11830);
#11826 = LINE('',#11827,#11828);
#11827 = CARTESIAN_POINT('',(0.,0.));
#11828 = VECTOR('',#11829,1.);
#11829 = DIRECTION('',(0.,1.));
#11830 = ( GEOMETRIC_REPRESENTATION_CONTEXT(2) 
PARAMETRIC_REPRESENTATION_CONTEXT() REPRESENTATION_CONTEXT('2D SPACE',''
  ) );
#11831 = ADVANCED_FACE('',(#11832),#11766,.F.);
#11832 = FACE_BOUND('',#11833,.F.);
#11833 = EDGE_LOOP('',(#11834,#11835,#11858,#11886));
#11834 = ORIENTED_EDGE('',*,*,#11750,.F.);
#11835 = ORIENTED_EDGE('',*,*,#11836,.T.);
#11836 = EDGE_CURVE('',#11716,#11837,#11839,.T.);
#11837 = VERTEX_POINT('',#11838);
#11838 = CARTESIAN_POINT('',(82.16700446619,25.,88.599285420669));
#11839 = SURFACE_CURVE('',#11840,(#11844,#11851),.PCURVE_S1.);
#11840 = LINE('',#11841,#11842);
#11841 = CARTESIAN_POINT('',(68.094037781765,25.,99.822101854126));
#11842 = VECTOR('',#11843,1.);
#11843 = DIRECTION('',(0.781831482468,0.,-0.623489801859));
#11844 = PCURVE('',#11766,#11845);
#11845 = DEFINITIONAL_REPRESENTATION('',(#11846),#11850);
#11846 = LINE('',#11847,#11848);
#11847 = CARTESIAN_POINT('',(0.,0.));
#11848 = VECTOR('',#11849,1.);
#11849 = DIRECTION('',(1.,0.));
#11850 = ( GEOMETRIC_REPRESENTATION_CONTEXT(2) 
PARAMETRIC_REPRESENTATION_CONTEXT() REPRESENTATION_CONTEXT('2D SPACE',''
  ) );
#11851 = PCURVE('',#11738,#11852);
#11852 = DEFINITIONAL_REPRESENTATION('',(#11853),#11857);
#11853 = LINE('',#11854,#11855);
#11854 = CARTESIAN_POINT('',(0.,0.));
#11855 = VECTOR('',#11856,1.);
#11856 = DIRECTION('',(0.,1.));
#11857 = ( GEOMETRIC_REPRESENTATION_CONTEXT(2) 
PARAMETRIC_REPRESENTATION_CONTEXT() REPRESENTATION_CONTEXT('2D SPACE',''
  ) );
#11858 = ORIENTED_EDGE('',*,*,#11859,.T.);
#11859 = EDGE_CURVE('',#11837,#11860,#11862,.T.);
#11860 = VERTEX_POINT('',#11861);
#11861 = CARTESIAN_POINT('',(82.16700446619,305.,88.599285420669));
#11862 = SURFACE_CURVE('',#11863,(#11867,#11874),.PCURVE_S1.);
#11863 = LINE('',#11864,#11865);
#11864 = CARTESIAN_POINT('',(82.16700446619,25.,88.599285420669));
#11865 = VECTOR('',#11866,1.);
#11866 = DIRECTION('',(0.,1.,0.));
#11867 = PCURVE('',#11766,#11868);
#11868 = DEFINITIONAL_REPRESENTATION('',(#11869),#11873);
#11869 = LINE('',#11870,#11871);
#11870 = CARTESIAN_POINT('',(18.,0.));
#11871 = VECTOR('',#11872,1.);
#11872 = DIRECTION('',(0.,1.));
#11873 = ( GEOMETRIC_REPRESENTATION_CONTEXT(2) 
PARAMETRIC_REPRESENTATION_CONTEXT() REPRESENTATION_CONTEXT('2D SPACE',''
  ) );
#11874 = PCURVE('',#11875,#11880);
#11875 = PLANE('',#11876);
#11876 = AXIS2_PLACEMENT_3D('',#11877,#11878,#11879);
#11877 = CARTESIAN_POINT('',(82.16700446619,25.,88.599285420669));
#11878 = DIRECTION('',(0.781831482468,0.,-0.623489801859));
#11879 = DIRECTION('',(0.623489801859,0.,0.781831482468));
#11880 = DEFINITIONAL_REPRESENTATION('',(#11881),#11885);
#11881 = LINE('',#11882,#11883);
#11882 = CARTESIAN_POINT('',(0.,0.));
#11883 = VECTOR('',#11884,1.);
#11884 = DIRECTION('',(0.,-1.));
#11885 = ( GEOMETRIC_REPRESENTATION_CONTEXT(2) 
PARAMETRIC_REPRESENTATION_CONTEXT() REPRESENTATION_CONTEXT('2D SPACE',''
  ) );
#11886 = ORIENTED_EDGE('',*,*,#11887,.F.);
#11887 = EDGE_CURVE('',#11751,#11860,#11888,.T.);
#11888 = SURFACE_CURVE('',#11889,(#11893,#11900),.PCURVE_S1.);
#11889 = LINE('',#11890,#11891);
#11890 = CARTESIAN_POINT('',(68.094037781765,305.,99.822101854126));
#11891 = VECTOR('',#11892,1.);
#11892 = DIRECTION('',(0.781831482468,0.,-0.623489801859));
#11893 = PCURVE('',#11766,#11894);
#11894 = DEFINITIONAL_REPRESENTATION('',(#11895),#11899);
#11895 = LINE('',#11896,#11897);
#11896 = CARTESIAN_POINT('',(0.,280.));
#11897 = VECTOR('',#11898,1.);
#11898 = DIRECTION('',(1.,0.));
#11899 = ( GEOMETRIC_REPRESENTATION_CONTEXT(2) 
PARAMETRIC_REPRESENTATION_CONTEXT() REPRESENTATION_CONTEXT('2D SPACE',''
  ) );
#11900 = PCURVE('',#11794,#11901);
#11901 = DEFINITIONAL_REPRESENTATION('',(#11902),#11906);
#11902 = LINE('',#11903,#11904);
#11903 = CARTESIAN_POINT('',(0.,0.));
#11904 = VECTOR('',#11905,1.);
#11905 = DIRECTION('',(0.,1.));
#11906 = ( GEOMETRIC_REPRESENTATION_CONTEXT(2) 
PARAMETRIC_REPRESENTATION_CONTEXT() REPRESENTATION_CONTEXT('2D SPACE',''
  ) );
#11907 = ADVANCED_FACE('',(#11908),#11875,.T.);
#11908 = FACE_BOUND('',#11909,.T.);
#11909 = EDGE_LOOP('',(#11910,#11933,#11934,#11957));
#11910 = ORIENTED_EDGE('',*,*,#11911,.F.);
#11911 = EDGE_CURVE('',#11837,#11912,#11914,.T.);
#11912 = VERTEX_POINT('',#11913);
#11913 = CARTESIAN_POINT('',(86.531433079201,25.,94.072105797945));
#11914 = SURFACE_CURVE('',#11915,(#11919,#11926),.PCURVE_S1.);
#11915 = LINE('',#11916,#11917);
#11916 = CARTESIAN_POINT('',(82.16700446619,25.,88.599285420669));
#11917 = VECTOR('',#11918,1.);
#11918 = DIRECTION('',(0.623489801859,0.,0.781831482468));
#11919 = PCURVE('',#11875,#11920);
#11920 = DEFINITIONAL_REPRESENTATION('',(#11921),#11925);
#11921 = LINE('',#11922,#11923);
#11922 = CARTESIAN_POINT('',(0.,0.));
#11923 = VECTOR('',#11924,1.);
#11924 = DIRECTION('',(1.,0.));
#11925 = ( GEOMETRIC_REPRESENTATION_CONTEXT(2) 
PARAMETRIC_REPRESENTATION_CONTEXT() REPRESENTATION_CONTEXT('2D SPACE',''
  ) );
#11926 = PCURVE('',#11738,#11927);
#11927 = DEFINITIONAL_REPRESENTATION('',(#11928),#11932);
#11928 = LINE('',#11929,#11930);
#11929 = CARTESIAN_POINT('',(0.,18.));
#11930 = VECTOR('',#11931,1.);
#11931 = DIRECTION('',(1.,0.));
#11932 = ( GEOMETRIC_REPRESENTATION_CONTEXT(2) 
PARAMETRIC_REPRESENTATION_CONTEXT() REPRESENTATION_CONTEXT('2D SPACE',''
  ) );
#11933 = ORIENTED_EDGE('',*,*,#11859,.T.);
#11934 = ORIENTED_EDGE('',*,*,#11935,.T.);
#11935 = EDGE_CURVE('',#11860,#11936,#11938,.T.);
#11936 = VERTEX_POINT('',#11937);
#11937 = CARTESIAN_POINT('',(86.531433079201,305.,94.072105797945));
#11938 = SURFACE_CURVE('',#11939,(#11943,#11950),.PCURVE_S1.);
#11939 = LINE('',#11940,#11941);
#11940 = CARTESIAN_POINT('',(82.16700446619,305.,88.599285420669));
#11941 = VECTOR('',#11942,1.);
#11942 = DIRECTION('',(0.623489801859,0.,0.781831482468));
#11943 = PCURVE('',#11875,#11944);
#11944 = DEFINITIONAL_REPRESENTATION('',(#11945),#11949);
#11945 = LINE('',#11946,#11947);
#11946 = CARTESIAN_POINT('',(0.,-280.));
#11947 = VECTOR('',#11948,1.);
#11948 = DIRECTION('',(1.,0.));
#11949 = ( GEOMETRIC_REPRESENTATION_CONTEXT(2) 
PARAMETRIC_REPRESENTATION_CONTEXT() REPRESENTATION_CONTEXT('2D SPACE',''
  ) );
#11950 = PCURVE('',#11794,#11951);
#11951 = DEFINITIONAL_REPRESENTATION('',(#11952),#11956);
#11952 = LINE('',#11953,#11954);
#11953 = CARTESIAN_POINT('',(0.,18.));
#11954 = VECTOR('',#11955,1.);
#11955 = DIRECTION('',(1.,0.));
#11956 = ( GEOMETRIC_REPRESENTATION_CONTEXT(2) 
PARAMETRIC_REPRESENTATION_CONTEXT() REPRESENTATION_CONTEXT('2D SPACE',''
  ) );
#11957 = ORIENTED_EDGE('',*,*,#11958,.F.);
#11958 = EDGE_CURVE('',#11912,#11936,#11959,.T.);
#11959 = SURFACE_CURVE('',#11960,(#11964,#11971),.PCURVE_S1.);
#11960 = LINE('',#11961,#11962);
#11961 = CARTESIAN_POINT('',(86.531433079201,25.,94.072105797945));
#11962 = VECTOR('',#11963,1.);
#11963 = DIRECTION('',(0.,1.,0.));
#11964 = PCURVE('',#11875,#11965);
#11965 = DEFINITIONAL_REPRESENTATION('',(#11966),#11970);
#11966 = LINE('',#11967,#11968);
#11967 = CARTESIAN_POINT('',(7.,0.));
#11968 = VECTOR('',#11969,1.);
#11969 = DIRECTION('',(0.,-1.));
#11970 = ( GEOMETRIC_REPRESENTATION_CONTEXT(2) 
PARAMETRIC_REPRESENTATION_CONTEXT() REPRESENTATION_CONTEXT('2D SPACE',''
  ) );
#11971 = PCURVE('',#11820,#11972);
#11972 = DEFINITIONAL_REPRESENTATION('',(#11973),#11977);
#11973 = LINE('',#11974,#11975);
#11974 = CARTESIAN_POINT('',(18.,0.));
#11975 = VECTOR('',#11976,1.);
#11976 = DIRECTION('',(0.,1.));
#11977 = ( GEOMETRIC_REPRESENTATION_CONTEXT(2) 
PARAMETRIC_REPRESENTATION_CONTEXT() REPRESENTATION_CONTEXT('2D SPACE',''
  ) );
#11978 = ADVANCED_FACE('',(#11979),#11794,.T.);
#11979 = FACE_BOUND('',#11980,.T.);
#11980 = EDGE_LOOP('',(#11981,#11982,#11983,#12004));
#11981 = ORIENTED_EDGE('',*,*,#11887,.F.);
#11982 = ORIENTED_EDGE('',*,*,#11778,.T.);
#11983 = ORIENTED_EDGE('',*,*,#11984,.T.);
#11984 = EDGE_CURVE('',#11779,#11936,#11985,.T.);
#11985 = SURFACE_CURVE('',#11986,(#11990,#11997),.PCURVE_S1.);
#11986 = LINE('',#11987,#11988);
#11987 = CARTESIAN_POINT('',(72.458466394776,305.,105.2949222314));
#11988 = VECTOR('',#11989,1.);
#11989 = DIRECTION('',(0.781831482468,0.,-0.623489801859));
#11990 = PCURVE('',#11794,#11991);
#11991 = DEFINITIONAL_REPRESENTATION('',(#11992),#11996);
#11992 = LINE('',#11993,#11994);
#11993 = CARTESIAN_POINT('',(7.,0.));
#11994 = VECTOR('',#11995,1.);
#11995 = DIRECTION('',(0.,1.));
#11996 = ( GEOMETRIC_REPRESENTATION_CONTEXT(2) 
PARAMETRIC_REPRESENTATION_CONTEXT() REPRESENTATION_CONTEXT('2D SPACE',''
  ) );
#11997 = PCURVE('',#11820,#11998);
#11998 = DEFINITIONAL_REPRESENTATION('',(#11999),#12003);
#11999 = LINE('',#12000,#12001);
#12000 = CARTESIAN_POINT('',(0.,280.));
#12001 = VECTOR('',#12002,1.);
#12002 = DIRECTION('',(1.,0.));
#12003 = ( GEOMETRIC_REPRESENTATION_CONTEXT(2) 
PARAMETRIC_REPRESENTATION_CONTEXT() REPRESENTATION_CONTEXT('2D SPACE',''
  ) );
#12004 = ORIENTED_EDGE('',*,*,#11935,.F.);
#12005 = ADVANCED_FACE('',(#12006),#11820,.T.);
#12006 = FACE_BOUND('',#12007,.T.);
#12007 = EDGE_LOOP('',(#12008,#12009,#12030,#12031));
#12008 = ORIENTED_EDGE('',*,*,#11806,.F.);
#12009 = ORIENTED_EDGE('',*,*,#12010,.T.);
#12010 = EDGE_CURVE('',#11718,#11912,#12011,.T.);
#12011 = SURFACE_CURVE('',#12012,(#12016,#12023),.PCURVE_S1.);
#12012 = LINE('',#12013,#12014);
#12013 = CARTESIAN_POINT('',(72.458466394776,25.,105.2949222314));
#12014 = VECTOR('',#12015,1.);
#12015 = DIRECTION('',(0.781831482468,0.,-0.623489801859));
#12016 = PCURVE('',#11820,#12017);
#12017 = DEFINITIONAL_REPRESENTATION('',(#12018),#12022);
#12018 = LINE('',#12019,#12020);
#12019 = CARTESIAN_POINT('',(0.,0.));
#12020 = VECTOR('',#12021,1.);
#12021 = DIRECTION('',(1.,0.));
#12022 = ( GEOMETRIC_REPRESENTATION_CONTEXT(2) 
PARAMETRIC_REPRESENTATION_CONTEXT() REPRESENTATION_CONTEXT('2D SPACE',''
  ) );
#12023 = PCURVE('',#11738,#12024);
#12024 = DEFINITIONAL_REPRESENTATION('',(#12025),#12029);
#12025 = LINE('',#12026,#12027);
#12026 = CARTESIAN_POINT('',(7.,0.));
#12027 = VECTOR('',#12028,1.);
#12028 = DIRECTION('',(0.,1.));
#12029 = ( GEOMETRIC_REPRESENTATION_CONTEXT(2) 
PARAMETRIC_REPRESENTATION_CONTEXT() REPRESENTATION_CONTEXT('2D SPACE',''
  ) );
#12030 = ORIENTED_EDGE('',*,*,#11958,.T.);
#12031 = ORIENTED_EDGE('',*,*,#11984,.F.);
#12032 = ADVANCED_FACE('',(#12033),#11738,.F.);
#12033 = FACE_BOUND('',#12034,.F.);
#12034 = EDGE_LOOP('',(#12035,#12036,#12037,#12038));
#12035 = ORIENTED_EDGE('',*,*,#11836,.F.);
#12036 = ORIENTED_EDGE('',*,*,#11715,.T.);
#12037 = ORIENTED_EDGE('',*,*,#12010,.T.);
#12038 = ORIENTED_EDGE('',*,*,#11911,.F.);
#12039 = MANIFOLD_SOLID_BREP('',#12040);
#12040 = CLOSED_SHELL('',(#12041,#12161,#12237,#12308,#12335,#12362));
#12041 = ADVANCED_FACE('',(#12042),#12056,.F.);
#12042 = FACE_BOUND('',#12043,.F.);
#12043 = EDGE_LOOP('',(#12044,#12079,#12107,#12135));
#12044 = ORIENTED_EDGE('',*,*,#12045,.F.);
#12045 = EDGE_CURVE('',#12046,#12048,#12050,.T.);
#12046 = VERTEX_POINT('',#12047);
#12047 = CARTESIAN_POINT('',(88.599285420669,25.,82.16700446619));
#12048 = VERTEX_POINT('',#12049);
#12049 = CARTESIAN_POINT('',(94.072105797945,25.,86.531433079201));
#12050 = SURFACE_CURVE('',#12051,(#12055,#12067),.PCURVE_S1.);
#12051 = LINE('',#12052,#12053);
#12052 = CARTESIAN_POINT('',(88.599285420669,25.,82.16700446619));
#12053 = VECTOR('',#12054,1.);
#12054 = DIRECTION('',(0.781831482468,0.,0.623489801859));
#12055 = PCURVE('',#12056,#12061);
#12056 = PLANE('',#12057);
#12057 = AXIS2_PLACEMENT_3D('',#12058,#12059,#12060);
#12058 = CARTESIAN_POINT('',(88.599285420669,25.,82.16700446619));
#12059 = DIRECTION('',(0.623489801859,0.,-0.781831482468));
#12060 = DIRECTION('',(0.781831482468,0.,0.623489801859));
#12061 = DEFINITIONAL_REPRESENTATION('',(#12062),#12066);
#12062 = LINE('',#12063,#12064);
#12063 = CARTESIAN_POINT('',(0.,0.));
#12064 = VECTOR('',#12065,1.);
#12065 = DIRECTION('',(1.,0.));
#12066 = ( GEOMETRIC_REPRESENTATION_CONTEXT(2) 
PARAMETRIC_REPRESENTATION_CONTEXT() REPRESENTATION_CONTEXT('2D SPACE',''
  ) );
#12067 = PCURVE('',#12068,#12073);
#12068 = PLANE('',#12069);
#12069 = AXIS2_PLACEMENT_3D('',#12070,#12071,#12072);
#12070 = CARTESIAN_POINT('',(88.599285420669,25.,82.16700446619));
#12071 = DIRECTION('',(0.,1.,0.));
#12072 = DIRECTION('',(0.781831482468,0.,0.623489801859));
#12073 = DEFINITIONAL_REPRESENTATION('',(#12074),#12078);
#12074 = LINE('',#12075,#12076);
#12075 = CARTESIAN_POINT('',(0.,0.));
#12076 = VECTOR('',#12077,1.);
#12077 = DIRECTION('',(1.,0.));
#12078 = ( GEOMETRIC_REPRESENTATION_CONTEXT(2) 
PARAMETRIC_REPRESENTATION_CONTEXT() REPRESENTATION_CONTEXT('2D SPACE',''
  ) );
#12079 = ORIENTED_EDGE('',*,*,#12080,.T.);
#12080 = EDGE_CURVE('',#12046,#12081,#12083,.T.);
#12081 = VERTEX_POINT('',#12082);
#12082 = CARTESIAN_POINT('',(88.599285420669,305.,82.16700446619));
#12083 = SURFACE_CURVE('',#12084,(#12088,#12095),.PCURVE_S1.);
#12084 = LINE('',#12085,#12086);
#12085 = CARTESIAN_POINT('',(88.599285420669,25.,82.16700446619));
#12086 = VECTOR('',#12087,1.);
#12087 = DIRECTION('',(0.,1.,0.));
#12088 = PCURVE('',#12056,#12089);
#12089 = DEFINITIONAL_REPRESENTATION('',(#12090),#12094);
#12090 = LINE('',#12091,#12092);
#12091 = CARTESIAN_POINT('',(0.,0.));
#12092 = VECTOR('',#12093,1.);
#12093 = DIRECTION('',(0.,-1.));
#12094 = ( GEOMETRIC_REPRESENTATION_CONTEXT(2) 
PARAMETRIC_REPRESENTATION_CONTEXT() REPRESENTATION_CONTEXT('2D SPACE',''
  ) );
#12095 = PCURVE('',#12096,#12101);
#12096 = PLANE('',#12097);
#12097 = AXIS2_PLACEMENT_3D('',#12098,#12099,#12100);
#12098 = CARTESIAN_POINT('',(88.599285420669,25.,82.16700446619));
#12099 = DIRECTION('',(0.781831482468,0.,0.623489801859));
#12100 = DIRECTION('',(0.623489801859,0.,-0.781831482468));
#12101 = DEFINITIONAL_REPRESENTATION('',(#12102),#12106);
#12102 = LINE('',#12103,#12104);
#12103 = CARTESIAN_POINT('',(0.,0.));
#12104 = VECTOR('',#12105,1.);
#12105 = DIRECTION('',(0.,1.));
#12106 = ( GEOMETRIC_REPRESENTATION_CONTEXT(2) 
PARAMETRIC_REPRESENTATION_CONTEXT() REPRESENTATION_CONTEXT('2D SPACE',''
  ) );
#12107 = ORIENTED_EDGE('',*,*,#12108,.T.);
#12108 = EDGE_CURVE('',#12081,#12109,#12111,.T.);
#12109 = VERTEX_POINT('',#12110);
#12110 = CARTESIAN_POINT('',(94.072105797945,305.,86.531433079201));
#12111 = SURFACE_CURVE('',#12112,(#12116,#12123),.PCURVE_S1.);
#12112 = LINE('',#12113,#12114);
#12113 = CARTESIAN_POINT('',(88.599285420669,305.,82.16700446619));
#12114 = VECTOR('',#12115,1.);
#12115 = DIRECTION('',(0.781831482468,0.,0.623489801859));
#12116 = PCURVE('',#12056,#12117);
#12117 = DEFINITIONAL_REPRESENTATION('',(#12118),#12122);
#12118 = LINE('',#12119,#12120);
#12119 = CARTESIAN_POINT('',(0.,-280.));
#12120 = VECTOR('',#12121,1.);
#12121 = DIRECTION('',(1.,0.));
#12122 = ( GEOMETRIC_REPRESENTATION_CONTEXT(2) 
PARAMETRIC_REPRESENTATION_CONTEXT() REPRESENTATION_CONTEXT('2D SPACE',''
  ) );
#12123 = PCURVE('',#12124,#12129);
#12124 = PLANE('',#12125);
#12125 = AXIS2_PLACEMENT_3D('',#12126,#12127,#12128);
#12126 = CARTESIAN_POINT('',(88.599285420669,305.,82.16700446619));
#12127 = DIRECTION('',(0.,1.,0.));
#12128 = DIRECTION('',(0.781831482468,0.,0.623489801859));
#12129 = DEFINITIONAL_REPRESENTATION('',(#12130),#12134);
#12130 = LINE('',#12131,#12132);
#12131 = CARTESIAN_POINT('',(0.,0.));
#12132 = VECTOR('',#12133,1.);
#12133 = DIRECTION('',(1.,0.));
#12134 = ( GEOMETRIC_REPRESENTATION_CONTEXT(2) 
PARAMETRIC_REPRESENTATION_CONTEXT() REPRESENTATION_CONTEXT('2D SPACE',''
  ) );
#12135 = ORIENTED_EDGE('',*,*,#12136,.F.);
#12136 = EDGE_CURVE('',#12048,#12109,#12137,.T.);
#12137 = SURFACE_CURVE('',#12138,(#12142,#12149),.PCURVE_S1.);
#12138 = LINE('',#12139,#12140);
#12139 = CARTESIAN_POINT('',(94.072105797945,25.,86.531433079201));
#12140 = VECTOR('',#12141,1.);
#12141 = DIRECTION('',(0.,1.,0.));
#12142 = PCURVE('',#12056,#12143);
#12143 = DEFINITIONAL_REPRESENTATION('',(#12144),#12148);
#12144 = LINE('',#12145,#12146);
#12145 = CARTESIAN_POINT('',(7.,0.));
#12146 = VECTOR('',#12147,1.);
#12147 = DIRECTION('',(0.,-1.));
#12148 = ( GEOMETRIC_REPRESENTATION_CONTEXT(2) 
PARAMETRIC_REPRESENTATION_CONTEXT() REPRESENTATION_CONTEXT('2D SPACE',''
  ) );
#12149 = PCURVE('',#12150,#12155);
#12150 = PLANE('',#12151);
#12151 = AXIS2_PLACEMENT_3D('',#12152,#12153,#12154);
#12152 = CARTESIAN_POINT('',(94.072105797945,25.,86.531433079201));
#12153 = DIRECTION('',(0.781831482468,0.,0.623489801859));
#12154 = DIRECTION('',(0.623489801859,0.,-0.781831482468));
#12155 = DEFINITIONAL_REPRESENTATION('',(#12156),#12160);
#12156 = LINE('',#12157,#12158);
#12157 = CARTESIAN_POINT('',(0.,0.));
#12158 = VECTOR('',#12159,1.);
#12159 = DIRECTION('',(0.,1.));
#12160 = ( GEOMETRIC_REPRESENTATION_CONTEXT(2) 
PARAMETRIC_REPRESENTATION_CONTEXT() REPRESENTATION_CONTEXT('2D SPACE',''
  ) );
#12161 = ADVANCED_FACE('',(#12162),#12096,.F.);
#12162 = FACE_BOUND('',#12163,.F.);
#12163 = EDGE_LOOP('',(#12164,#12165,#12188,#12216));
#12164 = ORIENTED_EDGE('',*,*,#12080,.F.);
#12165 = ORIENTED_EDGE('',*,*,#12166,.T.);
#12166 = EDGE_CURVE('',#12046,#12167,#12169,.T.);
#12167 = VERTEX_POINT('',#12168);
#12168 = CARTESIAN_POINT('',(99.822101854126,25.,68.094037781765));
#12169 = SURFACE_CURVE('',#12170,(#12174,#12181),.PCURVE_S1.);
#12170 = LINE('',#12171,#12172);
#12171 = CARTESIAN_POINT('',(88.599285420669,25.,82.16700446619));
#12172 = VECTOR('',#12173,1.);
#12173 = DIRECTION('',(0.623489801859,0.,-0.781831482468));
#12174 = PCURVE('',#12096,#12175);
#12175 = DEFINITIONAL_REPRESENTATION('',(#12176),#12180);
#12176 = LINE('',#12177,#12178);
#12177 = CARTESIAN_POINT('',(0.,0.));
#12178 = VECTOR('',#12179,1.);
#12179 = DIRECTION('',(1.,0.));
#12180 = ( GEOMETRIC_REPRESENTATION_CONTEXT(2) 
PARAMETRIC_REPRESENTATION_CONTEXT() REPRESENTATION_CONTEXT('2D SPACE',''
  ) );
#12181 = PCURVE('',#12068,#12182);
#12182 = DEFINITIONAL_REPRESENTATION('',(#12183),#12187);
#12183 = LINE('',#12184,#12185);
#12184 = CARTESIAN_POINT('',(0.,0.));
#12185 = VECTOR('',#12186,1.);
#12186 = DIRECTION('',(0.,1.));
#12187 = ( GEOMETRIC_REPRESENTATION_CONTEXT(2) 
PARAMETRIC_REPRESENTATION_CONTEXT() REPRESENTATION_CONTEXT('2D SPACE',''
  ) );
#12188 = ORIENTED_EDGE('',*,*,#12189,.T.);
#12189 = EDGE_CURVE('',#12167,#12190,#12192,.T.);
#12190 = VERTEX_POINT('',#12191);
#12191 = CARTESIAN_POINT('',(99.822101854126,305.,68.094037781765));
#12192 = SURFACE_CURVE('',#12193,(#12197,#12204),.PCURVE_S1.);
#12193 = LINE('',#12194,#12195);
#12194 = CARTESIAN_POINT('',(99.822101854126,25.,68.094037781765));
#12195 = VECTOR('',#12196,1.);
#12196 = DIRECTION('',(0.,1.,0.));
#12197 = PCURVE('',#12096,#12198);
#12198 = DEFINITIONAL_REPRESENTATION('',(#12199),#12203);
#12199 = LINE('',#12200,#12201);
#12200 = CARTESIAN_POINT('',(18.,0.));
#12201 = VECTOR('',#12202,1.);
#12202 = DIRECTION('',(0.,1.));
#12203 = ( GEOMETRIC_REPRESENTATION_CONTEXT(2) 
PARAMETRIC_REPRESENTATION_CONTEXT() REPRESENTATION_CONTEXT('2D SPACE',''
  ) );
#12204 = PCURVE('',#12205,#12210);
#12205 = PLANE('',#12206);
#12206 = AXIS2_PLACEMENT_3D('',#12207,#12208,#12209);
#12207 = CARTESIAN_POINT('',(99.822101854126,25.,68.094037781765));
#12208 = DIRECTION('',(0.623489801859,0.,-0.781831482468));
#12209 = DIRECTION('',(0.781831482468,0.,0.623489801859));
#12210 = DEFINITIONAL_REPRESENTATION('',(#12211),#12215);
#12211 = LINE('',#12212,#12213);
#12212 = CARTESIAN_POINT('',(0.,0.));
#12213 = VECTOR('',#12214,1.);
#12214 = DIRECTION('',(0.,-1.));
#12215 = ( GEOMETRIC_REPRESENTATION_CONTEXT(2) 
PARAMETRIC_REPRESENTATION_CONTEXT() REPRESENTATION_CONTEXT('2D SPACE',''
  ) );
#12216 = ORIENTED_EDGE('',*,*,#12217,.F.);
#12217 = EDGE_CURVE('',#12081,#12190,#12218,.T.);
#12218 = SURFACE_CURVE('',#12219,(#12223,#12230),.PCURVE_S1.);
#12219 = LINE('',#12220,#12221);
#12220 = CARTESIAN_POINT('',(88.599285420669,305.,82.16700446619));
#12221 = VECTOR('',#12222,1.);
#12222 = DIRECTION('',(0.623489801859,0.,-0.781831482468));
#12223 = PCURVE('',#12096,#12224);
#12224 = DEFINITIONAL_REPRESENTATION('',(#12225),#12229);
#12225 = LINE('',#12226,#12227);
#12226 = CARTESIAN_POINT('',(0.,280.));
#12227 = VECTOR('',#12228,1.);
#12228 = DIRECTION('',(1.,0.));
#12229 = ( GEOMETRIC_REPRESENTATION_CONTEXT(2) 
PARAMETRIC_REPRESENTATION_CONTEXT() REPRESENTATION_CONTEXT('2D SPACE',''
  ) );
#12230 = PCURVE('',#12124,#12231);
#12231 = DEFINITIONAL_REPRESENTATION('',(#12232),#12236);
#12232 = LINE('',#12233,#12234);
#12233 = CARTESIAN_POINT('',(0.,0.));
#12234 = VECTOR('',#12235,1.);
#12235 = DIRECTION('',(0.,1.));
#12236 = ( GEOMETRIC_REPRESENTATION_CONTEXT(2) 
PARAMETRIC_REPRESENTATION_CONTEXT() REPRESENTATION_CONTEXT('2D SPACE',''
  ) );
#12237 = ADVANCED_FACE('',(#12238),#12205,.T.);
#12238 = FACE_BOUND('',#12239,.T.);
#12239 = EDGE_LOOP('',(#12240,#12263,#12264,#12287));
#12240 = ORIENTED_EDGE('',*,*,#12241,.F.);
#12241 = EDGE_CURVE('',#12167,#12242,#12244,.T.);
#12242 = VERTEX_POINT('',#12243);
#12243 = CARTESIAN_POINT('',(105.2949222314,25.,72.458466394776));
#12244 = SURFACE_CURVE('',#12245,(#12249,#12256),.PCURVE_S1.);
#12245 = LINE('',#12246,#12247);
#12246 = CARTESIAN_POINT('',(99.822101854126,25.,68.094037781765));
#12247 = VECTOR('',#12248,1.);
#12248 = DIRECTION('',(0.781831482468,0.,0.623489801859));
#12249 = PCURVE('',#12205,#12250);
#12250 = DEFINITIONAL_REPRESENTATION('',(#12251),#12255);
#12251 = LINE('',#12252,#12253);
#12252 = CARTESIAN_POINT('',(0.,0.));
#12253 = VECTOR('',#12254,1.);
#12254 = DIRECTION('',(1.,0.));
#12255 = ( GEOMETRIC_REPRESENTATION_CONTEXT(2) 
PARAMETRIC_REPRESENTATION_CONTEXT() REPRESENTATION_CONTEXT('2D SPACE',''
  ) );
#12256 = PCURVE('',#12068,#12257);
#12257 = DEFINITIONAL_REPRESENTATION('',(#12258),#12262);
#12258 = LINE('',#12259,#12260);
#12259 = CARTESIAN_POINT('',(0.,18.));
#12260 = VECTOR('',#12261,1.);
#12261 = DIRECTION('',(1.,0.));
#12262 = ( GEOMETRIC_REPRESENTATION_CONTEXT(2) 
PARAMETRIC_REPRESENTATION_CONTEXT() REPRESENTATION_CONTEXT('2D SPACE',''
  ) );
#12263 = ORIENTED_EDGE('',*,*,#12189,.T.);
#12264 = ORIENTED_EDGE('',*,*,#12265,.T.);
#12265 = EDGE_CURVE('',#12190,#12266,#12268,.T.);
#12266 = VERTEX_POINT('',#12267);
#12267 = CARTESIAN_POINT('',(105.2949222314,305.,72.458466394776));
#12268 = SURFACE_CURVE('',#12269,(#12273,#12280),.PCURVE_S1.);
#12269 = LINE('',#12270,#12271);
#12270 = CARTESIAN_POINT('',(99.822101854126,305.,68.094037781765));
#12271 = VECTOR('',#12272,1.);
#12272 = DIRECTION('',(0.781831482468,0.,0.623489801859));
#12273 = PCURVE('',#12205,#12274);
#12274 = DEFINITIONAL_REPRESENTATION('',(#12275),#12279);
#12275 = LINE('',#12276,#12277);
#12276 = CARTESIAN_POINT('',(0.,-280.));
#12277 = VECTOR('',#12278,1.);
#12278 = DIRECTION('',(1.,0.));
#12279 = ( GEOMETRIC_REPRESENTATION_CONTEXT(2) 
PARAMETRIC_REPRESENTATION_CONTEXT() REPRESENTATION_CONTEXT('2D SPACE',''
  ) );
#12280 = PCURVE('',#12124,#12281);
#12281 = DEFINITIONAL_REPRESENTATION('',(#12282),#12286);
#12282 = LINE('',#12283,#12284);
#12283 = CARTESIAN_POINT('',(0.,18.));
#12284 = VECTOR('',#12285,1.);
#12285 = DIRECTION('',(1.,0.));
#12286 = ( GEOMETRIC_REPRESENTATION_CONTEXT(2) 
PARAMETRIC_REPRESENTATION_CONTEXT() REPRESENTATION_CONTEXT('2D SPACE',''
  ) );
#12287 = ORIENTED_EDGE('',*,*,#12288,.F.);
#12288 = EDGE_CURVE('',#12242,#12266,#12289,.T.);
#12289 = SURFACE_CURVE('',#12290,(#12294,#12301),.PCURVE_S1.);
#12290 = LINE('',#12291,#12292);
#12291 = CARTESIAN_POINT('',(105.2949222314,25.,72.458466394776));
#12292 = VECTOR('',#12293,1.);
#12293 = DIRECTION('',(0.,1.,0.));
#12294 = PCURVE('',#12205,#12295);
#12295 = DEFINITIONAL_REPRESENTATION('',(#12296),#12300);
#12296 = LINE('',#12297,#12298);
#12297 = CARTESIAN_POINT('',(7.,0.));
#12298 = VECTOR('',#12299,1.);
#12299 = DIRECTION('',(0.,-1.));
#12300 = ( GEOMETRIC_REPRESENTATION_CONTEXT(2) 
PARAMETRIC_REPRESENTATION_CONTEXT() REPRESENTATION_CONTEXT('2D SPACE',''
  ) );
#12301 = PCURVE('',#12150,#12302);
#12302 = DEFINITIONAL_REPRESENTATION('',(#12303),#12307);
#12303 = LINE('',#12304,#12305);
#12304 = CARTESIAN_POINT('',(18.,0.));
#12305 = VECTOR('',#12306,1.);
#12306 = DIRECTION('',(0.,1.));
#12307 = ( GEOMETRIC_REPRESENTATION_CONTEXT(2) 
PARAMETRIC_REPRESENTATION_CONTEXT() REPRESENTATION_CONTEXT('2D SPACE',''
  ) );
#12308 = ADVANCED_FACE('',(#12309),#12124,.T.);
#12309 = FACE_BOUND('',#12310,.T.);
#12310 = EDGE_LOOP('',(#12311,#12312,#12313,#12334));
#12311 = ORIENTED_EDGE('',*,*,#12217,.F.);
#12312 = ORIENTED_EDGE('',*,*,#12108,.T.);
#12313 = ORIENTED_EDGE('',*,*,#12314,.T.);
#12314 = EDGE_CURVE('',#12109,#12266,#12315,.T.);
#12315 = SURFACE_CURVE('',#12316,(#12320,#12327),.PCURVE_S1.);
#12316 = LINE('',#12317,#12318);
#12317 = CARTESIAN_POINT('',(94.072105797945,305.,86.531433079201));
#12318 = VECTOR('',#12319,1.);
#12319 = DIRECTION('',(0.623489801859,0.,-0.781831482468));
#12320 = PCURVE('',#12124,#12321);
#12321 = DEFINITIONAL_REPRESENTATION('',(#12322),#12326);
#12322 = LINE('',#12323,#12324);
#12323 = CARTESIAN_POINT('',(7.,0.));
#12324 = VECTOR('',#12325,1.);
#12325 = DIRECTION('',(0.,1.));
#12326 = ( GEOMETRIC_REPRESENTATION_CONTEXT(2) 
PARAMETRIC_REPRESENTATION_CONTEXT() REPRESENTATION_CONTEXT('2D SPACE',''
  ) );
#12327 = PCURVE('',#12150,#12328);
#12328 = DEFINITIONAL_REPRESENTATION('',(#12329),#12333);
#12329 = LINE('',#12330,#12331);
#12330 = CARTESIAN_POINT('',(0.,280.));
#12331 = VECTOR('',#12332,1.);
#12332 = DIRECTION('',(1.,0.));
#12333 = ( GEOMETRIC_REPRESENTATION_CONTEXT(2) 
PARAMETRIC_REPRESENTATION_CONTEXT() REPRESENTATION_CONTEXT('2D SPACE',''
  ) );
#12334 = ORIENTED_EDGE('',*,*,#12265,.F.);
#12335 = ADVANCED_FACE('',(#12336),#12150,.T.);
#12336 = FACE_BOUND('',#12337,.T.);
#12337 = EDGE_LOOP('',(#12338,#12339,#12360,#12361));
#12338 = ORIENTED_EDGE('',*,*,#12136,.F.);
#12339 = ORIENTED_EDGE('',*,*,#12340,.T.);
#12340 = EDGE_CURVE('',#12048,#12242,#12341,.T.);
#12341 = SURFACE_CURVE('',#12342,(#12346,#12353),.PCURVE_S1.);
#12342 = LINE('',#12343,#12344);
#12343 = CARTESIAN_POINT('',(94.072105797945,25.,86.531433079201));
#12344 = VECTOR('',#12345,1.);
#12345 = DIRECTION('',(0.623489801859,0.,-0.781831482468));
#12346 = PCURVE('',#12150,#12347);
#12347 = DEFINITIONAL_REPRESENTATION('',(#12348),#12352);
#12348 = LINE('',#12349,#12350);
#12349 = CARTESIAN_POINT('',(0.,0.));
#12350 = VECTOR('',#12351,1.);
#12351 = DIRECTION('',(1.,0.));
#12352 = ( GEOMETRIC_REPRESENTATION_CONTEXT(2) 
PARAMETRIC_REPRESENTATION_CONTEXT() REPRESENTATION_CONTEXT('2D SPACE',''
  ) );
#12353 = PCURVE('',#12068,#12354);
#12354 = DEFINITIONAL_REPRESENTATION('',(#12355),#12359);
#12355 = LINE('',#12356,#12357);
#12356 = CARTESIAN_POINT('',(7.,0.));
#12357 = VECTOR('',#12358,1.);
#12358 = DIRECTION('',(0.,1.));
#12359 = ( GEOMETRIC_REPRESENTATION_CONTEXT(2) 
PARAMETRIC_REPRESENTATION_CONTEXT() REPRESENTATION_CONTEXT('2D SPACE',''
  ) );
#12360 = ORIENTED_EDGE('',*,*,#12288,.T.);
#12361 = ORIENTED_EDGE('',*,*,#12314,.F.);
#12362 = ADVANCED_FACE('',(#12363),#12068,.F.);
#12363 = FACE_BOUND('',#12364,.F.);
#12364 = EDGE_LOOP('',(#12365,#12366,#12367,#12368));
#12365 = ORIENTED_EDGE('',*,*,#12166,.F.);
#12366 = ORIENTED_EDGE('',*,*,#12045,.T.);
#12367 = ORIENTED_EDGE('',*,*,#12340,.T.);
#12368 = ORIENTED_EDGE('',*,*,#12241,.F.);
#12369 = MANIFOLD_SOLID_BREP('',#12370);
#12370 = CLOSED_SHELL('',(#12371,#12491,#12567,#12638,#12665,#12692));
#12371 = ADVANCED_FACE('',(#12372),#12386,.F.);
#12372 = FACE_BOUND('',#12373,.F.);
#12373 = EDGE_LOOP('',(#12374,#12409,#12437,#12465));
#12374 = ORIENTED_EDGE('',*,*,#12375,.F.);
#12375 = EDGE_CURVE('',#12376,#12378,#12380,.T.);
#12376 = VERTEX_POINT('',#12377);
#12377 = CARTESIAN_POINT('',(104.66179493018,25.,60.391710374787));
#12378 = VERTEX_POINT('',#12379);
#12379 = CARTESIAN_POINT('',(110.9685770055,25.,63.42889654861));
#12380 = SURFACE_CURVE('',#12381,(#12385,#12397),.PCURVE_S1.);
#12381 = LINE('',#12382,#12383);
#12382 = CARTESIAN_POINT('',(104.66179493018,25.,60.391710374787));
#12383 = VECTOR('',#12384,1.);
#12384 = DIRECTION('',(0.900968867902,0.,0.433883739118));
#12385 = PCURVE('',#12386,#12391);
#12386 = PLANE('',#12387);
#12387 = AXIS2_PLACEMENT_3D('',#12388,#12389,#12390);
#12388 = CARTESIAN_POINT('',(104.66179493018,25.,60.391710374787));
#12389 = DIRECTION('',(0.433883739118,0.,-0.900968867902));
#12390 = DIRECTION('',(0.900968867902,0.,0.433883739118));
#12391 = DEFINITIONAL_REPRESENTATION('',(#12392),#12396);
#12392 = LINE('',#12393,#12394);
#12393 = CARTESIAN_POINT('',(0.,0.));
#12394 = VECTOR('',#12395,1.);
#12395 = DIRECTION('',(1.,0.));
#12396 = ( GEOMETRIC_REPRESENTATION_CONTEXT(2) 
PARAMETRIC_REPRESENTATION_CONTEXT() REPRESENTATION_CONTEXT('2D SPACE',''
  ) );
#12397 = PCURVE('',#12398,#12403);
#12398 = PLANE('',#12399);
#12399 = AXIS2_PLACEMENT_3D('',#12400,#12401,#12402);
#12400 = CARTESIAN_POINT('',(104.66179493018,25.,60.391710374787));
#12401 = DIRECTION('',(0.,1.,0.));
#12402 = DIRECTION('',(0.900968867902,0.,0.433883739118));
#12403 = DEFINITIONAL_REPRESENTATION('',(#12404),#12408);
#12404 = LINE('',#12405,#12406);
#12405 = CARTESIAN_POINT('',(0.,0.));
#12406 = VECTOR('',#12407,1.);
#12407 = DIRECTION('',(1.,0.));
#12408 = ( GEOMETRIC_REPRESENTATION_CONTEXT(2) 
PARAMETRIC_REPRESENTATION_CONTEXT() REPRESENTATION_CONTEXT('2D SPACE',''
  ) );
#12409 = ORIENTED_EDGE('',*,*,#12410,.T.);
#12410 = EDGE_CURVE('',#12376,#12411,#12413,.T.);
#12411 = VERTEX_POINT('',#12412);
#12412 = CARTESIAN_POINT('',(104.66179493018,305.,60.391710374787));
#12413 = SURFACE_CURVE('',#12414,(#12418,#12425),.PCURVE_S1.);
#12414 = LINE('',#12415,#12416);
#12415 = CARTESIAN_POINT('',(104.66179493018,25.,60.391710374787));
#12416 = VECTOR('',#12417,1.);
#12417 = DIRECTION('',(0.,1.,0.));
#12418 = PCURVE('',#12386,#12419);
#12419 = DEFINITIONAL_REPRESENTATION('',(#12420),#12424);
#12420 = LINE('',#12421,#12422);
#12421 = CARTESIAN_POINT('',(0.,0.));
#12422 = VECTOR('',#12423,1.);
#12423 = DIRECTION('',(0.,-1.));
#12424 = ( GEOMETRIC_REPRESENTATION_CONTEXT(2) 
PARAMETRIC_REPRESENTATION_CONTEXT() REPRESENTATION_CONTEXT('2D SPACE',''
  ) );
#12425 = PCURVE('',#12426,#12431);
#12426 = PLANE('',#12427);
#12427 = AXIS2_PLACEMENT_3D('',#12428,#12429,#12430);
#12428 = CARTESIAN_POINT('',(104.66179493018,25.,60.391710374787));
#12429 = DIRECTION('',(0.900968867902,0.,0.433883739118));
#12430 = DIRECTION('',(0.433883739118,0.,-0.900968867902));
#12431 = DEFINITIONAL_REPRESENTATION('',(#12432),#12436);
#12432 = LINE('',#12433,#12434);
#12433 = CARTESIAN_POINT('',(0.,0.));
#12434 = VECTOR('',#12435,1.);
#12435 = DIRECTION('',(0.,1.));
#12436 = ( GEOMETRIC_REPRESENTATION_CONTEXT(2) 
PARAMETRIC_REPRESENTATION_CONTEXT() REPRESENTATION_CONTEXT('2D SPACE',''
  ) );
#12437 = ORIENTED_EDGE('',*,*,#12438,.T.);
#12438 = EDGE_CURVE('',#12411,#12439,#12441,.T.);
#12439 = VERTEX_POINT('',#12440);
#12440 = CARTESIAN_POINT('',(110.9685770055,305.,63.42889654861));
#12441 = SURFACE_CURVE('',#12442,(#12446,#12453),.PCURVE_S1.);
#12442 = LINE('',#12443,#12444);
#12443 = CARTESIAN_POINT('',(104.66179493018,305.,60.391710374787));
#12444 = VECTOR('',#12445,1.);
#12445 = DIRECTION('',(0.900968867902,0.,0.433883739118));
#12446 = PCURVE('',#12386,#12447);
#12447 = DEFINITIONAL_REPRESENTATION('',(#12448),#12452);
#12448 = LINE('',#12449,#12450);
#12449 = CARTESIAN_POINT('',(0.,-280.));
#12450 = VECTOR('',#12451,1.);
#12451 = DIRECTION('',(1.,0.));
#12452 = ( GEOMETRIC_REPRESENTATION_CONTEXT(2) 
PARAMETRIC_REPRESENTATION_CONTEXT() REPRESENTATION_CONTEXT('2D SPACE',''
  ) );
#12453 = PCURVE('',#12454,#12459);
#12454 = PLANE('',#12455);
#12455 = AXIS2_PLACEMENT_3D('',#12456,#12457,#12458);
#12456 = CARTESIAN_POINT('',(104.66179493018,305.,60.391710374787));
#12457 = DIRECTION('',(0.,1.,0.));
#12458 = DIRECTION('',(0.900968867902,0.,0.433883739118));
#12459 = DEFINITIONAL_REPRESENTATION('',(#12460),#12464);
#12460 = LINE('',#12461,#12462);
#12461 = CARTESIAN_POINT('',(0.,0.));
#12462 = VECTOR('',#12463,1.);
#12463 = DIRECTION('',(1.,0.));
#12464 = ( GEOMETRIC_REPRESENTATION_CONTEXT(2) 
PARAMETRIC_REPRESENTATION_CONTEXT() REPRESENTATION_CONTEXT('2D SPACE',''
  ) );
#12465 = ORIENTED_EDGE('',*,*,#12466,.F.);
#12466 = EDGE_CURVE('',#12378,#12439,#12467,.T.);
#12467 = SURFACE_CURVE('',#12468,(#12472,#12479),.PCURVE_S1.);
#12468 = LINE('',#12469,#12470);
#12469 = CARTESIAN_POINT('',(110.9685770055,25.,63.42889654861));
#12470 = VECTOR('',#12471,1.);
#12471 = DIRECTION('',(0.,1.,0.));
#12472 = PCURVE('',#12386,#12473);
#12473 = DEFINITIONAL_REPRESENTATION('',(#12474),#12478);
#12474 = LINE('',#12475,#12476);
#12475 = CARTESIAN_POINT('',(7.,0.));
#12476 = VECTOR('',#12477,1.);
#12477 = DIRECTION('',(0.,-1.));
#12478 = ( GEOMETRIC_REPRESENTATION_CONTEXT(2) 
PARAMETRIC_REPRESENTATION_CONTEXT() REPRESENTATION_CONTEXT('2D SPACE',''
  ) );
#12479 = PCURVE('',#12480,#12485);
#12480 = PLANE('',#12481);
#12481 = AXIS2_PLACEMENT_3D('',#12482,#12483,#12484);
#12482 = CARTESIAN_POINT('',(110.9685770055,25.,63.42889654861));
#12483 = DIRECTION('',(0.900968867902,0.,0.433883739118));
#12484 = DIRECTION('',(0.433883739118,0.,-0.900968867902));
#12485 = DEFINITIONAL_REPRESENTATION('',(#12486),#12490);
#12486 = LINE('',#12487,#12488);
#12487 = CARTESIAN_POINT('',(0.,0.));
#12488 = VECTOR('',#12489,1.);
#12489 = DIRECTION('',(0.,1.));
#12490 = ( GEOMETRIC_REPRESENTATION_CONTEXT(2) 
PARAMETRIC_REPRESENTATION_CONTEXT() REPRESENTATION_CONTEXT('2D SPACE',''
  ) );
#12491 = ADVANCED_FACE('',(#12492),#12426,.F.);
#12492 = FACE_BOUND('',#12493,.F.);
#12493 = EDGE_LOOP('',(#12494,#12495,#12518,#12546));
#12494 = ORIENTED_EDGE('',*,*,#12410,.F.);
#12495 = ORIENTED_EDGE('',*,*,#12496,.T.);
#12496 = EDGE_CURVE('',#12376,#12497,#12499,.T.);
#12497 = VERTEX_POINT('',#12498);
#12498 = CARTESIAN_POINT('',(112.4717022343,25.,44.174270752544));
#12499 = SURFACE_CURVE('',#12500,(#12504,#12511),.PCURVE_S1.);
#12500 = LINE('',#12501,#12502);
#12501 = CARTESIAN_POINT('',(104.66179493018,25.,60.391710374787));
#12502 = VECTOR('',#12503,1.);
#12503 = DIRECTION('',(0.433883739118,0.,-0.900968867902));
#12504 = PCURVE('',#12426,#12505);
#12505 = DEFINITIONAL_REPRESENTATION('',(#12506),#12510);
#12506 = LINE('',#12507,#12508);
#12507 = CARTESIAN_POINT('',(0.,0.));
#12508 = VECTOR('',#12509,1.);
#12509 = DIRECTION('',(1.,0.));
#12510 = ( GEOMETRIC_REPRESENTATION_CONTEXT(2) 
PARAMETRIC_REPRESENTATION_CONTEXT() REPRESENTATION_CONTEXT('2D SPACE',''
  ) );
#12511 = PCURVE('',#12398,#12512);
#12512 = DEFINITIONAL_REPRESENTATION('',(#12513),#12517);
#12513 = LINE('',#12514,#12515);
#12514 = CARTESIAN_POINT('',(0.,0.));
#12515 = VECTOR('',#12516,1.);
#12516 = DIRECTION('',(0.,1.));
#12517 = ( GEOMETRIC_REPRESENTATION_CONTEXT(2) 
PARAMETRIC_REPRESENTATION_CONTEXT() REPRESENTATION_CONTEXT('2D SPACE',''
  ) );
#12518 = ORIENTED_EDGE('',*,*,#12519,.T.);
#12519 = EDGE_CURVE('',#12497,#12520,#12522,.T.);
#12520 = VERTEX_POINT('',#12521);
#12521 = CARTESIAN_POINT('',(112.4717022343,305.,44.174270752544));
#12522 = SURFACE_CURVE('',#12523,(#12527,#12534),.PCURVE_S1.);
#12523 = LINE('',#12524,#12525);
#12524 = CARTESIAN_POINT('',(112.4717022343,25.,44.174270752544));
#12525 = VECTOR('',#12526,1.);
#12526 = DIRECTION('',(0.,1.,0.));
#12527 = PCURVE('',#12426,#12528);
#12528 = DEFINITIONAL_REPRESENTATION('',(#12529),#12533);
#12529 = LINE('',#12530,#12531);
#12530 = CARTESIAN_POINT('',(18.,0.));
#12531 = VECTOR('',#12532,1.);
#12532 = DIRECTION('',(0.,1.));
#12533 = ( GEOMETRIC_REPRESENTATION_CONTEXT(2) 
PARAMETRIC_REPRESENTATION_CONTEXT() REPRESENTATION_CONTEXT('2D SPACE',''
  ) );
#12534 = PCURVE('',#12535,#12540);
#12535 = PLANE('',#12536);
#12536 = AXIS2_PLACEMENT_3D('',#12537,#12538,#12539);
#12537 = CARTESIAN_POINT('',(112.4717022343,25.,44.174270752544));
#12538 = DIRECTION('',(0.433883739118,0.,-0.900968867902));
#12539 = DIRECTION('',(0.900968867902,0.,0.433883739118));
#12540 = DEFINITIONAL_REPRESENTATION('',(#12541),#12545);
#12541 = LINE('',#12542,#12543);
#12542 = CARTESIAN_POINT('',(0.,0.));
#12543 = VECTOR('',#12544,1.);
#12544 = DIRECTION('',(0.,-1.));
#12545 = ( GEOMETRIC_REPRESENTATION_CONTEXT(2) 
PARAMETRIC_REPRESENTATION_CONTEXT() REPRESENTATION_CONTEXT('2D SPACE',''
  ) );
#12546 = ORIENTED_EDGE('',*,*,#12547,.F.);
#12547 = EDGE_CURVE('',#12411,#12520,#12548,.T.);
#12548 = SURFACE_CURVE('',#12549,(#12553,#12560),.PCURVE_S1.);
#12549 = LINE('',#12550,#12551);
#12550 = CARTESIAN_POINT('',(104.66179493018,305.,60.391710374787));
#12551 = VECTOR('',#12552,1.);
#12552 = DIRECTION('',(0.433883739118,0.,-0.900968867902));
#12553 = PCURVE('',#12426,#12554);
#12554 = DEFINITIONAL_REPRESENTATION('',(#12555),#12559);
#12555 = LINE('',#12556,#12557);
#12556 = CARTESIAN_POINT('',(0.,280.));
#12557 = VECTOR('',#12558,1.);
#12558 = DIRECTION('',(1.,0.));
#12559 = ( GEOMETRIC_REPRESENTATION_CONTEXT(2) 
PARAMETRIC_REPRESENTATION_CONTEXT() REPRESENTATION_CONTEXT('2D SPACE',''
  ) );
#12560 = PCURVE('',#12454,#12561);
#12561 = DEFINITIONAL_REPRESENTATION('',(#12562),#12566);
#12562 = LINE('',#12563,#12564);
#12563 = CARTESIAN_POINT('',(0.,0.));
#12564 = VECTOR('',#12565,1.);
#12565 = DIRECTION('',(0.,1.));
#12566 = ( GEOMETRIC_REPRESENTATION_CONTEXT(2) 
PARAMETRIC_REPRESENTATION_CONTEXT() REPRESENTATION_CONTEXT('2D SPACE',''
  ) );
#12567 = ADVANCED_FACE('',(#12568),#12535,.T.);
#12568 = FACE_BOUND('',#12569,.T.);
#12569 = EDGE_LOOP('',(#12570,#12593,#12594,#12617));
#12570 = ORIENTED_EDGE('',*,*,#12571,.F.);
#12571 = EDGE_CURVE('',#12497,#12572,#12574,.T.);
#12572 = VERTEX_POINT('',#12573);
#12573 = CARTESIAN_POINT('',(118.77848430961,25.,47.211456926367));
#12574 = SURFACE_CURVE('',#12575,(#12579,#12586),.PCURVE_S1.);
#12575 = LINE('',#12576,#12577);
#12576 = CARTESIAN_POINT('',(112.4717022343,25.,44.174270752544));
#12577 = VECTOR('',#12578,1.);
#12578 = DIRECTION('',(0.900968867902,0.,0.433883739118));
#12579 = PCURVE('',#12535,#12580);
#12580 = DEFINITIONAL_REPRESENTATION('',(#12581),#12585);
#12581 = LINE('',#12582,#12583);
#12582 = CARTESIAN_POINT('',(0.,0.));
#12583 = VECTOR('',#12584,1.);
#12584 = DIRECTION('',(1.,0.));
#12585 = ( GEOMETRIC_REPRESENTATION_CONTEXT(2) 
PARAMETRIC_REPRESENTATION_CONTEXT() REPRESENTATION_CONTEXT('2D SPACE',''
  ) );
#12586 = PCURVE('',#12398,#12587);
#12587 = DEFINITIONAL_REPRESENTATION('',(#12588),#12592);
#12588 = LINE('',#12589,#12590);
#12589 = CARTESIAN_POINT('',(0.,18.));
#12590 = VECTOR('',#12591,1.);
#12591 = DIRECTION('',(1.,0.));
#12592 = ( GEOMETRIC_REPRESENTATION_CONTEXT(2) 
PARAMETRIC_REPRESENTATION_CONTEXT() REPRESENTATION_CONTEXT('2D SPACE',''
  ) );
#12593 = ORIENTED_EDGE('',*,*,#12519,.T.);
#12594 = ORIENTED_EDGE('',*,*,#12595,.T.);
#12595 = EDGE_CURVE('',#12520,#12596,#12598,.T.);
#12596 = VERTEX_POINT('',#12597);
#12597 = CARTESIAN_POINT('',(118.77848430961,305.,47.211456926367));
#12598 = SURFACE_CURVE('',#12599,(#12603,#12610),.PCURVE_S1.);
#12599 = LINE('',#12600,#12601);
#12600 = CARTESIAN_POINT('',(112.4717022343,305.,44.174270752544));
#12601 = VECTOR('',#12602,1.);
#12602 = DIRECTION('',(0.900968867902,0.,0.433883739118));
#12603 = PCURVE('',#12535,#12604);
#12604 = DEFINITIONAL_REPRESENTATION('',(#12605),#12609);
#12605 = LINE('',#12606,#12607);
#12606 = CARTESIAN_POINT('',(0.,-280.));
#12607 = VECTOR('',#12608,1.);
#12608 = DIRECTION('',(1.,0.));
#12609 = ( GEOMETRIC_REPRESENTATION_CONTEXT(2) 
PARAMETRIC_REPRESENTATION_CONTEXT() REPRESENTATION_CONTEXT('2D SPACE',''
  ) );
#12610 = PCURVE('',#12454,#12611);
#12611 = DEFINITIONAL_REPRESENTATION('',(#12612),#12616);
#12612 = LINE('',#12613,#12614);
#12613 = CARTESIAN_POINT('',(0.,18.));
#12614 = VECTOR('',#12615,1.);
#12615 = DIRECTION('',(1.,0.));
#12616 = ( GEOMETRIC_REPRESENTATION_CONTEXT(2) 
PARAMETRIC_REPRESENTATION_CONTEXT() REPRESENTATION_CONTEXT('2D SPACE',''
  ) );
#12617 = ORIENTED_EDGE('',*,*,#12618,.F.);
#12618 = EDGE_CURVE('',#12572,#12596,#12619,.T.);
#12619 = SURFACE_CURVE('',#12620,(#12624,#12631),.PCURVE_S1.);
#12620 = LINE('',#12621,#12622);
#12621 = CARTESIAN_POINT('',(118.77848430961,25.,47.211456926367));
#12622 = VECTOR('',#12623,1.);
#12623 = DIRECTION('',(0.,1.,0.));
#12624 = PCURVE('',#12535,#12625);
#12625 = DEFINITIONAL_REPRESENTATION('',(#12626),#12630);
#12626 = LINE('',#12627,#12628);
#12627 = CARTESIAN_POINT('',(7.,0.));
#12628 = VECTOR('',#12629,1.);
#12629 = DIRECTION('',(0.,-1.));
#12630 = ( GEOMETRIC_REPRESENTATION_CONTEXT(2) 
PARAMETRIC_REPRESENTATION_CONTEXT() REPRESENTATION_CONTEXT('2D SPACE',''
  ) );
#12631 = PCURVE('',#12480,#12632);
#12632 = DEFINITIONAL_REPRESENTATION('',(#12633),#12637);
#12633 = LINE('',#12634,#12635);
#12634 = CARTESIAN_POINT('',(18.,0.));
#12635 = VECTOR('',#12636,1.);
#12636 = DIRECTION('',(0.,1.));
#12637 = ( GEOMETRIC_REPRESENTATION_CONTEXT(2) 
PARAMETRIC_REPRESENTATION_CONTEXT() REPRESENTATION_CONTEXT('2D SPACE',''
  ) );
#12638 = ADVANCED_FACE('',(#12639),#12454,.T.);
#12639 = FACE_BOUND('',#12640,.T.);
#12640 = EDGE_LOOP('',(#12641,#12642,#12643,#12664));
#12641 = ORIENTED_EDGE('',*,*,#12547,.F.);
#12642 = ORIENTED_EDGE('',*,*,#12438,.T.);
#12643 = ORIENTED_EDGE('',*,*,#12644,.T.);
#12644 = EDGE_CURVE('',#12439,#12596,#12645,.T.);
#12645 = SURFACE_CURVE('',#12646,(#12650,#12657),.PCURVE_S1.);
#12646 = LINE('',#12647,#12648);
#12647 = CARTESIAN_POINT('',(110.9685770055,305.,63.42889654861));
#12648 = VECTOR('',#12649,1.);
#12649 = DIRECTION('',(0.433883739118,0.,-0.900968867902));
#12650 = PCURVE('',#12454,#12651);
#12651 = DEFINITIONAL_REPRESENTATION('',(#12652),#12656);
#12652 = LINE('',#12653,#12654);
#12653 = CARTESIAN_POINT('',(7.,0.));
#12654 = VECTOR('',#12655,1.);
#12655 = DIRECTION('',(0.,1.));
#12656 = ( GEOMETRIC_REPRESENTATION_CONTEXT(2) 
PARAMETRIC_REPRESENTATION_CONTEXT() REPRESENTATION_CONTEXT('2D SPACE',''
  ) );
#12657 = PCURVE('',#12480,#12658);
#12658 = DEFINITIONAL_REPRESENTATION('',(#12659),#12663);
#12659 = LINE('',#12660,#12661);
#12660 = CARTESIAN_POINT('',(0.,280.));
#12661 = VECTOR('',#12662,1.);
#12662 = DIRECTION('',(1.,0.));
#12663 = ( GEOMETRIC_REPRESENTATION_CONTEXT(2) 
PARAMETRIC_REPRESENTATION_CONTEXT() REPRESENTATION_CONTEXT('2D SPACE',''
  ) );
#12664 = ORIENTED_EDGE('',*,*,#12595,.F.);
#12665 = ADVANCED_FACE('',(#12666),#12480,.T.);
#12666 = FACE_BOUND('',#12667,.T.);
#12667 = EDGE_LOOP('',(#12668,#12669,#12690,#12691));
#12668 = ORIENTED_EDGE('',*,*,#12466,.F.);
#12669 = ORIENTED_EDGE('',*,*,#12670,.T.);
#12670 = EDGE_CURVE('',#12378,#12572,#12671,.T.);
#12671 = SURFACE_CURVE('',#12672,(#12676,#12683),.PCURVE_S1.);
#12672 = LINE('',#12673,#12674);
#12673 = CARTESIAN_POINT('',(110.9685770055,25.,63.42889654861));
#12674 = VECTOR('',#12675,1.);
#12675 = DIRECTION('',(0.433883739118,0.,-0.900968867902));
#12676 = PCURVE('',#12480,#12677);
#12677 = DEFINITIONAL_REPRESENTATION('',(#12678),#12682);
#12678 = LINE('',#12679,#12680);
#12679 = CARTESIAN_POINT('',(0.,0.));
#12680 = VECTOR('',#12681,1.);
#12681 = DIRECTION('',(1.,0.));
#12682 = ( GEOMETRIC_REPRESENTATION_CONTEXT(2) 
PARAMETRIC_REPRESENTATION_CONTEXT() REPRESENTATION_CONTEXT('2D SPACE',''
  ) );
#12683 = PCURVE('',#12398,#12684);
#12684 = DEFINITIONAL_REPRESENTATION('',(#12685),#12689);
#12685 = LINE('',#12686,#12687);
#12686 = CARTESIAN_POINT('',(7.,0.));
#12687 = VECTOR('',#12688,1.);
#12688 = DIRECTION('',(0.,1.));
#12689 = ( GEOMETRIC_REPRESENTATION_CONTEXT(2) 
PARAMETRIC_REPRESENTATION_CONTEXT() REPRESENTATION_CONTEXT('2D SPACE',''
  ) );
#12690 = ORIENTED_EDGE('',*,*,#12618,.T.);
#12691 = ORIENTED_EDGE('',*,*,#12644,.F.);
#12692 = ADVANCED_FACE('',(#12693),#12398,.F.);
#12693 = FACE_BOUND('',#12694,.F.);
#12694 = EDGE_LOOP('',(#12695,#12696,#12697,#12698));
#12695 = ORIENTED_EDGE('',*,*,#12496,.F.);
#12696 = ORIENTED_EDGE('',*,*,#12375,.T.);
#12697 = ORIENTED_EDGE('',*,*,#12670,.T.);
#12698 = ORIENTED_EDGE('',*,*,#12571,.F.);
#12699 = MANIFOLD_SOLID_BREP('',#12700);
#12700 = CLOSED_SHELL('',(#12701,#12821,#12897,#12968,#12995,#13022));
#12701 = ADVANCED_FACE('',(#12702),#12716,.F.);
#12702 = FACE_BOUND('',#12703,.F.);
#12703 = EDGE_LOOP('',(#12704,#12739,#12767,#12795));
#12704 = ORIENTED_EDGE('',*,*,#12705,.F.);
#12705 = EDGE_CURVE('',#12706,#12708,#12710,.T.);
#12706 = VERTEX_POINT('',#12707);
#12707 = CARTESIAN_POINT('',(115.4761250123,25.,35.588123751372));
#12708 = VERTEX_POINT('',#12709);
#12709 = CARTESIAN_POINT('',(122.30062039757,25.,37.145770289066));
#12710 = SURFACE_CURVE('',#12711,(#12715,#12727),.PCURVE_S1.);
#12711 = LINE('',#12712,#12713);
#12712 = CARTESIAN_POINT('',(115.4761250123,25.,35.588123751372));
#12713 = VECTOR('',#12714,1.);
#12714 = DIRECTION('',(0.974927912182,0.,0.222520933956));
#12715 = PCURVE('',#12716,#12721);
#12716 = PLANE('',#12717);
#12717 = AXIS2_PLACEMENT_3D('',#12718,#12719,#12720);
#12718 = CARTESIAN_POINT('',(115.4761250123,25.,35.588123751372));
#12719 = DIRECTION('',(0.222520933956,0.,-0.974927912182));
#12720 = DIRECTION('',(0.974927912182,0.,0.222520933956));
#12721 = DEFINITIONAL_REPRESENTATION('',(#12722),#12726);
#12722 = LINE('',#12723,#12724);
#12723 = CARTESIAN_POINT('',(0.,0.));
#12724 = VECTOR('',#12725,1.);
#12725 = DIRECTION('',(1.,0.));
#12726 = ( GEOMETRIC_REPRESENTATION_CONTEXT(2) 
PARAMETRIC_REPRESENTATION_CONTEXT() REPRESENTATION_CONTEXT('2D SPACE',''
  ) );
#12727 = PCURVE('',#12728,#12733);
#12728 = PLANE('',#12729);
#12729 = AXIS2_PLACEMENT_3D('',#12730,#12731,#12732);
#12730 = CARTESIAN_POINT('',(115.4761250123,25.,35.588123751372));
#12731 = DIRECTION('',(0.,1.,0.));
#12732 = DIRECTION('',(0.974927912182,0.,0.222520933956));
#12733 = DEFINITIONAL_REPRESENTATION('',(#12734),#12738);
#12734 = LINE('',#12735,#12736);
#12735 = CARTESIAN_POINT('',(0.,0.));
#12736 = VECTOR('',#12737,1.);
#12737 = DIRECTION('',(1.,0.));
#12738 = ( GEOMETRIC_REPRESENTATION_CONTEXT(2) 
PARAMETRIC_REPRESENTATION_CONTEXT() REPRESENTATION_CONTEXT('2D SPACE',''
  ) );
#12739 = ORIENTED_EDGE('',*,*,#12740,.T.);
#12740 = EDGE_CURVE('',#12706,#12741,#12743,.T.);
#12741 = VERTEX_POINT('',#12742);
#12742 = CARTESIAN_POINT('',(115.4761250123,305.,35.588123751372));
#12743 = SURFACE_CURVE('',#12744,(#12748,#12755),.PCURVE_S1.);
#12744 = LINE('',#12745,#12746);
#12745 = CARTESIAN_POINT('',(115.4761250123,25.,35.588123751372));
#12746 = VECTOR('',#12747,1.);
#12747 = DIRECTION('',(0.,1.,0.));
#12748 = PCURVE('',#12716,#12749);
#12749 = DEFINITIONAL_REPRESENTATION('',(#12750),#12754);
#12750 = LINE('',#12751,#12752);
#12751 = CARTESIAN_POINT('',(0.,0.));
#12752 = VECTOR('',#12753,1.);
#12753 = DIRECTION('',(0.,-1.));
#12754 = ( GEOMETRIC_REPRESENTATION_CONTEXT(2) 
PARAMETRIC_REPRESENTATION_CONTEXT() REPRESENTATION_CONTEXT('2D SPACE',''
  ) );
#12755 = PCURVE('',#12756,#12761);
#12756 = PLANE('',#12757);
#12757 = AXIS2_PLACEMENT_3D('',#12758,#12759,#12760);
#12758 = CARTESIAN_POINT('',(115.4761250123,25.,35.588123751372));
#12759 = DIRECTION('',(0.974927912182,0.,0.222520933956));
#12760 = DIRECTION('',(0.222520933956,0.,-0.974927912182));
#12761 = DEFINITIONAL_REPRESENTATION('',(#12762),#12766);
#12762 = LINE('',#12763,#12764);
#12763 = CARTESIAN_POINT('',(0.,0.));
#12764 = VECTOR('',#12765,1.);
#12765 = DIRECTION('',(0.,1.));
#12766 = ( GEOMETRIC_REPRESENTATION_CONTEXT(2) 
PARAMETRIC_REPRESENTATION_CONTEXT() REPRESENTATION_CONTEXT('2D SPACE',''
  ) );
#12767 = ORIENTED_EDGE('',*,*,#12768,.T.);
#12768 = EDGE_CURVE('',#12741,#12769,#12771,.T.);
#12769 = VERTEX_POINT('',#12770);
#12770 = CARTESIAN_POINT('',(122.30062039757,305.,37.145770289066));
#12771 = SURFACE_CURVE('',#12772,(#12776,#12783),.PCURVE_S1.);
#12772 = LINE('',#12773,#12774);
#12773 = CARTESIAN_POINT('',(115.4761250123,305.,35.588123751372));
#12774 = VECTOR('',#12775,1.);
#12775 = DIRECTION('',(0.974927912182,0.,0.222520933956));
#12776 = PCURVE('',#12716,#12777);
#12777 = DEFINITIONAL_REPRESENTATION('',(#12778),#12782);
#12778 = LINE('',#12779,#12780);
#12779 = CARTESIAN_POINT('',(0.,-280.));
#12780 = VECTOR('',#12781,1.);
#12781 = DIRECTION('',(1.,0.));
#12782 = ( GEOMETRIC_REPRESENTATION_CONTEXT(2) 
PARAMETRIC_REPRESENTATION_CONTEXT() REPRESENTATION_CONTEXT('2D SPACE',''
  ) );
#12783 = PCURVE('',#12784,#12789);
#12784 = PLANE('',#12785);
#12785 = AXIS2_PLACEMENT_3D('',#12786,#12787,#12788);
#12786 = CARTESIAN_POINT('',(115.4761250123,305.,35.588123751372));
#12787 = DIRECTION('',(0.,1.,0.));
#12788 = DIRECTION('',(0.974927912182,0.,0.222520933956));
#12789 = DEFINITIONAL_REPRESENTATION('',(#12790),#12794);
#12790 = LINE('',#12791,#12792);
#12791 = CARTESIAN_POINT('',(0.,0.));
#12792 = VECTOR('',#12793,1.);
#12793 = DIRECTION('',(1.,0.));
#12794 = ( GEOMETRIC_REPRESENTATION_CONTEXT(2) 
PARAMETRIC_REPRESENTATION_CONTEXT() REPRESENTATION_CONTEXT('2D SPACE',''
  ) );
#12795 = ORIENTED_EDGE('',*,*,#12796,.F.);
#12796 = EDGE_CURVE('',#12708,#12769,#12797,.T.);
#12797 = SURFACE_CURVE('',#12798,(#12802,#12809),.PCURVE_S1.);
#12798 = LINE('',#12799,#12800);
#12799 = CARTESIAN_POINT('',(122.30062039757,25.,37.145770289066));
#12800 = VECTOR('',#12801,1.);
#12801 = DIRECTION('',(0.,1.,0.));
#12802 = PCURVE('',#12716,#12803);
#12803 = DEFINITIONAL_REPRESENTATION('',(#12804),#12808);
#12804 = LINE('',#12805,#12806);
#12805 = CARTESIAN_POINT('',(7.,0.));
#12806 = VECTOR('',#12807,1.);
#12807 = DIRECTION('',(0.,-1.));
#12808 = ( GEOMETRIC_REPRESENTATION_CONTEXT(2) 
PARAMETRIC_REPRESENTATION_CONTEXT() REPRESENTATION_CONTEXT('2D SPACE',''
  ) );
#12809 = PCURVE('',#12810,#12815);
#12810 = PLANE('',#12811);
#12811 = AXIS2_PLACEMENT_3D('',#12812,#12813,#12814);
#12812 = CARTESIAN_POINT('',(122.30062039757,25.,37.145770289066));
#12813 = DIRECTION('',(0.974927912182,0.,0.222520933956));
#12814 = DIRECTION('',(0.222520933956,0.,-0.974927912182));
#12815 = DEFINITIONAL_REPRESENTATION('',(#12816),#12820);
#12816 = LINE('',#12817,#12818);
#12817 = CARTESIAN_POINT('',(0.,0.));
#12818 = VECTOR('',#12819,1.);
#12819 = DIRECTION('',(0.,1.));
#12820 = ( GEOMETRIC_REPRESENTATION_CONTEXT(2) 
PARAMETRIC_REPRESENTATION_CONTEXT() REPRESENTATION_CONTEXT('2D SPACE',''
  ) );
#12821 = ADVANCED_FACE('',(#12822),#12756,.F.);
#12822 = FACE_BOUND('',#12823,.F.);
#12823 = EDGE_LOOP('',(#12824,#12825,#12848,#12876));
#12824 = ORIENTED_EDGE('',*,*,#12740,.F.);
#12825 = ORIENTED_EDGE('',*,*,#12826,.T.);
#12826 = EDGE_CURVE('',#12706,#12827,#12829,.T.);
#12827 = VERTEX_POINT('',#12828);
#12828 = CARTESIAN_POINT('',(119.48150182351,25.,18.039421332099));
#12829 = SURFACE_CURVE('',#12830,(#12834,#12841),.PCURVE_S1.);
#12830 = LINE('',#12831,#12832);
#12831 = CARTESIAN_POINT('',(115.4761250123,25.,35.588123751372));
#12832 = VECTOR('',#12833,1.);
#12833 = DIRECTION('',(0.222520933956,0.,-0.974927912182));
#12834 = PCURVE('',#12756,#12835);
#12835 = DEFINITIONAL_REPRESENTATION('',(#12836),#12840);
#12836 = LINE('',#12837,#12838);
#12837 = CARTESIAN_POINT('',(0.,0.));
#12838 = VECTOR('',#12839,1.);
#12839 = DIRECTION('',(1.,0.));
#12840 = ( GEOMETRIC_REPRESENTATION_CONTEXT(2) 
PARAMETRIC_REPRESENTATION_CONTEXT() REPRESENTATION_CONTEXT('2D SPACE',''
  ) );
#12841 = PCURVE('',#12728,#12842);
#12842 = DEFINITIONAL_REPRESENTATION('',(#12843),#12847);
#12843 = LINE('',#12844,#12845);
#12844 = CARTESIAN_POINT('',(0.,0.));
#12845 = VECTOR('',#12846,1.);
#12846 = DIRECTION('',(0.,1.));
#12847 = ( GEOMETRIC_REPRESENTATION_CONTEXT(2) 
PARAMETRIC_REPRESENTATION_CONTEXT() REPRESENTATION_CONTEXT('2D SPACE',''
  ) );
#12848 = ORIENTED_EDGE('',*,*,#12849,.T.);
#12849 = EDGE_CURVE('',#12827,#12850,#12852,.T.);
#12850 = VERTEX_POINT('',#12851);
#12851 = CARTESIAN_POINT('',(119.48150182351,305.,18.039421332099));
#12852 = SURFACE_CURVE('',#12853,(#12857,#12864),.PCURVE_S1.);
#12853 = LINE('',#12854,#12855);
#12854 = CARTESIAN_POINT('',(119.48150182351,25.,18.039421332099));
#12855 = VECTOR('',#12856,1.);
#12856 = DIRECTION('',(0.,1.,0.));
#12857 = PCURVE('',#12756,#12858);
#12858 = DEFINITIONAL_REPRESENTATION('',(#12859),#12863);
#12859 = LINE('',#12860,#12861);
#12860 = CARTESIAN_POINT('',(18.,0.));
#12861 = VECTOR('',#12862,1.);
#12862 = DIRECTION('',(0.,1.));
#12863 = ( GEOMETRIC_REPRESENTATION_CONTEXT(2) 
PARAMETRIC_REPRESENTATION_CONTEXT() REPRESENTATION_CONTEXT('2D SPACE',''
  ) );
#12864 = PCURVE('',#12865,#12870);
#12865 = PLANE('',#12866);
#12866 = AXIS2_PLACEMENT_3D('',#12867,#12868,#12869);
#12867 = CARTESIAN_POINT('',(119.48150182351,25.,18.039421332099));
#12868 = DIRECTION('',(0.222520933956,0.,-0.974927912182));
#12869 = DIRECTION('',(0.974927912182,0.,0.222520933956));
#12870 = DEFINITIONAL_REPRESENTATION('',(#12871),#12875);
#12871 = LINE('',#12872,#12873);
#12872 = CARTESIAN_POINT('',(0.,0.));
#12873 = VECTOR('',#12874,1.);
#12874 = DIRECTION('',(0.,-1.));
#12875 = ( GEOMETRIC_REPRESENTATION_CONTEXT(2) 
PARAMETRIC_REPRESENTATION_CONTEXT() REPRESENTATION_CONTEXT('2D SPACE',''
  ) );
#12876 = ORIENTED_EDGE('',*,*,#12877,.F.);
#12877 = EDGE_CURVE('',#12741,#12850,#12878,.T.);
#12878 = SURFACE_CURVE('',#12879,(#12883,#12890),.PCURVE_S1.);
#12879 = LINE('',#12880,#12881);
#12880 = CARTESIAN_POINT('',(115.4761250123,305.,35.588123751372));
#12881 = VECTOR('',#12882,1.);
#12882 = DIRECTION('',(0.222520933956,0.,-0.974927912182));
#12883 = PCURVE('',#12756,#12884);
#12884 = DEFINITIONAL_REPRESENTATION('',(#12885),#12889);
#12885 = LINE('',#12886,#12887);
#12886 = CARTESIAN_POINT('',(0.,280.));
#12887 = VECTOR('',#12888,1.);
#12888 = DIRECTION('',(1.,0.));
#12889 = ( GEOMETRIC_REPRESENTATION_CONTEXT(2) 
PARAMETRIC_REPRESENTATION_CONTEXT() REPRESENTATION_CONTEXT('2D SPACE',''
  ) );
#12890 = PCURVE('',#12784,#12891);
#12891 = DEFINITIONAL_REPRESENTATION('',(#12892),#12896);
#12892 = LINE('',#12893,#12894);
#12893 = CARTESIAN_POINT('',(0.,0.));
#12894 = VECTOR('',#12895,1.);
#12895 = DIRECTION('',(0.,1.));
#12896 = ( GEOMETRIC_REPRESENTATION_CONTEXT(2) 
PARAMETRIC_REPRESENTATION_CONTEXT() REPRESENTATION_CONTEXT('2D SPACE',''
  ) );
#12897 = ADVANCED_FACE('',(#12898),#12865,.T.);
#12898 = FACE_BOUND('',#12899,.T.);
#12899 = EDGE_LOOP('',(#12900,#12923,#12924,#12947));
#12900 = ORIENTED_EDGE('',*,*,#12901,.F.);
#12901 = EDGE_CURVE('',#12827,#12902,#12904,.T.);
#12902 = VERTEX_POINT('',#12903);
#12903 = CARTESIAN_POINT('',(126.30599720878,25.,19.597067869794));
#12904 = SURFACE_CURVE('',#12905,(#12909,#12916),.PCURVE_S1.);
#12905 = LINE('',#12906,#12907);
#12906 = CARTESIAN_POINT('',(119.48150182351,25.,18.039421332099));
#12907 = VECTOR('',#12908,1.);
#12908 = DIRECTION('',(0.974927912182,0.,0.222520933956));
#12909 = PCURVE('',#12865,#12910);
#12910 = DEFINITIONAL_REPRESENTATION('',(#12911),#12915);
#12911 = LINE('',#12912,#12913);
#12912 = CARTESIAN_POINT('',(0.,0.));
#12913 = VECTOR('',#12914,1.);
#12914 = DIRECTION('',(1.,0.));
#12915 = ( GEOMETRIC_REPRESENTATION_CONTEXT(2) 
PARAMETRIC_REPRESENTATION_CONTEXT() REPRESENTATION_CONTEXT('2D SPACE',''
  ) );
#12916 = PCURVE('',#12728,#12917);
#12917 = DEFINITIONAL_REPRESENTATION('',(#12918),#12922);
#12918 = LINE('',#12919,#12920);
#12919 = CARTESIAN_POINT('',(0.,18.));
#12920 = VECTOR('',#12921,1.);
#12921 = DIRECTION('',(1.,0.));
#12922 = ( GEOMETRIC_REPRESENTATION_CONTEXT(2) 
PARAMETRIC_REPRESENTATION_CONTEXT() REPRESENTATION_CONTEXT('2D SPACE',''
  ) );
#12923 = ORIENTED_EDGE('',*,*,#12849,.T.);
#12924 = ORIENTED_EDGE('',*,*,#12925,.T.);
#12925 = EDGE_CURVE('',#12850,#12926,#12928,.T.);
#12926 = VERTEX_POINT('',#12927);
#12927 = CARTESIAN_POINT('',(126.30599720878,305.,19.597067869794));
#12928 = SURFACE_CURVE('',#12929,(#12933,#12940),.PCURVE_S1.);
#12929 = LINE('',#12930,#12931);
#12930 = CARTESIAN_POINT('',(119.48150182351,305.,18.039421332099));
#12931 = VECTOR('',#12932,1.);
#12932 = DIRECTION('',(0.974927912182,0.,0.222520933956));
#12933 = PCURVE('',#12865,#12934);
#12934 = DEFINITIONAL_REPRESENTATION('',(#12935),#12939);
#12935 = LINE('',#12936,#12937);
#12936 = CARTESIAN_POINT('',(0.,-280.));
#12937 = VECTOR('',#12938,1.);
#12938 = DIRECTION('',(1.,0.));
#12939 = ( GEOMETRIC_REPRESENTATION_CONTEXT(2) 
PARAMETRIC_REPRESENTATION_CONTEXT() REPRESENTATION_CONTEXT('2D SPACE',''
  ) );
#12940 = PCURVE('',#12784,#12941);
#12941 = DEFINITIONAL_REPRESENTATION('',(#12942),#12946);
#12942 = LINE('',#12943,#12944);
#12943 = CARTESIAN_POINT('',(0.,18.));
#12944 = VECTOR('',#12945,1.);
#12945 = DIRECTION('',(1.,0.));
#12946 = ( GEOMETRIC_REPRESENTATION_CONTEXT(2) 
PARAMETRIC_REPRESENTATION_CONTEXT() REPRESENTATION_CONTEXT('2D SPACE',''
  ) );
#12947 = ORIENTED_EDGE('',*,*,#12948,.F.);
#12948 = EDGE_CURVE('',#12902,#12926,#12949,.T.);
#12949 = SURFACE_CURVE('',#12950,(#12954,#12961),.PCURVE_S1.);
#12950 = LINE('',#12951,#12952);
#12951 = CARTESIAN_POINT('',(126.30599720878,25.,19.597067869794));
#12952 = VECTOR('',#12953,1.);
#12953 = DIRECTION('',(0.,1.,0.));
#12954 = PCURVE('',#12865,#12955);
#12955 = DEFINITIONAL_REPRESENTATION('',(#12956),#12960);
#12956 = LINE('',#12957,#12958);
#12957 = CARTESIAN_POINT('',(7.,0.));
#12958 = VECTOR('',#12959,1.);
#12959 = DIRECTION('',(0.,-1.));
#12960 = ( GEOMETRIC_REPRESENTATION_CONTEXT(2) 
PARAMETRIC_REPRESENTATION_CONTEXT() REPRESENTATION_CONTEXT('2D SPACE',''
  ) );
#12961 = PCURVE('',#12810,#12962);
#12962 = DEFINITIONAL_REPRESENTATION('',(#12963),#12967);
#12963 = LINE('',#12964,#12965);
#12964 = CARTESIAN_POINT('',(18.,0.));
#12965 = VECTOR('',#12966,1.);
#12966 = DIRECTION('',(0.,1.));
#12967 = ( GEOMETRIC_REPRESENTATION_CONTEXT(2) 
PARAMETRIC_REPRESENTATION_CONTEXT() REPRESENTATION_CONTEXT('2D SPACE',''
  ) );
#12968 = ADVANCED_FACE('',(#12969),#12784,.T.);
#12969 = FACE_BOUND('',#12970,.T.);
#12970 = EDGE_LOOP('',(#12971,#12972,#12973,#12994));
#12971 = ORIENTED_EDGE('',*,*,#12877,.F.);
#12972 = ORIENTED_EDGE('',*,*,#12768,.T.);
#12973 = ORIENTED_EDGE('',*,*,#12974,.T.);
#12974 = EDGE_CURVE('',#12769,#12926,#12975,.T.);
#12975 = SURFACE_CURVE('',#12976,(#12980,#12987),.PCURVE_S1.);
#12976 = LINE('',#12977,#12978);
#12977 = CARTESIAN_POINT('',(122.30062039757,305.,37.145770289066));
#12978 = VECTOR('',#12979,1.);
#12979 = DIRECTION('',(0.222520933956,0.,-0.974927912182));
#12980 = PCURVE('',#12784,#12981);
#12981 = DEFINITIONAL_REPRESENTATION('',(#12982),#12986);
#12982 = LINE('',#12983,#12984);
#12983 = CARTESIAN_POINT('',(7.,0.));
#12984 = VECTOR('',#12985,1.);
#12985 = DIRECTION('',(0.,1.));
#12986 = ( GEOMETRIC_REPRESENTATION_CONTEXT(2) 
PARAMETRIC_REPRESENTATION_CONTEXT() REPRESENTATION_CONTEXT('2D SPACE',''
  ) );
#12987 = PCURVE('',#12810,#12988);
#12988 = DEFINITIONAL_REPRESENTATION('',(#12989),#12993);
#12989 = LINE('',#12990,#12991);
#12990 = CARTESIAN_POINT('',(0.,280.));
#12991 = VECTOR('',#12992,1.);
#12992 = DIRECTION('',(1.,0.));
#12993 = ( GEOMETRIC_REPRESENTATION_CONTEXT(2) 
PARAMETRIC_REPRESENTATION_CONTEXT() REPRESENTATION_CONTEXT('2D SPACE',''
  ) );
#12994 = ORIENTED_EDGE('',*,*,#12925,.F.);
#12995 = ADVANCED_FACE('',(#12996),#12810,.T.);
#12996 = FACE_BOUND('',#12997,.T.);
#12997 = EDGE_LOOP('',(#12998,#12999,#13020,#13021));
#12998 = ORIENTED_EDGE('',*,*,#12796,.F.);
#12999 = ORIENTED_EDGE('',*,*,#13000,.T.);
#13000 = EDGE_CURVE('',#12708,#12902,#13001,.T.);
#13001 = SURFACE_CURVE('',#13002,(#13006,#13013),.PCURVE_S1.);
#13002 = LINE('',#13003,#13004);
#13003 = CARTESIAN_POINT('',(122.30062039757,25.,37.145770289066));
#13004 = VECTOR('',#13005,1.);
#13005 = DIRECTION('',(0.222520933956,0.,-0.974927912182));
#13006 = PCURVE('',#12810,#13007);
#13007 = DEFINITIONAL_REPRESENTATION('',(#13008),#13012);
#13008 = LINE('',#13009,#13010);
#13009 = CARTESIAN_POINT('',(0.,0.));
#13010 = VECTOR('',#13011,1.);
#13011 = DIRECTION('',(1.,0.));
#13012 = ( GEOMETRIC_REPRESENTATION_CONTEXT(2) 
PARAMETRIC_REPRESENTATION_CONTEXT() REPRESENTATION_CONTEXT('2D SPACE',''
  ) );
#13013 = PCURVE('',#12728,#13014);
#13014 = DEFINITIONAL_REPRESENTATION('',(#13015),#13019);
#13015 = LINE('',#13016,#13017);
#13016 = CARTESIAN_POINT('',(7.,0.));
#13017 = VECTOR('',#13018,1.);
#13018 = DIRECTION('',(0.,1.));
#13019 = ( GEOMETRIC_REPRESENTATION_CONTEXT(2) 
PARAMETRIC_REPRESENTATION_CONTEXT() REPRESENTATION_CONTEXT('2D SPACE',''
  ) );
#13020 = ORIENTED_EDGE('',*,*,#12948,.T.);
#13021 = ORIENTED_EDGE('',*,*,#12974,.F.);
#13022 = ADVANCED_FACE('',(#13023),#12728,.F.);
#13023 = FACE_BOUND('',#13024,.F.);
#13024 = EDGE_LOOP('',(#13025,#13026,#13027,#13028));
#13025 = ORIENTED_EDGE('',*,*,#12826,.F.);
#13026 = ORIENTED_EDGE('',*,*,#12705,.T.);
#13027 = ORIENTED_EDGE('',*,*,#13000,.T.);
#13028 = ORIENTED_EDGE('',*,*,#12901,.F.);
#13029 = MANIFOLD_SOLID_BREP('',#13030);
#13030 = CLOSED_SHELL('',(#13031,#13151,#13227,#13298,#13325,#13352));
#13031 = ADVANCED_FACE('',(#13032),#13046,.F.);
#13032 = FACE_BOUND('',#13033,.F.);
#13033 = EDGE_LOOP('',(#13034,#13069,#13097,#13125));
#13034 = ORIENTED_EDGE('',*,*,#13035,.F.);
#13035 = EDGE_CURVE('',#13036,#13038,#13040,.T.);
#13036 = VERTEX_POINT('',#13037);
#13037 = CARTESIAN_POINT('',(120.5,25.,9.));
#13038 = VERTEX_POINT('',#13039);
#13039 = CARTESIAN_POINT('',(127.5,25.,9.));
#13040 = SURFACE_CURVE('',#13041,(#13045,#13057),.PCURVE_S1.);
#13041 = LINE('',#13042,#13043);
#13042 = CARTESIAN_POINT('',(120.5,25.,9.));
#13043 = VECTOR('',#13044,1.);
#13044 = DIRECTION('',(1.,0.,2.22044604925E-16));
#13045 = PCURVE('',#13046,#13051);
#13046 = PLANE('',#13047);
#13047 = AXIS2_PLACEMENT_3D('',#13048,#13049,#13050);
#13048 = CARTESIAN_POINT('',(120.5,25.,9.));
#13049 = DIRECTION('',(2.22044604925E-16,0.,-1.));
#13050 = DIRECTION('',(1.,0.,2.22044604925E-16));
#13051 = DEFINITIONAL_REPRESENTATION('',(#13052),#13056);
#13052 = LINE('',#13053,#13054);
#13053 = CARTESIAN_POINT('',(0.,0.));
#13054 = VECTOR('',#13055,1.);
#13055 = DIRECTION('',(1.,0.));
#13056 = ( GEOMETRIC_REPRESENTATION_CONTEXT(2) 
PARAMETRIC_REPRESENTATION_CONTEXT() REPRESENTATION_CONTEXT('2D SPACE',''
  ) );
#13057 = PCURVE('',#13058,#13063);
#13058 = PLANE('',#13059);
#13059 = AXIS2_PLACEMENT_3D('',#13060,#13061,#13062);
#13060 = CARTESIAN_POINT('',(120.5,25.,9.));
#13061 = DIRECTION('',(0.,1.,0.));
#13062 = DIRECTION('',(1.,0.,2.22044604925E-16));
#13063 = DEFINITIONAL_REPRESENTATION('',(#13064),#13068);
#13064 = LINE('',#13065,#13066);
#13065 = CARTESIAN_POINT('',(0.,0.));
#13066 = VECTOR('',#13067,1.);
#13067 = DIRECTION('',(1.,0.));
#13068 = ( GEOMETRIC_REPRESENTATION_CONTEXT(2) 
PARAMETRIC_REPRESENTATION_CONTEXT() REPRESENTATION_CONTEXT('2D SPACE',''
  ) );
#13069 = ORIENTED_EDGE('',*,*,#13070,.T.);
#13070 = EDGE_CURVE('',#13036,#13071,#13073,.T.);
#13071 = VERTEX_POINT('',#13072);
#13072 = CARTESIAN_POINT('',(120.5,305.,9.));
#13073 = SURFACE_CURVE('',#13074,(#13078,#13085),.PCURVE_S1.);
#13074 = LINE('',#13075,#13076);
#13075 = CARTESIAN_POINT('',(120.5,25.,9.));
#13076 = VECTOR('',#13077,1.);
#13077 = DIRECTION('',(0.,1.,0.));
#13078 = PCURVE('',#13046,#13079);
#13079 = DEFINITIONAL_REPRESENTATION('',(#13080),#13084);
#13080 = LINE('',#13081,#13082);
#13081 = CARTESIAN_POINT('',(0.,0.));
#13082 = VECTOR('',#13083,1.);
#13083 = DIRECTION('',(0.,-1.));
#13084 = ( GEOMETRIC_REPRESENTATION_CONTEXT(2) 
PARAMETRIC_REPRESENTATION_CONTEXT() REPRESENTATION_CONTEXT('2D SPACE',''
  ) );
#13085 = PCURVE('',#13086,#13091);
#13086 = PLANE('',#13087);
#13087 = AXIS2_PLACEMENT_3D('',#13088,#13089,#13090);
#13088 = CARTESIAN_POINT('',(120.5,25.,9.));
#13089 = DIRECTION('',(1.,0.,2.22044604925E-16));
#13090 = DIRECTION('',(2.22044604925E-16,0.,-1.));
#13091 = DEFINITIONAL_REPRESENTATION('',(#13092),#13096);
#13092 = LINE('',#13093,#13094);
#13093 = CARTESIAN_POINT('',(0.,0.));
#13094 = VECTOR('',#13095,1.);
#13095 = DIRECTION('',(0.,1.));
#13096 = ( GEOMETRIC_REPRESENTATION_CONTEXT(2) 
PARAMETRIC_REPRESENTATION_CONTEXT() REPRESENTATION_CONTEXT('2D SPACE',''
  ) );
#13097 = ORIENTED_EDGE('',*,*,#13098,.T.);
#13098 = EDGE_CURVE('',#13071,#13099,#13101,.T.);
#13099 = VERTEX_POINT('',#13100);
#13100 = CARTESIAN_POINT('',(127.5,305.,9.));
#13101 = SURFACE_CURVE('',#13102,(#13106,#13113),.PCURVE_S1.);
#13102 = LINE('',#13103,#13104);
#13103 = CARTESIAN_POINT('',(120.5,305.,9.));
#13104 = VECTOR('',#13105,1.);
#13105 = DIRECTION('',(1.,0.,2.22044604925E-16));
#13106 = PCURVE('',#13046,#13107);
#13107 = DEFINITIONAL_REPRESENTATION('',(#13108),#13112);
#13108 = LINE('',#13109,#13110);
#13109 = CARTESIAN_POINT('',(0.,-280.));
#13110 = VECTOR('',#13111,1.);
#13111 = DIRECTION('',(1.,0.));
#13112 = ( GEOMETRIC_REPRESENTATION_CONTEXT(2) 
PARAMETRIC_REPRESENTATION_CONTEXT() REPRESENTATION_CONTEXT('2D SPACE',''
  ) );
#13113 = PCURVE('',#13114,#13119);
#13114 = PLANE('',#13115);
#13115 = AXIS2_PLACEMENT_3D('',#13116,#13117,#13118);
#13116 = CARTESIAN_POINT('',(120.5,305.,9.));
#13117 = DIRECTION('',(0.,1.,0.));
#13118 = DIRECTION('',(1.,0.,2.22044604925E-16));
#13119 = DEFINITIONAL_REPRESENTATION('',(#13120),#13124);
#13120 = LINE('',#13121,#13122);
#13121 = CARTESIAN_POINT('',(0.,0.));
#13122 = VECTOR('',#13123,1.);
#13123 = DIRECTION('',(1.,0.));
#13124 = ( GEOMETRIC_REPRESENTATION_CONTEXT(2) 
PARAMETRIC_REPRESENTATION_CONTEXT() REPRESENTATION_CONTEXT('2D SPACE',''
  ) );
#13125 = ORIENTED_EDGE('',*,*,#13126,.F.);
#13126 = EDGE_CURVE('',#13038,#13099,#13127,.T.);
#13127 = SURFACE_CURVE('',#13128,(#13132,#13139),.PCURVE_S1.);
#13128 = LINE('',#13129,#13130);
#13129 = CARTESIAN_POINT('',(127.5,25.,9.));
#13130 = VECTOR('',#13131,1.);
#13131 = DIRECTION('',(0.,1.,0.));
#13132 = PCURVE('',#13046,#13133);
#13133 = DEFINITIONAL_REPRESENTATION('',(#13134),#13138);
#13134 = LINE('',#13135,#13136);
#13135 = CARTESIAN_POINT('',(7.,0.));
#13136 = VECTOR('',#13137,1.);
#13137 = DIRECTION('',(0.,-1.));
#13138 = ( GEOMETRIC_REPRESENTATION_CONTEXT(2) 
PARAMETRIC_REPRESENTATION_CONTEXT() REPRESENTATION_CONTEXT('2D SPACE',''
  ) );
#13139 = PCURVE('',#13140,#13145);
#13140 = PLANE('',#13141);
#13141 = AXIS2_PLACEMENT_3D('',#13142,#13143,#13144);
#13142 = CARTESIAN_POINT('',(127.5,25.,9.));
#13143 = DIRECTION('',(1.,0.,2.22044604925E-16));
#13144 = DIRECTION('',(2.22044604925E-16,0.,-1.));
#13145 = DEFINITIONAL_REPRESENTATION('',(#13146),#13150);
#13146 = LINE('',#13147,#13148);
#13147 = CARTESIAN_POINT('',(0.,0.));
#13148 = VECTOR('',#13149,1.);
#13149 = DIRECTION('',(0.,1.));
#13150 = ( GEOMETRIC_REPRESENTATION_CONTEXT(2) 
PARAMETRIC_REPRESENTATION_CONTEXT() REPRESENTATION_CONTEXT('2D SPACE',''
  ) );
#13151 = ADVANCED_FACE('',(#13152),#13086,.F.);
#13152 = FACE_BOUND('',#13153,.F.);
#13153 = EDGE_LOOP('',(#13154,#13155,#13178,#13206));
#13154 = ORIENTED_EDGE('',*,*,#13070,.F.);
#13155 = ORIENTED_EDGE('',*,*,#13156,.T.);
#13156 = EDGE_CURVE('',#13036,#13157,#13159,.T.);
#13157 = VERTEX_POINT('',#13158);
#13158 = CARTESIAN_POINT('',(120.5,25.,-9.));
#13159 = SURFACE_CURVE('',#13160,(#13164,#13171),.PCURVE_S1.);
#13160 = LINE('',#13161,#13162);
#13161 = CARTESIAN_POINT('',(120.5,25.,9.));
#13162 = VECTOR('',#13163,1.);
#13163 = DIRECTION('',(2.22044604925E-16,0.,-1.));
#13164 = PCURVE('',#13086,#13165);
#13165 = DEFINITIONAL_REPRESENTATION('',(#13166),#13170);
#13166 = LINE('',#13167,#13168);
#13167 = CARTESIAN_POINT('',(0.,0.));
#13168 = VECTOR('',#13169,1.);
#13169 = DIRECTION('',(1.,0.));
#13170 = ( GEOMETRIC_REPRESENTATION_CONTEXT(2) 
PARAMETRIC_REPRESENTATION_CONTEXT() REPRESENTATION_CONTEXT('2D SPACE',''
  ) );
#13171 = PCURVE('',#13058,#13172);
#13172 = DEFINITIONAL_REPRESENTATION('',(#13173),#13177);
#13173 = LINE('',#13174,#13175);
#13174 = CARTESIAN_POINT('',(0.,0.));
#13175 = VECTOR('',#13176,1.);
#13176 = DIRECTION('',(0.,1.));
#13177 = ( GEOMETRIC_REPRESENTATION_CONTEXT(2) 
PARAMETRIC_REPRESENTATION_CONTEXT() REPRESENTATION_CONTEXT('2D SPACE',''
  ) );
#13178 = ORIENTED_EDGE('',*,*,#13179,.T.);
#13179 = EDGE_CURVE('',#13157,#13180,#13182,.T.);
#13180 = VERTEX_POINT('',#13181);
#13181 = CARTESIAN_POINT('',(120.5,305.,-9.));
#13182 = SURFACE_CURVE('',#13183,(#13187,#13194),.PCURVE_S1.);
#13183 = LINE('',#13184,#13185);
#13184 = CARTESIAN_POINT('',(120.5,25.,-9.));
#13185 = VECTOR('',#13186,1.);
#13186 = DIRECTION('',(0.,1.,0.));
#13187 = PCURVE('',#13086,#13188);
#13188 = DEFINITIONAL_REPRESENTATION('',(#13189),#13193);
#13189 = LINE('',#13190,#13191);
#13190 = CARTESIAN_POINT('',(18.,0.));
#13191 = VECTOR('',#13192,1.);
#13192 = DIRECTION('',(0.,1.));
#13193 = ( GEOMETRIC_REPRESENTATION_CONTEXT(2) 
PARAMETRIC_REPRESENTATION_CONTEXT() REPRESENTATION_CONTEXT('2D SPACE',''
  ) );
#13194 = PCURVE('',#13195,#13200);
#13195 = PLANE('',#13196);
#13196 = AXIS2_PLACEMENT_3D('',#13197,#13198,#13199);
#13197 = CARTESIAN_POINT('',(120.5,25.,-9.));
#13198 = DIRECTION('',(2.22044604925E-16,0.,-1.));
#13199 = DIRECTION('',(1.,0.,2.22044604925E-16));
#13200 = DEFINITIONAL_REPRESENTATION('',(#13201),#13205);
#13201 = LINE('',#13202,#13203);
#13202 = CARTESIAN_POINT('',(0.,0.));
#13203 = VECTOR('',#13204,1.);
#13204 = DIRECTION('',(0.,-1.));
#13205 = ( GEOMETRIC_REPRESENTATION_CONTEXT(2) 
PARAMETRIC_REPRESENTATION_CONTEXT() REPRESENTATION_CONTEXT('2D SPACE',''
  ) );
#13206 = ORIENTED_EDGE('',*,*,#13207,.F.);
#13207 = EDGE_CURVE('',#13071,#13180,#13208,.T.);
#13208 = SURFACE_CURVE('',#13209,(#13213,#13220),.PCURVE_S1.);
#13209 = LINE('',#13210,#13211);
#13210 = CARTESIAN_POINT('',(120.5,305.,9.));
#13211 = VECTOR('',#13212,1.);
#13212 = DIRECTION('',(2.22044604925E-16,0.,-1.));
#13213 = PCURVE('',#13086,#13214);
#13214 = DEFINITIONAL_REPRESENTATION('',(#13215),#13219);
#13215 = LINE('',#13216,#13217);
#13216 = CARTESIAN_POINT('',(0.,280.));
#13217 = VECTOR('',#13218,1.);
#13218 = DIRECTION('',(1.,0.));
#13219 = ( GEOMETRIC_REPRESENTATION_CONTEXT(2) 
PARAMETRIC_REPRESENTATION_CONTEXT() REPRESENTATION_CONTEXT('2D SPACE',''
  ) );
#13220 = PCURVE('',#13114,#13221);
#13221 = DEFINITIONAL_REPRESENTATION('',(#13222),#13226);
#13222 = LINE('',#13223,#13224);
#13223 = CARTESIAN_POINT('',(0.,0.));
#13224 = VECTOR('',#13225,1.);
#13225 = DIRECTION('',(0.,1.));
#13226 = ( GEOMETRIC_REPRESENTATION_CONTEXT(2) 
PARAMETRIC_REPRESENTATION_CONTEXT() REPRESENTATION_CONTEXT('2D SPACE',''
  ) );
#13227 = ADVANCED_FACE('',(#13228),#13195,.T.);
#13228 = FACE_BOUND('',#13229,.T.);
#13229 = EDGE_LOOP('',(#13230,#13253,#13254,#13277));
#13230 = ORIENTED_EDGE('',*,*,#13231,.F.);
#13231 = EDGE_CURVE('',#13157,#13232,#13234,.T.);
#13232 = VERTEX_POINT('',#13233);
#13233 = CARTESIAN_POINT('',(127.5,25.,-9.));
#13234 = SURFACE_CURVE('',#13235,(#13239,#13246),.PCURVE_S1.);
#13235 = LINE('',#13236,#13237);
#13236 = CARTESIAN_POINT('',(120.5,25.,-9.));
#13237 = VECTOR('',#13238,1.);
#13238 = DIRECTION('',(1.,0.,2.22044604925E-16));
#13239 = PCURVE('',#13195,#13240);
#13240 = DEFINITIONAL_REPRESENTATION('',(#13241),#13245);
#13241 = LINE('',#13242,#13243);
#13242 = CARTESIAN_POINT('',(0.,0.));
#13243 = VECTOR('',#13244,1.);
#13244 = DIRECTION('',(1.,0.));
#13245 = ( GEOMETRIC_REPRESENTATION_CONTEXT(2) 
PARAMETRIC_REPRESENTATION_CONTEXT() REPRESENTATION_CONTEXT('2D SPACE',''
  ) );
#13246 = PCURVE('',#13058,#13247);
#13247 = DEFINITIONAL_REPRESENTATION('',(#13248),#13252);
#13248 = LINE('',#13249,#13250);
#13249 = CARTESIAN_POINT('',(0.,18.));
#13250 = VECTOR('',#13251,1.);
#13251 = DIRECTION('',(1.,0.));
#13252 = ( GEOMETRIC_REPRESENTATION_CONTEXT(2) 
PARAMETRIC_REPRESENTATION_CONTEXT() REPRESENTATION_CONTEXT('2D SPACE',''
  ) );
#13253 = ORIENTED_EDGE('',*,*,#13179,.T.);
#13254 = ORIENTED_EDGE('',*,*,#13255,.T.);
#13255 = EDGE_CURVE('',#13180,#13256,#13258,.T.);
#13256 = VERTEX_POINT('',#13257);
#13257 = CARTESIAN_POINT('',(127.5,305.,-9.));
#13258 = SURFACE_CURVE('',#13259,(#13263,#13270),.PCURVE_S1.);
#13259 = LINE('',#13260,#13261);
#13260 = CARTESIAN_POINT('',(120.5,305.,-9.));
#13261 = VECTOR('',#13262,1.);
#13262 = DIRECTION('',(1.,0.,2.22044604925E-16));
#13263 = PCURVE('',#13195,#13264);
#13264 = DEFINITIONAL_REPRESENTATION('',(#13265),#13269);
#13265 = LINE('',#13266,#13267);
#13266 = CARTESIAN_POINT('',(0.,-280.));
#13267 = VECTOR('',#13268,1.);
#13268 = DIRECTION('',(1.,0.));
#13269 = ( GEOMETRIC_REPRESENTATION_CONTEXT(2) 
PARAMETRIC_REPRESENTATION_CONTEXT() REPRESENTATION_CONTEXT('2D SPACE',''
  ) );
#13270 = PCURVE('',#13114,#13271);
#13271 = DEFINITIONAL_REPRESENTATION('',(#13272),#13276);
#13272 = LINE('',#13273,#13274);
#13273 = CARTESIAN_POINT('',(0.,18.));
#13274 = VECTOR('',#13275,1.);
#13275 = DIRECTION('',(1.,0.));
#13276 = ( GEOMETRIC_REPRESENTATION_CONTEXT(2) 
PARAMETRIC_REPRESENTATION_CONTEXT() REPRESENTATION_CONTEXT('2D SPACE',''
  ) );
#13277 = ORIENTED_EDGE('',*,*,#13278,.F.);
#13278 = EDGE_CURVE('',#13232,#13256,#13279,.T.);
#13279 = SURFACE_CURVE('',#13280,(#13284,#13291),.PCURVE_S1.);
#13280 = LINE('',#13281,#13282);
#13281 = CARTESIAN_POINT('',(127.5,25.,-9.));
#13282 = VECTOR('',#13283,1.);
#13283 = DIRECTION('',(0.,1.,0.));
#13284 = PCURVE('',#13195,#13285);
#13285 = DEFINITIONAL_REPRESENTATION('',(#13286),#13290);
#13286 = LINE('',#13287,#13288);
#13287 = CARTESIAN_POINT('',(7.,0.));
#13288 = VECTOR('',#13289,1.);
#13289 = DIRECTION('',(0.,-1.));
#13290 = ( GEOMETRIC_REPRESENTATION_CONTEXT(2) 
PARAMETRIC_REPRESENTATION_CONTEXT() REPRESENTATION_CONTEXT('2D SPACE',''
  ) );
#13291 = PCURVE('',#13140,#13292);
#13292 = DEFINITIONAL_REPRESENTATION('',(#13293),#13297);
#13293 = LINE('',#13294,#13295);
#13294 = CARTESIAN_POINT('',(18.,0.));
#13295 = VECTOR('',#13296,1.);
#13296 = DIRECTION('',(0.,1.));
#13297 = ( GEOMETRIC_REPRESENTATION_CONTEXT(2) 
PARAMETRIC_REPRESENTATION_CONTEXT() REPRESENTATION_CONTEXT('2D SPACE',''
  ) );
#13298 = ADVANCED_FACE('',(#13299),#13114,.T.);
#13299 = FACE_BOUND('',#13300,.T.);
#13300 = EDGE_LOOP('',(#13301,#13302,#13303,#13324));
#13301 = ORIENTED_EDGE('',*,*,#13207,.F.);
#13302 = ORIENTED_EDGE('',*,*,#13098,.T.);
#13303 = ORIENTED_EDGE('',*,*,#13304,.T.);
#13304 = EDGE_CURVE('',#13099,#13256,#13305,.T.);
#13305 = SURFACE_CURVE('',#13306,(#13310,#13317),.PCURVE_S1.);
#13306 = LINE('',#13307,#13308);
#13307 = CARTESIAN_POINT('',(127.5,305.,9.));
#13308 = VECTOR('',#13309,1.);
#13309 = DIRECTION('',(2.22044604925E-16,0.,-1.));
#13310 = PCURVE('',#13114,#13311);
#13311 = DEFINITIONAL_REPRESENTATION('',(#13312),#13316);
#13312 = LINE('',#13313,#13314);
#13313 = CARTESIAN_POINT('',(7.,0.));
#13314 = VECTOR('',#13315,1.);
#13315 = DIRECTION('',(0.,1.));
#13316 = ( GEOMETRIC_REPRESENTATION_CONTEXT(2) 
PARAMETRIC_REPRESENTATION_CONTEXT() REPRESENTATION_CONTEXT('2D SPACE',''
  ) );
#13317 = PCURVE('',#13140,#13318);
#13318 = DEFINITIONAL_REPRESENTATION('',(#13319),#13323);
#13319 = LINE('',#13320,#13321);
#13320 = CARTESIAN_POINT('',(0.,280.));
#13321 = VECTOR('',#13322,1.);
#13322 = DIRECTION('',(1.,0.));
#13323 = ( GEOMETRIC_REPRESENTATION_CONTEXT(2) 
PARAMETRIC_REPRESENTATION_CONTEXT() REPRESENTATION_CONTEXT('2D SPACE',''
  ) );
#13324 = ORIENTED_EDGE('',*,*,#13255,.F.);
#13325 = ADVANCED_FACE('',(#13326),#13140,.T.);
#13326 = FACE_BOUND('',#13327,.T.);
#13327 = EDGE_LOOP('',(#13328,#13329,#13350,#13351));
#13328 = ORIENTED_EDGE('',*,*,#13126,.F.);
#13329 = ORIENTED_EDGE('',*,*,#13330,.T.);
#13330 = EDGE_CURVE('',#13038,#13232,#13331,.T.);
#13331 = SURFACE_CURVE('',#13332,(#13336,#13343),.PCURVE_S1.);
#13332 = LINE('',#13333,#13334);
#13333 = CARTESIAN_POINT('',(127.5,25.,9.));
#13334 = VECTOR('',#13335,1.);
#13335 = DIRECTION('',(2.22044604925E-16,0.,-1.));
#13336 = PCURVE('',#13140,#13337);
#13337 = DEFINITIONAL_REPRESENTATION('',(#13338),#13342);
#13338 = LINE('',#13339,#13340);
#13339 = CARTESIAN_POINT('',(0.,0.));
#13340 = VECTOR('',#13341,1.);
#13341 = DIRECTION('',(1.,0.));
#13342 = ( GEOMETRIC_REPRESENTATION_CONTEXT(2) 
PARAMETRIC_REPRESENTATION_CONTEXT() REPRESENTATION_CONTEXT('2D SPACE',''
  ) );
#13343 = PCURVE('',#13058,#13344);
#13344 = DEFINITIONAL_REPRESENTATION('',(#13345),#13349);
#13345 = LINE('',#13346,#13347);
#13346 = CARTESIAN_POINT('',(7.,0.));
#13347 = VECTOR('',#13348,1.);
#13348 = DIRECTION('',(0.,1.));
#13349 = ( GEOMETRIC_REPRESENTATION_CONTEXT(2) 
PARAMETRIC_REPRESENTATION_CONTEXT() REPRESENTATION_CONTEXT('2D SPACE',''
  ) );
#13350 = ORIENTED_EDGE('',*,*,#13278,.T.);
#13351 = ORIENTED_EDGE('',*,*,#13304,.F.);
#13352 = ADVANCED_FACE('',(#13353),#13058,.F.);
#13353 = FACE_BOUND('',#13354,.F.);
#13354 = EDGE_LOOP('',(#13355,#13356,#13357,#13358));
#13355 = ORIENTED_EDGE('',*,*,#13156,.F.);
#13356 = ORIENTED_EDGE('',*,*,#13035,.T.);
#13357 = ORIENTED_EDGE('',*,*,#13330,.T.);
#13358 = ORIENTED_EDGE('',*,*,#13231,.F.);
#13359 = MANIFOLD_SOLID_BREP('',#13360);
#13360 = CLOSED_SHELL('',(#13361,#13481,#13557,#13628,#13655,#13682));
#13361 = ADVANCED_FACE('',(#13362),#13376,.F.);
#13362 = FACE_BOUND('',#13363,.F.);
#13363 = EDGE_LOOP('',(#13364,#13399,#13427,#13455));
#13364 = ORIENTED_EDGE('',*,*,#13365,.F.);
#13365 = EDGE_CURVE('',#13366,#13368,#13370,.T.);
#13366 = VERTEX_POINT('',#13367);
#13367 = CARTESIAN_POINT('',(119.48150182351,25.,-18.03942133209));
#13368 = VERTEX_POINT('',#13369);
#13369 = CARTESIAN_POINT('',(126.30599720878,25.,-19.59706786979));
#13370 = SURFACE_CURVE('',#13371,(#13375,#13387),.PCURVE_S1.);
#13371 = LINE('',#13372,#13373);
#13372 = CARTESIAN_POINT('',(119.48150182351,25.,-18.03942133209));
#13373 = VECTOR('',#13374,1.);
#13374 = DIRECTION('',(0.974927912182,0.,-0.222520933956));
#13375 = PCURVE('',#13376,#13381);
#13376 = PLANE('',#13377);
#13377 = AXIS2_PLACEMENT_3D('',#13378,#13379,#13380);
#13378 = CARTESIAN_POINT('',(119.48150182351,25.,-18.03942133209));
#13379 = DIRECTION('',(-0.222520933956,0.,-0.974927912182));
#13380 = DIRECTION('',(0.974927912182,0.,-0.222520933956));
#13381 = DEFINITIONAL_REPRESENTATION('',(#13382),#13386);
#13382 = LINE('',#13383,#13384);
#13383 = CARTESIAN_POINT('',(0.,0.));
#13384 = VECTOR('',#13385,1.);
#13385 = DIRECTION('',(1.,0.));
#13386 = ( GEOMETRIC_REPRESENTATION_CONTEXT(2) 
PARAMETRIC_REPRESENTATION_CONTEXT() REPRESENTATION_CONTEXT('2D SPACE',''
  ) );
#13387 = PCURVE('',#13388,#13393);
#13388 = PLANE('',#13389);
#13389 = AXIS2_PLACEMENT_3D('',#13390,#13391,#13392);
#13390 = CARTESIAN_POINT('',(119.48150182351,25.,-18.03942133209));
#13391 = DIRECTION('',(0.,1.,0.));
#13392 = DIRECTION('',(0.974927912182,0.,-0.222520933956));
#13393 = DEFINITIONAL_REPRESENTATION('',(#13394),#13398);
#13394 = LINE('',#13395,#13396);
#13395 = CARTESIAN_POINT('',(0.,0.));
#13396 = VECTOR('',#13397,1.);
#13397 = DIRECTION('',(1.,0.));
#13398 = ( GEOMETRIC_REPRESENTATION_CONTEXT(2) 
PARAMETRIC_REPRESENTATION_CONTEXT() REPRESENTATION_CONTEXT('2D SPACE',''
  ) );
#13399 = ORIENTED_EDGE('',*,*,#13400,.T.);
#13400 = EDGE_CURVE('',#13366,#13401,#13403,.T.);
#13401 = VERTEX_POINT('',#13402);
#13402 = CARTESIAN_POINT('',(119.48150182351,305.,-18.03942133209));
#13403 = SURFACE_CURVE('',#13404,(#13408,#13415),.PCURVE_S1.);
#13404 = LINE('',#13405,#13406);
#13405 = CARTESIAN_POINT('',(119.48150182351,25.,-18.03942133209));
#13406 = VECTOR('',#13407,1.);
#13407 = DIRECTION('',(0.,1.,0.));
#13408 = PCURVE('',#13376,#13409);
#13409 = DEFINITIONAL_REPRESENTATION('',(#13410),#13414);
#13410 = LINE('',#13411,#13412);
#13411 = CARTESIAN_POINT('',(0.,0.));
#13412 = VECTOR('',#13413,1.);
#13413 = DIRECTION('',(0.,-1.));
#13414 = ( GEOMETRIC_REPRESENTATION_CONTEXT(2) 
PARAMETRIC_REPRESENTATION_CONTEXT() REPRESENTATION_CONTEXT('2D SPACE',''
  ) );
#13415 = PCURVE('',#13416,#13421);
#13416 = PLANE('',#13417);
#13417 = AXIS2_PLACEMENT_3D('',#13418,#13419,#13420);
#13418 = CARTESIAN_POINT('',(119.48150182351,25.,-18.03942133209));
#13419 = DIRECTION('',(0.974927912182,0.,-0.222520933956));
#13420 = DIRECTION('',(-0.222520933956,0.,-0.974927912182));
#13421 = DEFINITIONAL_REPRESENTATION('',(#13422),#13426);
#13422 = LINE('',#13423,#13424);
#13423 = CARTESIAN_POINT('',(0.,0.));
#13424 = VECTOR('',#13425,1.);
#13425 = DIRECTION('',(0.,1.));
#13426 = ( GEOMETRIC_REPRESENTATION_CONTEXT(2) 
PARAMETRIC_REPRESENTATION_CONTEXT() REPRESENTATION_CONTEXT('2D SPACE',''
  ) );
#13427 = ORIENTED_EDGE('',*,*,#13428,.T.);
#13428 = EDGE_CURVE('',#13401,#13429,#13431,.T.);
#13429 = VERTEX_POINT('',#13430);
#13430 = CARTESIAN_POINT('',(126.30599720878,305.,-19.59706786979));
#13431 = SURFACE_CURVE('',#13432,(#13436,#13443),.PCURVE_S1.);
#13432 = LINE('',#13433,#13434);
#13433 = CARTESIAN_POINT('',(119.48150182351,305.,-18.03942133209));
#13434 = VECTOR('',#13435,1.);
#13435 = DIRECTION('',(0.974927912182,0.,-0.222520933956));
#13436 = PCURVE('',#13376,#13437);
#13437 = DEFINITIONAL_REPRESENTATION('',(#13438),#13442);
#13438 = LINE('',#13439,#13440);
#13439 = CARTESIAN_POINT('',(0.,-280.));
#13440 = VECTOR('',#13441,1.);
#13441 = DIRECTION('',(1.,0.));
#13442 = ( GEOMETRIC_REPRESENTATION_CONTEXT(2) 
PARAMETRIC_REPRESENTATION_CONTEXT() REPRESENTATION_CONTEXT('2D SPACE',''
  ) );
#13443 = PCURVE('',#13444,#13449);
#13444 = PLANE('',#13445);
#13445 = AXIS2_PLACEMENT_3D('',#13446,#13447,#13448);
#13446 = CARTESIAN_POINT('',(119.48150182351,305.,-18.03942133209));
#13447 = DIRECTION('',(0.,1.,0.));
#13448 = DIRECTION('',(0.974927912182,0.,-0.222520933956));
#13449 = DEFINITIONAL_REPRESENTATION('',(#13450),#13454);
#13450 = LINE('',#13451,#13452);
#13451 = CARTESIAN_POINT('',(0.,0.));
#13452 = VECTOR('',#13453,1.);
#13453 = DIRECTION('',(1.,0.));
#13454 = ( GEOMETRIC_REPRESENTATION_CONTEXT(2) 
PARAMETRIC_REPRESENTATION_CONTEXT() REPRESENTATION_CONTEXT('2D SPACE',''
  ) );
#13455 = ORIENTED_EDGE('',*,*,#13456,.F.);
#13456 = EDGE_CURVE('',#13368,#13429,#13457,.T.);
#13457 = SURFACE_CURVE('',#13458,(#13462,#13469),.PCURVE_S1.);
#13458 = LINE('',#13459,#13460);
#13459 = CARTESIAN_POINT('',(126.30599720878,25.,-19.59706786979));
#13460 = VECTOR('',#13461,1.);
#13461 = DIRECTION('',(0.,1.,0.));
#13462 = PCURVE('',#13376,#13463);
#13463 = DEFINITIONAL_REPRESENTATION('',(#13464),#13468);
#13464 = LINE('',#13465,#13466);
#13465 = CARTESIAN_POINT('',(7.,0.));
#13466 = VECTOR('',#13467,1.);
#13467 = DIRECTION('',(0.,-1.));
#13468 = ( GEOMETRIC_REPRESENTATION_CONTEXT(2) 
PARAMETRIC_REPRESENTATION_CONTEXT() REPRESENTATION_CONTEXT('2D SPACE',''
  ) );
#13469 = PCURVE('',#13470,#13475);
#13470 = PLANE('',#13471);
#13471 = AXIS2_PLACEMENT_3D('',#13472,#13473,#13474);
#13472 = CARTESIAN_POINT('',(126.30599720878,25.,-19.59706786979));
#13473 = DIRECTION('',(0.974927912182,0.,-0.222520933956));
#13474 = DIRECTION('',(-0.222520933956,0.,-0.974927912182));
#13475 = DEFINITIONAL_REPRESENTATION('',(#13476),#13480);
#13476 = LINE('',#13477,#13478);
#13477 = CARTESIAN_POINT('',(0.,0.));
#13478 = VECTOR('',#13479,1.);
#13479 = DIRECTION('',(0.,1.));
#13480 = ( GEOMETRIC_REPRESENTATION_CONTEXT(2) 
PARAMETRIC_REPRESENTATION_CONTEXT() REPRESENTATION_CONTEXT('2D SPACE',''
  ) );
#13481 = ADVANCED_FACE('',(#13482),#13416,.F.);
#13482 = FACE_BOUND('',#13483,.F.);
#13483 = EDGE_LOOP('',(#13484,#13485,#13508,#13536));
#13484 = ORIENTED_EDGE('',*,*,#13400,.F.);
#13485 = ORIENTED_EDGE('',*,*,#13486,.T.);
#13486 = EDGE_CURVE('',#13366,#13487,#13489,.T.);
#13487 = VERTEX_POINT('',#13488);
#13488 = CARTESIAN_POINT('',(115.4761250123,25.,-35.58812375137));
#13489 = SURFACE_CURVE('',#13490,(#13494,#13501),.PCURVE_S1.);
#13490 = LINE('',#13491,#13492);
#13491 = CARTESIAN_POINT('',(119.48150182351,25.,-18.03942133209));
#13492 = VECTOR('',#13493,1.);
#13493 = DIRECTION('',(-0.222520933956,0.,-0.974927912182));
#13494 = PCURVE('',#13416,#13495);
#13495 = DEFINITIONAL_REPRESENTATION('',(#13496),#13500);
#13496 = LINE('',#13497,#13498);
#13497 = CARTESIAN_POINT('',(0.,0.));
#13498 = VECTOR('',#13499,1.);
#13499 = DIRECTION('',(1.,0.));
#13500 = ( GEOMETRIC_REPRESENTATION_CONTEXT(2) 
PARAMETRIC_REPRESENTATION_CONTEXT() REPRESENTATION_CONTEXT('2D SPACE',''
  ) );
#13501 = PCURVE('',#13388,#13502);
#13502 = DEFINITIONAL_REPRESENTATION('',(#13503),#13507);
#13503 = LINE('',#13504,#13505);
#13504 = CARTESIAN_POINT('',(0.,0.));
#13505 = VECTOR('',#13506,1.);
#13506 = DIRECTION('',(0.,1.));
#13507 = ( GEOMETRIC_REPRESENTATION_CONTEXT(2) 
PARAMETRIC_REPRESENTATION_CONTEXT() REPRESENTATION_CONTEXT('2D SPACE',''
  ) );
#13508 = ORIENTED_EDGE('',*,*,#13509,.T.);
#13509 = EDGE_CURVE('',#13487,#13510,#13512,.T.);
#13510 = VERTEX_POINT('',#13511);
#13511 = CARTESIAN_POINT('',(115.4761250123,305.,-35.58812375137));
#13512 = SURFACE_CURVE('',#13513,(#13517,#13524),.PCURVE_S1.);
#13513 = LINE('',#13514,#13515);
#13514 = CARTESIAN_POINT('',(115.4761250123,25.,-35.58812375137));
#13515 = VECTOR('',#13516,1.);
#13516 = DIRECTION('',(0.,1.,0.));
#13517 = PCURVE('',#13416,#13518);
#13518 = DEFINITIONAL_REPRESENTATION('',(#13519),#13523);
#13519 = LINE('',#13520,#13521);
#13520 = CARTESIAN_POINT('',(18.,0.));
#13521 = VECTOR('',#13522,1.);
#13522 = DIRECTION('',(0.,1.));
#13523 = ( GEOMETRIC_REPRESENTATION_CONTEXT(2) 
PARAMETRIC_REPRESENTATION_CONTEXT() REPRESENTATION_CONTEXT('2D SPACE',''
  ) );
#13524 = PCURVE('',#13525,#13530);
#13525 = PLANE('',#13526);
#13526 = AXIS2_PLACEMENT_3D('',#13527,#13528,#13529);
#13527 = CARTESIAN_POINT('',(115.4761250123,25.,-35.58812375137));
#13528 = DIRECTION('',(-0.222520933956,0.,-0.974927912182));
#13529 = DIRECTION('',(0.974927912182,0.,-0.222520933956));
#13530 = DEFINITIONAL_REPRESENTATION('',(#13531),#13535);
#13531 = LINE('',#13532,#13533);
#13532 = CARTESIAN_POINT('',(0.,0.));
#13533 = VECTOR('',#13534,1.);
#13534 = DIRECTION('',(0.,-1.));
#13535 = ( GEOMETRIC_REPRESENTATION_CONTEXT(2) 
PARAMETRIC_REPRESENTATION_CONTEXT() REPRESENTATION_CONTEXT('2D SPACE',''
  ) );
#13536 = ORIENTED_EDGE('',*,*,#13537,.F.);
#13537 = EDGE_CURVE('',#13401,#13510,#13538,.T.);
#13538 = SURFACE_CURVE('',#13539,(#13543,#13550),.PCURVE_S1.);
#13539 = LINE('',#13540,#13541);
#13540 = CARTESIAN_POINT('',(119.48150182351,305.,-18.03942133209));
#13541 = VECTOR('',#13542,1.);
#13542 = DIRECTION('',(-0.222520933956,0.,-0.974927912182));
#13543 = PCURVE('',#13416,#13544);
#13544 = DEFINITIONAL_REPRESENTATION('',(#13545),#13549);
#13545 = LINE('',#13546,#13547);
#13546 = CARTESIAN_POINT('',(0.,280.));
#13547 = VECTOR('',#13548,1.);
#13548 = DIRECTION('',(1.,0.));
#13549 = ( GEOMETRIC_REPRESENTATION_CONTEXT(2) 
PARAMETRIC_REPRESENTATION_CONTEXT() REPRESENTATION_CONTEXT('2D SPACE',''
  ) );
#13550 = PCURVE('',#13444,#13551);
#13551 = DEFINITIONAL_REPRESENTATION('',(#13552),#13556);
#13552 = LINE('',#13553,#13554);
#13553 = CARTESIAN_POINT('',(0.,0.));
#13554 = VECTOR('',#13555,1.);
#13555 = DIRECTION('',(0.,1.));
#13556 = ( GEOMETRIC_REPRESENTATION_CONTEXT(2) 
PARAMETRIC_REPRESENTATION_CONTEXT() REPRESENTATION_CONTEXT('2D SPACE',''
  ) );
#13557 = ADVANCED_FACE('',(#13558),#13525,.T.);
#13558 = FACE_BOUND('',#13559,.T.);
#13559 = EDGE_LOOP('',(#13560,#13583,#13584,#13607));
#13560 = ORIENTED_EDGE('',*,*,#13561,.F.);
#13561 = EDGE_CURVE('',#13487,#13562,#13564,.T.);
#13562 = VERTEX_POINT('',#13563);
#13563 = CARTESIAN_POINT('',(122.30062039757,25.,-37.14577028906));
#13564 = SURFACE_CURVE('',#13565,(#13569,#13576),.PCURVE_S1.);
#13565 = LINE('',#13566,#13567);
#13566 = CARTESIAN_POINT('',(115.4761250123,25.,-35.58812375137));
#13567 = VECTOR('',#13568,1.);
#13568 = DIRECTION('',(0.974927912182,0.,-0.222520933956));
#13569 = PCURVE('',#13525,#13570);
#13570 = DEFINITIONAL_REPRESENTATION('',(#13571),#13575);
#13571 = LINE('',#13572,#13573);
#13572 = CARTESIAN_POINT('',(0.,0.));
#13573 = VECTOR('',#13574,1.);
#13574 = DIRECTION('',(1.,0.));
#13575 = ( GEOMETRIC_REPRESENTATION_CONTEXT(2) 
PARAMETRIC_REPRESENTATION_CONTEXT() REPRESENTATION_CONTEXT('2D SPACE',''
  ) );
#13576 = PCURVE('',#13388,#13577);
#13577 = DEFINITIONAL_REPRESENTATION('',(#13578),#13582);
#13578 = LINE('',#13579,#13580);
#13579 = CARTESIAN_POINT('',(0.,18.));
#13580 = VECTOR('',#13581,1.);
#13581 = DIRECTION('',(1.,0.));
#13582 = ( GEOMETRIC_REPRESENTATION_CONTEXT(2) 
PARAMETRIC_REPRESENTATION_CONTEXT() REPRESENTATION_CONTEXT('2D SPACE',''
  ) );
#13583 = ORIENTED_EDGE('',*,*,#13509,.T.);
#13584 = ORIENTED_EDGE('',*,*,#13585,.T.);
#13585 = EDGE_CURVE('',#13510,#13586,#13588,.T.);
#13586 = VERTEX_POINT('',#13587);
#13587 = CARTESIAN_POINT('',(122.30062039757,305.,-37.14577028906));
#13588 = SURFACE_CURVE('',#13589,(#13593,#13600),.PCURVE_S1.);
#13589 = LINE('',#13590,#13591);
#13590 = CARTESIAN_POINT('',(115.4761250123,305.,-35.58812375137));
#13591 = VECTOR('',#13592,1.);
#13592 = DIRECTION('',(0.974927912182,0.,-0.222520933956));
#13593 = PCURVE('',#13525,#13594);
#13594 = DEFINITIONAL_REPRESENTATION('',(#13595),#13599);
#13595 = LINE('',#13596,#13597);
#13596 = CARTESIAN_POINT('',(0.,-280.));
#13597 = VECTOR('',#13598,1.);
#13598 = DIRECTION('',(1.,0.));
#13599 = ( GEOMETRIC_REPRESENTATION_CONTEXT(2) 
PARAMETRIC_REPRESENTATION_CONTEXT() REPRESENTATION_CONTEXT('2D SPACE',''
  ) );
#13600 = PCURVE('',#13444,#13601);
#13601 = DEFINITIONAL_REPRESENTATION('',(#13602),#13606);
#13602 = LINE('',#13603,#13604);
#13603 = CARTESIAN_POINT('',(0.,18.));
#13604 = VECTOR('',#13605,1.);
#13605 = DIRECTION('',(1.,0.));
#13606 = ( GEOMETRIC_REPRESENTATION_CONTEXT(2) 
PARAMETRIC_REPRESENTATION_CONTEXT() REPRESENTATION_CONTEXT('2D SPACE',''
  ) );
#13607 = ORIENTED_EDGE('',*,*,#13608,.F.);
#13608 = EDGE_CURVE('',#13562,#13586,#13609,.T.);
#13609 = SURFACE_CURVE('',#13610,(#13614,#13621),.PCURVE_S1.);
#13610 = LINE('',#13611,#13612);
#13611 = CARTESIAN_POINT('',(122.30062039757,25.,-37.14577028906));
#13612 = VECTOR('',#13613,1.);
#13613 = DIRECTION('',(0.,1.,0.));
#13614 = PCURVE('',#13525,#13615);
#13615 = DEFINITIONAL_REPRESENTATION('',(#13616),#13620);
#13616 = LINE('',#13617,#13618);
#13617 = CARTESIAN_POINT('',(7.,0.));
#13618 = VECTOR('',#13619,1.);
#13619 = DIRECTION('',(0.,-1.));
#13620 = ( GEOMETRIC_REPRESENTATION_CONTEXT(2) 
PARAMETRIC_REPRESENTATION_CONTEXT() REPRESENTATION_CONTEXT('2D SPACE',''
  ) );
#13621 = PCURVE('',#13470,#13622);
#13622 = DEFINITIONAL_REPRESENTATION('',(#13623),#13627);
#13623 = LINE('',#13624,#13625);
#13624 = CARTESIAN_POINT('',(18.,0.));
#13625 = VECTOR('',#13626,1.);
#13626 = DIRECTION('',(0.,1.));
#13627 = ( GEOMETRIC_REPRESENTATION_CONTEXT(2) 
PARAMETRIC_REPRESENTATION_CONTEXT() REPRESENTATION_CONTEXT('2D SPACE',''
  ) );
#13628 = ADVANCED_FACE('',(#13629),#13444,.T.);
#13629 = FACE_BOUND('',#13630,.T.);
#13630 = EDGE_LOOP('',(#13631,#13632,#13633,#13654));
#13631 = ORIENTED_EDGE('',*,*,#13537,.F.);
#13632 = ORIENTED_EDGE('',*,*,#13428,.T.);
#13633 = ORIENTED_EDGE('',*,*,#13634,.T.);
#13634 = EDGE_CURVE('',#13429,#13586,#13635,.T.);
#13635 = SURFACE_CURVE('',#13636,(#13640,#13647),.PCURVE_S1.);
#13636 = LINE('',#13637,#13638);
#13637 = CARTESIAN_POINT('',(126.30599720878,305.,-19.59706786979));
#13638 = VECTOR('',#13639,1.);
#13639 = DIRECTION('',(-0.222520933956,0.,-0.974927912182));
#13640 = PCURVE('',#13444,#13641);
#13641 = DEFINITIONAL_REPRESENTATION('',(#13642),#13646);
#13642 = LINE('',#13643,#13644);
#13643 = CARTESIAN_POINT('',(7.,0.));
#13644 = VECTOR('',#13645,1.);
#13645 = DIRECTION('',(0.,1.));
#13646 = ( GEOMETRIC_REPRESENTATION_CONTEXT(2) 
PARAMETRIC_REPRESENTATION_CONTEXT() REPRESENTATION_CONTEXT('2D SPACE',''
  ) );
#13647 = PCURVE('',#13470,#13648);
#13648 = DEFINITIONAL_REPRESENTATION('',(#13649),#13653);
#13649 = LINE('',#13650,#13651);
#13650 = CARTESIAN_POINT('',(0.,280.));
#13651 = VECTOR('',#13652,1.);
#13652 = DIRECTION('',(1.,0.));
#13653 = ( GEOMETRIC_REPRESENTATION_CONTEXT(2) 
PARAMETRIC_REPRESENTATION_CONTEXT() REPRESENTATION_CONTEXT('2D SPACE',''
  ) );
#13654 = ORIENTED_EDGE('',*,*,#13585,.F.);
#13655 = ADVANCED_FACE('',(#13656),#13470,.T.);
#13656 = FACE_BOUND('',#13657,.T.);
#13657 = EDGE_LOOP('',(#13658,#13659,#13680,#13681));
#13658 = ORIENTED_EDGE('',*,*,#13456,.F.);
#13659 = ORIENTED_EDGE('',*,*,#13660,.T.);
#13660 = EDGE_CURVE('',#13368,#13562,#13661,.T.);
#13661 = SURFACE_CURVE('',#13662,(#13666,#13673),.PCURVE_S1.);
#13662 = LINE('',#13663,#13664);
#13663 = CARTESIAN_POINT('',(126.30599720878,25.,-19.59706786979));
#13664 = VECTOR('',#13665,1.);
#13665 = DIRECTION('',(-0.222520933956,0.,-0.974927912182));
#13666 = PCURVE('',#13470,#13667);
#13667 = DEFINITIONAL_REPRESENTATION('',(#13668),#13672);
#13668 = LINE('',#13669,#13670);
#13669 = CARTESIAN_POINT('',(0.,0.));
#13670 = VECTOR('',#13671,1.);
#13671 = DIRECTION('',(1.,0.));
#13672 = ( GEOMETRIC_REPRESENTATION_CONTEXT(2) 
PARAMETRIC_REPRESENTATION_CONTEXT() REPRESENTATION_CONTEXT('2D SPACE',''
  ) );
#13673 = PCURVE('',#13388,#13674);
#13674 = DEFINITIONAL_REPRESENTATION('',(#13675),#13679);
#13675 = LINE('',#13676,#13677);
#13676 = CARTESIAN_POINT('',(7.,0.));
#13677 = VECTOR('',#13678,1.);
#13678 = DIRECTION('',(0.,1.));
#13679 = ( GEOMETRIC_REPRESENTATION_CONTEXT(2) 
PARAMETRIC_REPRESENTATION_CONTEXT() REPRESENTATION_CONTEXT('2D SPACE',''
  ) );
#13680 = ORIENTED_EDGE('',*,*,#13608,.T.);
#13681 = ORIENTED_EDGE('',*,*,#13634,.F.);
#13682 = ADVANCED_FACE('',(#13683),#13388,.F.);
#13683 = FACE_BOUND('',#13684,.F.);
#13684 = EDGE_LOOP('',(#13685,#13686,#13687,#13688));
#13685 = ORIENTED_EDGE('',*,*,#13486,.F.);
#13686 = ORIENTED_EDGE('',*,*,#13365,.T.);
#13687 = ORIENTED_EDGE('',*,*,#13660,.T.);
#13688 = ORIENTED_EDGE('',*,*,#13561,.F.);
#13689 = MANIFOLD_SOLID_BREP('',#13690);
#13690 = CLOSED_SHELL('',(#13691,#13811,#13887,#13958,#13985,#14012));
#13691 = ADVANCED_FACE('',(#13692),#13706,.F.);
#13692 = FACE_BOUND('',#13693,.F.);
#13693 = EDGE_LOOP('',(#13694,#13729,#13757,#13785));
#13694 = ORIENTED_EDGE('',*,*,#13695,.F.);
#13695 = EDGE_CURVE('',#13696,#13698,#13700,.T.);
#13696 = VERTEX_POINT('',#13697);
#13697 = CARTESIAN_POINT('',(112.4717022343,25.,-44.17427075254));
#13698 = VERTEX_POINT('',#13699);
#13699 = CARTESIAN_POINT('',(118.77848430961,25.,-47.21145692636));
#13700 = SURFACE_CURVE('',#13701,(#13705,#13717),.PCURVE_S1.);
#13701 = LINE('',#13702,#13703);
#13702 = CARTESIAN_POINT('',(112.4717022343,25.,-44.17427075254));
#13703 = VECTOR('',#13704,1.);
#13704 = DIRECTION('',(0.900968867902,0.,-0.433883739118));
#13705 = PCURVE('',#13706,#13711);
#13706 = PLANE('',#13707);
#13707 = AXIS2_PLACEMENT_3D('',#13708,#13709,#13710);
#13708 = CARTESIAN_POINT('',(112.4717022343,25.,-44.17427075254));
#13709 = DIRECTION('',(-0.433883739118,0.,-0.900968867902));
#13710 = DIRECTION('',(0.900968867902,0.,-0.433883739118));
#13711 = DEFINITIONAL_REPRESENTATION('',(#13712),#13716);
#13712 = LINE('',#13713,#13714);
#13713 = CARTESIAN_POINT('',(0.,0.));
#13714 = VECTOR('',#13715,1.);
#13715 = DIRECTION('',(1.,0.));
#13716 = ( GEOMETRIC_REPRESENTATION_CONTEXT(2) 
PARAMETRIC_REPRESENTATION_CONTEXT() REPRESENTATION_CONTEXT('2D SPACE',''
  ) );
#13717 = PCURVE('',#13718,#13723);
#13718 = PLANE('',#13719);
#13719 = AXIS2_PLACEMENT_3D('',#13720,#13721,#13722);
#13720 = CARTESIAN_POINT('',(112.4717022343,25.,-44.17427075254));
#13721 = DIRECTION('',(0.,1.,0.));
#13722 = DIRECTION('',(0.900968867902,0.,-0.433883739118));
#13723 = DEFINITIONAL_REPRESENTATION('',(#13724),#13728);
#13724 = LINE('',#13725,#13726);
#13725 = CARTESIAN_POINT('',(0.,0.));
#13726 = VECTOR('',#13727,1.);
#13727 = DIRECTION('',(1.,0.));
#13728 = ( GEOMETRIC_REPRESENTATION_CONTEXT(2) 
PARAMETRIC_REPRESENTATION_CONTEXT() REPRESENTATION_CONTEXT('2D SPACE',''
  ) );
#13729 = ORIENTED_EDGE('',*,*,#13730,.T.);
#13730 = EDGE_CURVE('',#13696,#13731,#13733,.T.);
#13731 = VERTEX_POINT('',#13732);
#13732 = CARTESIAN_POINT('',(112.4717022343,305.,-44.17427075254));
#13733 = SURFACE_CURVE('',#13734,(#13738,#13745),.PCURVE_S1.);
#13734 = LINE('',#13735,#13736);
#13735 = CARTESIAN_POINT('',(112.4717022343,25.,-44.17427075254));
#13736 = VECTOR('',#13737,1.);
#13737 = DIRECTION('',(0.,1.,0.));
#13738 = PCURVE('',#13706,#13739);
#13739 = DEFINITIONAL_REPRESENTATION('',(#13740),#13744);
#13740 = LINE('',#13741,#13742);
#13741 = CARTESIAN_POINT('',(0.,0.));
#13742 = VECTOR('',#13743,1.);
#13743 = DIRECTION('',(0.,-1.));
#13744 = ( GEOMETRIC_REPRESENTATION_CONTEXT(2) 
PARAMETRIC_REPRESENTATION_CONTEXT() REPRESENTATION_CONTEXT('2D SPACE',''
  ) );
#13745 = PCURVE('',#13746,#13751);
#13746 = PLANE('',#13747);
#13747 = AXIS2_PLACEMENT_3D('',#13748,#13749,#13750);
#13748 = CARTESIAN_POINT('',(112.4717022343,25.,-44.17427075254));
#13749 = DIRECTION('',(0.900968867902,0.,-0.433883739118));
#13750 = DIRECTION('',(-0.433883739118,0.,-0.900968867902));
#13751 = DEFINITIONAL_REPRESENTATION('',(#13752),#13756);
#13752 = LINE('',#13753,#13754);
#13753 = CARTESIAN_POINT('',(0.,0.));
#13754 = VECTOR('',#13755,1.);
#13755 = DIRECTION('',(0.,1.));
#13756 = ( GEOMETRIC_REPRESENTATION_CONTEXT(2) 
PARAMETRIC_REPRESENTATION_CONTEXT() REPRESENTATION_CONTEXT('2D SPACE',''
  ) );
#13757 = ORIENTED_EDGE('',*,*,#13758,.T.);
#13758 = EDGE_CURVE('',#13731,#13759,#13761,.T.);
#13759 = VERTEX_POINT('',#13760);
#13760 = CARTESIAN_POINT('',(118.77848430961,305.,-47.21145692636));
#13761 = SURFACE_CURVE('',#13762,(#13766,#13773),.PCURVE_S1.);
#13762 = LINE('',#13763,#13764);
#13763 = CARTESIAN_POINT('',(112.4717022343,305.,-44.17427075254));
#13764 = VECTOR('',#13765,1.);
#13765 = DIRECTION('',(0.900968867902,0.,-0.433883739118));
#13766 = PCURVE('',#13706,#13767);
#13767 = DEFINITIONAL_REPRESENTATION('',(#13768),#13772);
#13768 = LINE('',#13769,#13770);
#13769 = CARTESIAN_POINT('',(0.,-280.));
#13770 = VECTOR('',#13771,1.);
#13771 = DIRECTION('',(1.,0.));
#13772 = ( GEOMETRIC_REPRESENTATION_CONTEXT(2) 
PARAMETRIC_REPRESENTATION_CONTEXT() REPRESENTATION_CONTEXT('2D SPACE',''
  ) );
#13773 = PCURVE('',#13774,#13779);
#13774 = PLANE('',#13775);
#13775 = AXIS2_PLACEMENT_3D('',#13776,#13777,#13778);
#13776 = CARTESIAN_POINT('',(112.4717022343,305.,-44.17427075254));
#13777 = DIRECTION('',(0.,1.,0.));
#13778 = DIRECTION('',(0.900968867902,0.,-0.433883739118));
#13779 = DEFINITIONAL_REPRESENTATION('',(#13780),#13784);
#13780 = LINE('',#13781,#13782);
#13781 = CARTESIAN_POINT('',(0.,0.));
#13782 = VECTOR('',#13783,1.);
#13783 = DIRECTION('',(1.,0.));
#13784 = ( GEOMETRIC_REPRESENTATION_CONTEXT(2) 
PARAMETRIC_REPRESENTATION_CONTEXT() REPRESENTATION_CONTEXT('2D SPACE',''
  ) );
#13785 = ORIENTED_EDGE('',*,*,#13786,.F.);
#13786 = EDGE_CURVE('',#13698,#13759,#13787,.T.);
#13787 = SURFACE_CURVE('',#13788,(#13792,#13799),.PCURVE_S1.);
#13788 = LINE('',#13789,#13790);
#13789 = CARTESIAN_POINT('',(118.77848430961,25.,-47.21145692636));
#13790 = VECTOR('',#13791,1.);
#13791 = DIRECTION('',(0.,1.,0.));
#13792 = PCURVE('',#13706,#13793);
#13793 = DEFINITIONAL_REPRESENTATION('',(#13794),#13798);
#13794 = LINE('',#13795,#13796);
#13795 = CARTESIAN_POINT('',(7.,0.));
#13796 = VECTOR('',#13797,1.);
#13797 = DIRECTION('',(0.,-1.));
#13798 = ( GEOMETRIC_REPRESENTATION_CONTEXT(2) 
PARAMETRIC_REPRESENTATION_CONTEXT() REPRESENTATION_CONTEXT('2D SPACE',''
  ) );
#13799 = PCURVE('',#13800,#13805);
#13800 = PLANE('',#13801);
#13801 = AXIS2_PLACEMENT_3D('',#13802,#13803,#13804);
#13802 = CARTESIAN_POINT('',(118.77848430961,25.,-47.21145692636));
#13803 = DIRECTION('',(0.900968867902,0.,-0.433883739118));
#13804 = DIRECTION('',(-0.433883739118,0.,-0.900968867902));
#13805 = DEFINITIONAL_REPRESENTATION('',(#13806),#13810);
#13806 = LINE('',#13807,#13808);
#13807 = CARTESIAN_POINT('',(0.,0.));
#13808 = VECTOR('',#13809,1.);
#13809 = DIRECTION('',(0.,1.));
#13810 = ( GEOMETRIC_REPRESENTATION_CONTEXT(2) 
PARAMETRIC_REPRESENTATION_CONTEXT() REPRESENTATION_CONTEXT('2D SPACE',''
  ) );
#13811 = ADVANCED_FACE('',(#13812),#13746,.F.);
#13812 = FACE_BOUND('',#13813,.F.);
#13813 = EDGE_LOOP('',(#13814,#13815,#13838,#13866));
#13814 = ORIENTED_EDGE('',*,*,#13730,.F.);
#13815 = ORIENTED_EDGE('',*,*,#13816,.T.);
#13816 = EDGE_CURVE('',#13696,#13817,#13819,.T.);
#13817 = VERTEX_POINT('',#13818);
#13818 = CARTESIAN_POINT('',(104.66179493018,25.,-60.39171037478));
#13819 = SURFACE_CURVE('',#13820,(#13824,#13831),.PCURVE_S1.);
#13820 = LINE('',#13821,#13822);
#13821 = CARTESIAN_POINT('',(112.4717022343,25.,-44.17427075254));
#13822 = VECTOR('',#13823,1.);
#13823 = DIRECTION('',(-0.433883739118,0.,-0.900968867902));
#13824 = PCURVE('',#13746,#13825);
#13825 = DEFINITIONAL_REPRESENTATION('',(#13826),#13830);
#13826 = LINE('',#13827,#13828);
#13827 = CARTESIAN_POINT('',(0.,0.));
#13828 = VECTOR('',#13829,1.);
#13829 = DIRECTION('',(1.,0.));
#13830 = ( GEOMETRIC_REPRESENTATION_CONTEXT(2) 
PARAMETRIC_REPRESENTATION_CONTEXT() REPRESENTATION_CONTEXT('2D SPACE',''
  ) );
#13831 = PCURVE('',#13718,#13832);
#13832 = DEFINITIONAL_REPRESENTATION('',(#13833),#13837);
#13833 = LINE('',#13834,#13835);
#13834 = CARTESIAN_POINT('',(0.,0.));
#13835 = VECTOR('',#13836,1.);
#13836 = DIRECTION('',(0.,1.));
#13837 = ( GEOMETRIC_REPRESENTATION_CONTEXT(2) 
PARAMETRIC_REPRESENTATION_CONTEXT() REPRESENTATION_CONTEXT('2D SPACE',''
  ) );
#13838 = ORIENTED_EDGE('',*,*,#13839,.T.);
#13839 = EDGE_CURVE('',#13817,#13840,#13842,.T.);
#13840 = VERTEX_POINT('',#13841);
#13841 = CARTESIAN_POINT('',(104.66179493018,305.,-60.39171037478));
#13842 = SURFACE_CURVE('',#13843,(#13847,#13854),.PCURVE_S1.);
#13843 = LINE('',#13844,#13845);
#13844 = CARTESIAN_POINT('',(104.66179493018,25.,-60.39171037478));
#13845 = VECTOR('',#13846,1.);
#13846 = DIRECTION('',(0.,1.,0.));
#13847 = PCURVE('',#13746,#13848);
#13848 = DEFINITIONAL_REPRESENTATION('',(#13849),#13853);
#13849 = LINE('',#13850,#13851);
#13850 = CARTESIAN_POINT('',(18.,0.));
#13851 = VECTOR('',#13852,1.);
#13852 = DIRECTION('',(0.,1.));
#13853 = ( GEOMETRIC_REPRESENTATION_CONTEXT(2) 
PARAMETRIC_REPRESENTATION_CONTEXT() REPRESENTATION_CONTEXT('2D SPACE',''
  ) );
#13854 = PCURVE('',#13855,#13860);
#13855 = PLANE('',#13856);
#13856 = AXIS2_PLACEMENT_3D('',#13857,#13858,#13859);
#13857 = CARTESIAN_POINT('',(104.66179493018,25.,-60.39171037478));
#13858 = DIRECTION('',(-0.433883739118,0.,-0.900968867902));
#13859 = DIRECTION('',(0.900968867902,0.,-0.433883739118));
#13860 = DEFINITIONAL_REPRESENTATION('',(#13861),#13865);
#13861 = LINE('',#13862,#13863);
#13862 = CARTESIAN_POINT('',(0.,0.));
#13863 = VECTOR('',#13864,1.);
#13864 = DIRECTION('',(0.,-1.));
#13865 = ( GEOMETRIC_REPRESENTATION_CONTEXT(2) 
PARAMETRIC_REPRESENTATION_CONTEXT() REPRESENTATION_CONTEXT('2D SPACE',''
  ) );
#13866 = ORIENTED_EDGE('',*,*,#13867,.F.);
#13867 = EDGE_CURVE('',#13731,#13840,#13868,.T.);
#13868 = SURFACE_CURVE('',#13869,(#13873,#13880),.PCURVE_S1.);
#13869 = LINE('',#13870,#13871);
#13870 = CARTESIAN_POINT('',(112.4717022343,305.,-44.17427075254));
#13871 = VECTOR('',#13872,1.);
#13872 = DIRECTION('',(-0.433883739118,0.,-0.900968867902));
#13873 = PCURVE('',#13746,#13874);
#13874 = DEFINITIONAL_REPRESENTATION('',(#13875),#13879);
#13875 = LINE('',#13876,#13877);
#13876 = CARTESIAN_POINT('',(0.,280.));
#13877 = VECTOR('',#13878,1.);
#13878 = DIRECTION('',(1.,0.));
#13879 = ( GEOMETRIC_REPRESENTATION_CONTEXT(2) 
PARAMETRIC_REPRESENTATION_CONTEXT() REPRESENTATION_CONTEXT('2D SPACE',''
  ) );
#13880 = PCURVE('',#13774,#13881);
#13881 = DEFINITIONAL_REPRESENTATION('',(#13882),#13886);
#13882 = LINE('',#13883,#13884);
#13883 = CARTESIAN_POINT('',(0.,0.));
#13884 = VECTOR('',#13885,1.);
#13885 = DIRECTION('',(0.,1.));
#13886 = ( GEOMETRIC_REPRESENTATION_CONTEXT(2) 
PARAMETRIC_REPRESENTATION_CONTEXT() REPRESENTATION_CONTEXT('2D SPACE',''
  ) );
#13887 = ADVANCED_FACE('',(#13888),#13855,.T.);
#13888 = FACE_BOUND('',#13889,.T.);
#13889 = EDGE_LOOP('',(#13890,#13913,#13914,#13937));
#13890 = ORIENTED_EDGE('',*,*,#13891,.F.);
#13891 = EDGE_CURVE('',#13817,#13892,#13894,.T.);
#13892 = VERTEX_POINT('',#13893);
#13893 = CARTESIAN_POINT('',(110.9685770055,25.,-63.42889654861));
#13894 = SURFACE_CURVE('',#13895,(#13899,#13906),.PCURVE_S1.);
#13895 = LINE('',#13896,#13897);
#13896 = CARTESIAN_POINT('',(104.66179493018,25.,-60.39171037478));
#13897 = VECTOR('',#13898,1.);
#13898 = DIRECTION('',(0.900968867902,0.,-0.433883739118));
#13899 = PCURVE('',#13855,#13900);
#13900 = DEFINITIONAL_REPRESENTATION('',(#13901),#13905);
#13901 = LINE('',#13902,#13903);
#13902 = CARTESIAN_POINT('',(0.,0.));
#13903 = VECTOR('',#13904,1.);
#13904 = DIRECTION('',(1.,0.));
#13905 = ( GEOMETRIC_REPRESENTATION_CONTEXT(2) 
PARAMETRIC_REPRESENTATION_CONTEXT() REPRESENTATION_CONTEXT('2D SPACE',''
  ) );
#13906 = PCURVE('',#13718,#13907);
#13907 = DEFINITIONAL_REPRESENTATION('',(#13908),#13912);
#13908 = LINE('',#13909,#13910);
#13909 = CARTESIAN_POINT('',(0.,18.));
#13910 = VECTOR('',#13911,1.);
#13911 = DIRECTION('',(1.,0.));
#13912 = ( GEOMETRIC_REPRESENTATION_CONTEXT(2) 
PARAMETRIC_REPRESENTATION_CONTEXT() REPRESENTATION_CONTEXT('2D SPACE',''
  ) );
#13913 = ORIENTED_EDGE('',*,*,#13839,.T.);
#13914 = ORIENTED_EDGE('',*,*,#13915,.T.);
#13915 = EDGE_CURVE('',#13840,#13916,#13918,.T.);
#13916 = VERTEX_POINT('',#13917);
#13917 = CARTESIAN_POINT('',(110.9685770055,305.,-63.42889654861));
#13918 = SURFACE_CURVE('',#13919,(#13923,#13930),.PCURVE_S1.);
#13919 = LINE('',#13920,#13921);
#13920 = CARTESIAN_POINT('',(104.66179493018,305.,-60.39171037478));
#13921 = VECTOR('',#13922,1.);
#13922 = DIRECTION('',(0.900968867902,0.,-0.433883739118));
#13923 = PCURVE('',#13855,#13924);
#13924 = DEFINITIONAL_REPRESENTATION('',(#13925),#13929);
#13925 = LINE('',#13926,#13927);
#13926 = CARTESIAN_POINT('',(0.,-280.));
#13927 = VECTOR('',#13928,1.);
#13928 = DIRECTION('',(1.,0.));
#13929 = ( GEOMETRIC_REPRESENTATION_CONTEXT(2) 
PARAMETRIC_REPRESENTATION_CONTEXT() REPRESENTATION_CONTEXT('2D SPACE',''
  ) );
#13930 = PCURVE('',#13774,#13931);
#13931 = DEFINITIONAL_REPRESENTATION('',(#13932),#13936);
#13932 = LINE('',#13933,#13934);
#13933 = CARTESIAN_POINT('',(0.,18.));
#13934 = VECTOR('',#13935,1.);
#13935 = DIRECTION('',(1.,0.));
#13936 = ( GEOMETRIC_REPRESENTATION_CONTEXT(2) 
PARAMETRIC_REPRESENTATION_CONTEXT() REPRESENTATION_CONTEXT('2D SPACE',''
  ) );
#13937 = ORIENTED_EDGE('',*,*,#13938,.F.);
#13938 = EDGE_CURVE('',#13892,#13916,#13939,.T.);
#13939 = SURFACE_CURVE('',#13940,(#13944,#13951),.PCURVE_S1.);
#13940 = LINE('',#13941,#13942);
#13941 = CARTESIAN_POINT('',(110.9685770055,25.,-63.42889654861));
#13942 = VECTOR('',#13943,1.);
#13943 = DIRECTION('',(0.,1.,0.));
#13944 = PCURVE('',#13855,#13945);
#13945 = DEFINITIONAL_REPRESENTATION('',(#13946),#13950);
#13946 = LINE('',#13947,#13948);
#13947 = CARTESIAN_POINT('',(7.,0.));
#13948 = VECTOR('',#13949,1.);
#13949 = DIRECTION('',(0.,-1.));
#13950 = ( GEOMETRIC_REPRESENTATION_CONTEXT(2) 
PARAMETRIC_REPRESENTATION_CONTEXT() REPRESENTATION_CONTEXT('2D SPACE',''
  ) );
#13951 = PCURVE('',#13800,#13952);
#13952 = DEFINITIONAL_REPRESENTATION('',(#13953),#13957);
#13953 = LINE('',#13954,#13955);
#13954 = CARTESIAN_POINT('',(18.,0.));
#13955 = VECTOR('',#13956,1.);
#13956 = DIRECTION('',(0.,1.));
#13957 = ( GEOMETRIC_REPRESENTATION_CONTEXT(2) 
PARAMETRIC_REPRESENTATION_CONTEXT() REPRESENTATION_CONTEXT('2D SPACE',''
  ) );
#13958 = ADVANCED_FACE('',(#13959),#13774,.T.);
#13959 = FACE_BOUND('',#13960,.T.);
#13960 = EDGE_LOOP('',(#13961,#13962,#13963,#13984));
#13961 = ORIENTED_EDGE('',*,*,#13867,.F.);
#13962 = ORIENTED_EDGE('',*,*,#13758,.T.);
#13963 = ORIENTED_EDGE('',*,*,#13964,.T.);
#13964 = EDGE_CURVE('',#13759,#13916,#13965,.T.);
#13965 = SURFACE_CURVE('',#13966,(#13970,#13977),.PCURVE_S1.);
#13966 = LINE('',#13967,#13968);
#13967 = CARTESIAN_POINT('',(118.77848430961,305.,-47.21145692636));
#13968 = VECTOR('',#13969,1.);
#13969 = DIRECTION('',(-0.433883739118,0.,-0.900968867902));
#13970 = PCURVE('',#13774,#13971);
#13971 = DEFINITIONAL_REPRESENTATION('',(#13972),#13976);
#13972 = LINE('',#13973,#13974);
#13973 = CARTESIAN_POINT('',(7.,0.));
#13974 = VECTOR('',#13975,1.);
#13975 = DIRECTION('',(0.,1.));
#13976 = ( GEOMETRIC_REPRESENTATION_CONTEXT(2) 
PARAMETRIC_REPRESENTATION_CONTEXT() REPRESENTATION_CONTEXT('2D SPACE',''
  ) );
#13977 = PCURVE('',#13800,#13978);
#13978 = DEFINITIONAL_REPRESENTATION('',(#13979),#13983);
#13979 = LINE('',#13980,#13981);
#13980 = CARTESIAN_POINT('',(0.,280.));
#13981 = VECTOR('',#13982,1.);
#13982 = DIRECTION('',(1.,0.));
#13983 = ( GEOMETRIC_REPRESENTATION_CONTEXT(2) 
PARAMETRIC_REPRESENTATION_CONTEXT() REPRESENTATION_CONTEXT('2D SPACE',''
  ) );
#13984 = ORIENTED_EDGE('',*,*,#13915,.F.);
#13985 = ADVANCED_FACE('',(#13986),#13800,.T.);
#13986 = FACE_BOUND('',#13987,.T.);
#13987 = EDGE_LOOP('',(#13988,#13989,#14010,#14011));
#13988 = ORIENTED_EDGE('',*,*,#13786,.F.);
#13989 = ORIENTED_EDGE('',*,*,#13990,.T.);
#13990 = EDGE_CURVE('',#13698,#13892,#13991,.T.);
#13991 = SURFACE_CURVE('',#13992,(#13996,#14003),.PCURVE_S1.);
#13992 = LINE('',#13993,#13994);
#13993 = CARTESIAN_POINT('',(118.77848430961,25.,-47.21145692636));
#13994 = VECTOR('',#13995,1.);
#13995 = DIRECTION('',(-0.433883739118,0.,-0.900968867902));
#13996 = PCURVE('',#13800,#13997);
#13997 = DEFINITIONAL_REPRESENTATION('',(#13998),#14002);
#13998 = LINE('',#13999,#14000);
#13999 = CARTESIAN_POINT('',(0.,0.));
#14000 = VECTOR('',#14001,1.);
#14001 = DIRECTION('',(1.,0.));
#14002 = ( GEOMETRIC_REPRESENTATION_CONTEXT(2) 
PARAMETRIC_REPRESENTATION_CONTEXT() REPRESENTATION_CONTEXT('2D SPACE',''
  ) );
#14003 = PCURVE('',#13718,#14004);
#14004 = DEFINITIONAL_REPRESENTATION('',(#14005),#14009);
#14005 = LINE('',#14006,#14007);
#14006 = CARTESIAN_POINT('',(7.,0.));
#14007 = VECTOR('',#14008,1.);
#14008 = DIRECTION('',(0.,1.));
#14009 = ( GEOMETRIC_REPRESENTATION_CONTEXT(2) 
PARAMETRIC_REPRESENTATION_CONTEXT() REPRESENTATION_CONTEXT('2D SPACE',''
  ) );
#14010 = ORIENTED_EDGE('',*,*,#13938,.T.);
#14011 = ORIENTED_EDGE('',*,*,#13964,.F.);
#14012 = ADVANCED_FACE('',(#14013),#13718,.F.);
#14013 = FACE_BOUND('',#14014,.F.);
#14014 = EDGE_LOOP('',(#14015,#14016,#14017,#14018));
#14015 = ORIENTED_EDGE('',*,*,#13816,.F.);
#14016 = ORIENTED_EDGE('',*,*,#13695,.T.);
#14017 = ORIENTED_EDGE('',*,*,#13990,.T.);
#14018 = ORIENTED_EDGE('',*,*,#13891,.F.);
#14019 = MANIFOLD_SOLID_BREP('',#14020);
#14020 = CLOSED_SHELL('',(#14021,#14141,#14217,#14288,#14315,#14342));
#14021 = ADVANCED_FACE('',(#14022),#14036,.F.);
#14022 = FACE_BOUND('',#14023,.F.);
#14023 = EDGE_LOOP('',(#14024,#14059,#14087,#14115));
#14024 = ORIENTED_EDGE('',*,*,#14025,.F.);
#14025 = EDGE_CURVE('',#14026,#14028,#14030,.T.);
#14026 = VERTEX_POINT('',#14027);
#14027 = CARTESIAN_POINT('',(99.822101854126,25.,-68.09403778176));
#14028 = VERTEX_POINT('',#14029);
#14029 = CARTESIAN_POINT('',(105.2949222314,25.,-72.45846639477));
#14030 = SURFACE_CURVE('',#14031,(#14035,#14047),.PCURVE_S1.);
#14031 = LINE('',#14032,#14033);
#14032 = CARTESIAN_POINT('',(99.822101854126,25.,-68.09403778176));
#14033 = VECTOR('',#14034,1.);
#14034 = DIRECTION('',(0.781831482468,0.,-0.623489801859));
#14035 = PCURVE('',#14036,#14041);
#14036 = PLANE('',#14037);
#14037 = AXIS2_PLACEMENT_3D('',#14038,#14039,#14040);
#14038 = CARTESIAN_POINT('',(99.822101854126,25.,-68.09403778176));
#14039 = DIRECTION('',(-0.623489801859,0.,-0.781831482468));
#14040 = DIRECTION('',(0.781831482468,0.,-0.623489801859));
#14041 = DEFINITIONAL_REPRESENTATION('',(#14042),#14046);
#14042 = LINE('',#14043,#14044);
#14043 = CARTESIAN_POINT('',(0.,0.));
#14044 = VECTOR('',#14045,1.);
#14045 = DIRECTION('',(1.,0.));
#14046 = ( GEOMETRIC_REPRESENTATION_CONTEXT(2) 
PARAMETRIC_REPRESENTATION_CONTEXT() REPRESENTATION_CONTEXT('2D SPACE',''
  ) );
#14047 = PCURVE('',#14048,#14053);
#14048 = PLANE('',#14049);
#14049 = AXIS2_PLACEMENT_3D('',#14050,#14051,#14052);
#14050 = CARTESIAN_POINT('',(99.822101854126,25.,-68.09403778176));
#14051 = DIRECTION('',(0.,1.,0.));
#14052 = DIRECTION('',(0.781831482468,0.,-0.623489801859));
#14053 = DEFINITIONAL_REPRESENTATION('',(#14054),#14058);
#14054 = LINE('',#14055,#14056);
#14055 = CARTESIAN_POINT('',(0.,0.));
#14056 = VECTOR('',#14057,1.);
#14057 = DIRECTION('',(1.,0.));
#14058 = ( GEOMETRIC_REPRESENTATION_CONTEXT(2) 
PARAMETRIC_REPRESENTATION_CONTEXT() REPRESENTATION_CONTEXT('2D SPACE',''
  ) );
#14059 = ORIENTED_EDGE('',*,*,#14060,.T.);
#14060 = EDGE_CURVE('',#14026,#14061,#14063,.T.);
#14061 = VERTEX_POINT('',#14062);
#14062 = CARTESIAN_POINT('',(99.822101854126,305.,-68.09403778176));
#14063 = SURFACE_CURVE('',#14064,(#14068,#14075),.PCURVE_S1.);
#14064 = LINE('',#14065,#14066);
#14065 = CARTESIAN_POINT('',(99.822101854126,25.,-68.09403778176));
#14066 = VECTOR('',#14067,1.);
#14067 = DIRECTION('',(0.,1.,0.));
#14068 = PCURVE('',#14036,#14069);
#14069 = DEFINITIONAL_REPRESENTATION('',(#14070),#14074);
#14070 = LINE('',#14071,#14072);
#14071 = CARTESIAN_POINT('',(0.,0.));
#14072 = VECTOR('',#14073,1.);
#14073 = DIRECTION('',(0.,-1.));
#14074 = ( GEOMETRIC_REPRESENTATION_CONTEXT(2) 
PARAMETRIC_REPRESENTATION_CONTEXT() REPRESENTATION_CONTEXT('2D SPACE',''
  ) );
#14075 = PCURVE('',#14076,#14081);
#14076 = PLANE('',#14077);
#14077 = AXIS2_PLACEMENT_3D('',#14078,#14079,#14080);
#14078 = CARTESIAN_POINT('',(99.822101854126,25.,-68.09403778176));
#14079 = DIRECTION('',(0.781831482468,0.,-0.623489801859));
#14080 = DIRECTION('',(-0.623489801859,0.,-0.781831482468));
#14081 = DEFINITIONAL_REPRESENTATION('',(#14082),#14086);
#14082 = LINE('',#14083,#14084);
#14083 = CARTESIAN_POINT('',(0.,0.));
#14084 = VECTOR('',#14085,1.);
#14085 = DIRECTION('',(0.,1.));
#14086 = ( GEOMETRIC_REPRESENTATION_CONTEXT(2) 
PARAMETRIC_REPRESENTATION_CONTEXT() REPRESENTATION_CONTEXT('2D SPACE',''
  ) );
#14087 = ORIENTED_EDGE('',*,*,#14088,.T.);
#14088 = EDGE_CURVE('',#14061,#14089,#14091,.T.);
#14089 = VERTEX_POINT('',#14090);
#14090 = CARTESIAN_POINT('',(105.2949222314,305.,-72.45846639477));
#14091 = SURFACE_CURVE('',#14092,(#14096,#14103),.PCURVE_S1.);
#14092 = LINE('',#14093,#14094);
#14093 = CARTESIAN_POINT('',(99.822101854126,305.,-68.09403778176));
#14094 = VECTOR('',#14095,1.);
#14095 = DIRECTION('',(0.781831482468,0.,-0.623489801859));
#14096 = PCURVE('',#14036,#14097);
#14097 = DEFINITIONAL_REPRESENTATION('',(#14098),#14102);
#14098 = LINE('',#14099,#14100);
#14099 = CARTESIAN_POINT('',(0.,-280.));
#14100 = VECTOR('',#14101,1.);
#14101 = DIRECTION('',(1.,0.));
#14102 = ( GEOMETRIC_REPRESENTATION_CONTEXT(2) 
PARAMETRIC_REPRESENTATION_CONTEXT() REPRESENTATION_CONTEXT('2D SPACE',''
  ) );
#14103 = PCURVE('',#14104,#14109);
#14104 = PLANE('',#14105);
#14105 = AXIS2_PLACEMENT_3D('',#14106,#14107,#14108);
#14106 = CARTESIAN_POINT('',(99.822101854126,305.,-68.09403778176));
#14107 = DIRECTION('',(0.,1.,0.));
#14108 = DIRECTION('',(0.781831482468,0.,-0.623489801859));
#14109 = DEFINITIONAL_REPRESENTATION('',(#14110),#14114);
#14110 = LINE('',#14111,#14112);
#14111 = CARTESIAN_POINT('',(0.,0.));
#14112 = VECTOR('',#14113,1.);
#14113 = DIRECTION('',(1.,0.));
#14114 = ( GEOMETRIC_REPRESENTATION_CONTEXT(2) 
PARAMETRIC_REPRESENTATION_CONTEXT() REPRESENTATION_CONTEXT('2D SPACE',''
  ) );
#14115 = ORIENTED_EDGE('',*,*,#14116,.F.);
#14116 = EDGE_CURVE('',#14028,#14089,#14117,.T.);
#14117 = SURFACE_CURVE('',#14118,(#14122,#14129),.PCURVE_S1.);
#14118 = LINE('',#14119,#14120);
#14119 = CARTESIAN_POINT('',(105.2949222314,25.,-72.45846639477));
#14120 = VECTOR('',#14121,1.);
#14121 = DIRECTION('',(0.,1.,0.));
#14122 = PCURVE('',#14036,#14123);
#14123 = DEFINITIONAL_REPRESENTATION('',(#14124),#14128);
#14124 = LINE('',#14125,#14126);
#14125 = CARTESIAN_POINT('',(7.,0.));
#14126 = VECTOR('',#14127,1.);
#14127 = DIRECTION('',(0.,-1.));
#14128 = ( GEOMETRIC_REPRESENTATION_CONTEXT(2) 
PARAMETRIC_REPRESENTATION_CONTEXT() REPRESENTATION_CONTEXT('2D SPACE',''
  ) );
#14129 = PCURVE('',#14130,#14135);
#14130 = PLANE('',#14131);
#14131 = AXIS2_PLACEMENT_3D('',#14132,#14133,#14134);
#14132 = CARTESIAN_POINT('',(105.2949222314,25.,-72.45846639477));
#14133 = DIRECTION('',(0.781831482468,0.,-0.623489801859));
#14134 = DIRECTION('',(-0.623489801859,0.,-0.781831482468));
#14135 = DEFINITIONAL_REPRESENTATION('',(#14136),#14140);
#14136 = LINE('',#14137,#14138);
#14137 = CARTESIAN_POINT('',(0.,0.));
#14138 = VECTOR('',#14139,1.);
#14139 = DIRECTION('',(0.,1.));
#14140 = ( GEOMETRIC_REPRESENTATION_CONTEXT(2) 
PARAMETRIC_REPRESENTATION_CONTEXT() REPRESENTATION_CONTEXT('2D SPACE',''
  ) );
#14141 = ADVANCED_FACE('',(#14142),#14076,.F.);
#14142 = FACE_BOUND('',#14143,.F.);
#14143 = EDGE_LOOP('',(#14144,#14145,#14168,#14196));
#14144 = ORIENTED_EDGE('',*,*,#14060,.F.);
#14145 = ORIENTED_EDGE('',*,*,#14146,.T.);
#14146 = EDGE_CURVE('',#14026,#14147,#14149,.T.);
#14147 = VERTEX_POINT('',#14148);
#14148 = CARTESIAN_POINT('',(88.599285420669,25.,-82.16700446619));
#14149 = SURFACE_CURVE('',#14150,(#14154,#14161),.PCURVE_S1.);
#14150 = LINE('',#14151,#14152);
#14151 = CARTESIAN_POINT('',(99.822101854126,25.,-68.09403778176));
#14152 = VECTOR('',#14153,1.);
#14153 = DIRECTION('',(-0.623489801859,0.,-0.781831482468));
#14154 = PCURVE('',#14076,#14155);
#14155 = DEFINITIONAL_REPRESENTATION('',(#14156),#14160);
#14156 = LINE('',#14157,#14158);
#14157 = CARTESIAN_POINT('',(0.,0.));
#14158 = VECTOR('',#14159,1.);
#14159 = DIRECTION('',(1.,0.));
#14160 = ( GEOMETRIC_REPRESENTATION_CONTEXT(2) 
PARAMETRIC_REPRESENTATION_CONTEXT() REPRESENTATION_CONTEXT('2D SPACE',''
  ) );
#14161 = PCURVE('',#14048,#14162);
#14162 = DEFINITIONAL_REPRESENTATION('',(#14163),#14167);
#14163 = LINE('',#14164,#14165);
#14164 = CARTESIAN_POINT('',(0.,0.));
#14165 = VECTOR('',#14166,1.);
#14166 = DIRECTION('',(0.,1.));
#14167 = ( GEOMETRIC_REPRESENTATION_CONTEXT(2) 
PARAMETRIC_REPRESENTATION_CONTEXT() REPRESENTATION_CONTEXT('2D SPACE',''
  ) );
#14168 = ORIENTED_EDGE('',*,*,#14169,.T.);
#14169 = EDGE_CURVE('',#14147,#14170,#14172,.T.);
#14170 = VERTEX_POINT('',#14171);
#14171 = CARTESIAN_POINT('',(88.599285420669,305.,-82.16700446619));
#14172 = SURFACE_CURVE('',#14173,(#14177,#14184),.PCURVE_S1.);
#14173 = LINE('',#14174,#14175);
#14174 = CARTESIAN_POINT('',(88.599285420669,25.,-82.16700446619));
#14175 = VECTOR('',#14176,1.);
#14176 = DIRECTION('',(0.,1.,0.));
#14177 = PCURVE('',#14076,#14178);
#14178 = DEFINITIONAL_REPRESENTATION('',(#14179),#14183);
#14179 = LINE('',#14180,#14181);
#14180 = CARTESIAN_POINT('',(18.,0.));
#14181 = VECTOR('',#14182,1.);
#14182 = DIRECTION('',(0.,1.));
#14183 = ( GEOMETRIC_REPRESENTATION_CONTEXT(2) 
PARAMETRIC_REPRESENTATION_CONTEXT() REPRESENTATION_CONTEXT('2D SPACE',''
  ) );
#14184 = PCURVE('',#14185,#14190);
#14185 = PLANE('',#14186);
#14186 = AXIS2_PLACEMENT_3D('',#14187,#14188,#14189);
#14187 = CARTESIAN_POINT('',(88.599285420669,25.,-82.16700446619));
#14188 = DIRECTION('',(-0.623489801859,0.,-0.781831482468));
#14189 = DIRECTION('',(0.781831482468,0.,-0.623489801859));
#14190 = DEFINITIONAL_REPRESENTATION('',(#14191),#14195);
#14191 = LINE('',#14192,#14193);
#14192 = CARTESIAN_POINT('',(0.,0.));
#14193 = VECTOR('',#14194,1.);
#14194 = DIRECTION('',(0.,-1.));
#14195 = ( GEOMETRIC_REPRESENTATION_CONTEXT(2) 
PARAMETRIC_REPRESENTATION_CONTEXT() REPRESENTATION_CONTEXT('2D SPACE',''
  ) );
#14196 = ORIENTED_EDGE('',*,*,#14197,.F.);
#14197 = EDGE_CURVE('',#14061,#14170,#14198,.T.);
#14198 = SURFACE_CURVE('',#14199,(#14203,#14210),.PCURVE_S1.);
#14199 = LINE('',#14200,#14201);
#14200 = CARTESIAN_POINT('',(99.822101854126,305.,-68.09403778176));
#14201 = VECTOR('',#14202,1.);
#14202 = DIRECTION('',(-0.623489801859,0.,-0.781831482468));
#14203 = PCURVE('',#14076,#14204);
#14204 = DEFINITIONAL_REPRESENTATION('',(#14205),#14209);
#14205 = LINE('',#14206,#14207);
#14206 = CARTESIAN_POINT('',(0.,280.));
#14207 = VECTOR('',#14208,1.);
#14208 = DIRECTION('',(1.,0.));
#14209 = ( GEOMETRIC_REPRESENTATION_CONTEXT(2) 
PARAMETRIC_REPRESENTATION_CONTEXT() REPRESENTATION_CONTEXT('2D SPACE',''
  ) );
#14210 = PCURVE('',#14104,#14211);
#14211 = DEFINITIONAL_REPRESENTATION('',(#14212),#14216);
#14212 = LINE('',#14213,#14214);
#14213 = CARTESIAN_POINT('',(0.,0.));
#14214 = VECTOR('',#14215,1.);
#14215 = DIRECTION('',(0.,1.));
#14216 = ( GEOMETRIC_REPRESENTATION_CONTEXT(2) 
PARAMETRIC_REPRESENTATION_CONTEXT() REPRESENTATION_CONTEXT('2D SPACE',''
  ) );
#14217 = ADVANCED_FACE('',(#14218),#14185,.T.);
#14218 = FACE_BOUND('',#14219,.T.);
#14219 = EDGE_LOOP('',(#14220,#14243,#14244,#14267));
#14220 = ORIENTED_EDGE('',*,*,#14221,.F.);
#14221 = EDGE_CURVE('',#14147,#14222,#14224,.T.);
#14222 = VERTEX_POINT('',#14223);
#14223 = CARTESIAN_POINT('',(94.072105797945,25.,-86.5314330792));
#14224 = SURFACE_CURVE('',#14225,(#14229,#14236),.PCURVE_S1.);
#14225 = LINE('',#14226,#14227);
#14226 = CARTESIAN_POINT('',(88.599285420669,25.,-82.16700446619));
#14227 = VECTOR('',#14228,1.);
#14228 = DIRECTION('',(0.781831482468,0.,-0.623489801859));
#14229 = PCURVE('',#14185,#14230);
#14230 = DEFINITIONAL_REPRESENTATION('',(#14231),#14235);
#14231 = LINE('',#14232,#14233);
#14232 = CARTESIAN_POINT('',(0.,0.));
#14233 = VECTOR('',#14234,1.);
#14234 = DIRECTION('',(1.,0.));
#14235 = ( GEOMETRIC_REPRESENTATION_CONTEXT(2) 
PARAMETRIC_REPRESENTATION_CONTEXT() REPRESENTATION_CONTEXT('2D SPACE',''
  ) );
#14236 = PCURVE('',#14048,#14237);
#14237 = DEFINITIONAL_REPRESENTATION('',(#14238),#14242);
#14238 = LINE('',#14239,#14240);
#14239 = CARTESIAN_POINT('',(0.,18.));
#14240 = VECTOR('',#14241,1.);
#14241 = DIRECTION('',(1.,0.));
#14242 = ( GEOMETRIC_REPRESENTATION_CONTEXT(2) 
PARAMETRIC_REPRESENTATION_CONTEXT() REPRESENTATION_CONTEXT('2D SPACE',''
  ) );
#14243 = ORIENTED_EDGE('',*,*,#14169,.T.);
#14244 = ORIENTED_EDGE('',*,*,#14245,.T.);
#14245 = EDGE_CURVE('',#14170,#14246,#14248,.T.);
#14246 = VERTEX_POINT('',#14247);
#14247 = CARTESIAN_POINT('',(94.072105797945,305.,-86.5314330792));
#14248 = SURFACE_CURVE('',#14249,(#14253,#14260),.PCURVE_S1.);
#14249 = LINE('',#14250,#14251);
#14250 = CARTESIAN_POINT('',(88.599285420669,305.,-82.16700446619));
#14251 = VECTOR('',#14252,1.);
#14252 = DIRECTION('',(0.781831482468,0.,-0.623489801859));
#14253 = PCURVE('',#14185,#14254);
#14254 = DEFINITIONAL_REPRESENTATION('',(#14255),#14259);
#14255 = LINE('',#14256,#14257);
#14256 = CARTESIAN_POINT('',(0.,-280.));
#14257 = VECTOR('',#14258,1.);
#14258 = DIRECTION('',(1.,0.));
#14259 = ( GEOMETRIC_REPRESENTATION_CONTEXT(2) 
PARAMETRIC_REPRESENTATION_CONTEXT() REPRESENTATION_CONTEXT('2D SPACE',''
  ) );
#14260 = PCURVE('',#14104,#14261);
#14261 = DEFINITIONAL_REPRESENTATION('',(#14262),#14266);
#14262 = LINE('',#14263,#14264);
#14263 = CARTESIAN_POINT('',(0.,18.));
#14264 = VECTOR('',#14265,1.);
#14265 = DIRECTION('',(1.,0.));
#14266 = ( GEOMETRIC_REPRESENTATION_CONTEXT(2) 
PARAMETRIC_REPRESENTATION_CONTEXT() REPRESENTATION_CONTEXT('2D SPACE',''
  ) );
#14267 = ORIENTED_EDGE('',*,*,#14268,.F.);
#14268 = EDGE_CURVE('',#14222,#14246,#14269,.T.);
#14269 = SURFACE_CURVE('',#14270,(#14274,#14281),.PCURVE_S1.);
#14270 = LINE('',#14271,#14272);
#14271 = CARTESIAN_POINT('',(94.072105797945,25.,-86.5314330792));
#14272 = VECTOR('',#14273,1.);
#14273 = DIRECTION('',(0.,1.,0.));
#14274 = PCURVE('',#14185,#14275);
#14275 = DEFINITIONAL_REPRESENTATION('',(#14276),#14280);
#14276 = LINE('',#14277,#14278);
#14277 = CARTESIAN_POINT('',(7.,0.));
#14278 = VECTOR('',#14279,1.);
#14279 = DIRECTION('',(0.,-1.));
#14280 = ( GEOMETRIC_REPRESENTATION_CONTEXT(2) 
PARAMETRIC_REPRESENTATION_CONTEXT() REPRESENTATION_CONTEXT('2D SPACE',''
  ) );
#14281 = PCURVE('',#14130,#14282);
#14282 = DEFINITIONAL_REPRESENTATION('',(#14283),#14287);
#14283 = LINE('',#14284,#14285);
#14284 = CARTESIAN_POINT('',(18.,0.));
#14285 = VECTOR('',#14286,1.);
#14286 = DIRECTION('',(0.,1.));
#14287 = ( GEOMETRIC_REPRESENTATION_CONTEXT(2) 
PARAMETRIC_REPRESENTATION_CONTEXT() REPRESENTATION_CONTEXT('2D SPACE',''
  ) );
#14288 = ADVANCED_FACE('',(#14289),#14104,.T.);
#14289 = FACE_BOUND('',#14290,.T.);
#14290 = EDGE_LOOP('',(#14291,#14292,#14293,#14314));
#14291 = ORIENTED_EDGE('',*,*,#14197,.F.);
#14292 = ORIENTED_EDGE('',*,*,#14088,.T.);
#14293 = ORIENTED_EDGE('',*,*,#14294,.T.);
#14294 = EDGE_CURVE('',#14089,#14246,#14295,.T.);
#14295 = SURFACE_CURVE('',#14296,(#14300,#14307),.PCURVE_S1.);
#14296 = LINE('',#14297,#14298);
#14297 = CARTESIAN_POINT('',(105.2949222314,305.,-72.45846639477));
#14298 = VECTOR('',#14299,1.);
#14299 = DIRECTION('',(-0.623489801859,0.,-0.781831482468));
#14300 = PCURVE('',#14104,#14301);
#14301 = DEFINITIONAL_REPRESENTATION('',(#14302),#14306);
#14302 = LINE('',#14303,#14304);
#14303 = CARTESIAN_POINT('',(7.,0.));
#14304 = VECTOR('',#14305,1.);
#14305 = DIRECTION('',(0.,1.));
#14306 = ( GEOMETRIC_REPRESENTATION_CONTEXT(2) 
PARAMETRIC_REPRESENTATION_CONTEXT() REPRESENTATION_CONTEXT('2D SPACE',''
  ) );
#14307 = PCURVE('',#14130,#14308);
#14308 = DEFINITIONAL_REPRESENTATION('',(#14309),#14313);
#14309 = LINE('',#14310,#14311);
#14310 = CARTESIAN_POINT('',(0.,280.));
#14311 = VECTOR('',#14312,1.);
#14312 = DIRECTION('',(1.,0.));
#14313 = ( GEOMETRIC_REPRESENTATION_CONTEXT(2) 
PARAMETRIC_REPRESENTATION_CONTEXT() REPRESENTATION_CONTEXT('2D SPACE',''
  ) );
#14314 = ORIENTED_EDGE('',*,*,#14245,.F.);
#14315 = ADVANCED_FACE('',(#14316),#14130,.T.);
#14316 = FACE_BOUND('',#14317,.T.);
#14317 = EDGE_LOOP('',(#14318,#14319,#14340,#14341));
#14318 = ORIENTED_EDGE('',*,*,#14116,.F.);
#14319 = ORIENTED_EDGE('',*,*,#14320,.T.);
#14320 = EDGE_CURVE('',#14028,#14222,#14321,.T.);
#14321 = SURFACE_CURVE('',#14322,(#14326,#14333),.PCURVE_S1.);
#14322 = LINE('',#14323,#14324);
#14323 = CARTESIAN_POINT('',(105.2949222314,25.,-72.45846639477));
#14324 = VECTOR('',#14325,1.);
#14325 = DIRECTION('',(-0.623489801859,0.,-0.781831482468));
#14326 = PCURVE('',#14130,#14327);
#14327 = DEFINITIONAL_REPRESENTATION('',(#14328),#14332);
#14328 = LINE('',#14329,#14330);
#14329 = CARTESIAN_POINT('',(0.,0.));
#14330 = VECTOR('',#14331,1.);
#14331 = DIRECTION('',(1.,0.));
#14332 = ( GEOMETRIC_REPRESENTATION_CONTEXT(2) 
PARAMETRIC_REPRESENTATION_CONTEXT() REPRESENTATION_CONTEXT('2D SPACE',''
  ) );
#14333 = PCURVE('',#14048,#14334);
#14334 = DEFINITIONAL_REPRESENTATION('',(#14335),#14339);
#14335 = LINE('',#14336,#14337);
#14336 = CARTESIAN_POINT('',(7.,0.));
#14337 = VECTOR('',#14338,1.);
#14338 = DIRECTION('',(0.,1.));
#14339 = ( GEOMETRIC_REPRESENTATION_CONTEXT(2) 
PARAMETRIC_REPRESENTATION_CONTEXT() REPRESENTATION_CONTEXT('2D SPACE',''
  ) );
#14340 = ORIENTED_EDGE('',*,*,#14268,.T.);
#14341 = ORIENTED_EDGE('',*,*,#14294,.F.);
#14342 = ADVANCED_FACE('',(#14343),#14048,.F.);
#14343 = FACE_BOUND('',#14344,.F.);
#14344 = EDGE_LOOP('',(#14345,#14346,#14347,#14348));
#14345 = ORIENTED_EDGE('',*,*,#14146,.F.);
#14346 = ORIENTED_EDGE('',*,*,#14025,.T.);
#14347 = ORIENTED_EDGE('',*,*,#14320,.T.);
#14348 = ORIENTED_EDGE('',*,*,#14221,.F.);
#14349 = MANIFOLD_SOLID_BREP('',#14350);
#14350 = CLOSED_SHELL('',(#14351,#14471,#14547,#14618,#14645,#14672));
#14351 = ADVANCED_FACE('',(#14352),#14366,.F.);
#14352 = FACE_BOUND('',#14353,.F.);
#14353 = EDGE_LOOP('',(#14354,#14389,#14417,#14445));
#14354 = ORIENTED_EDGE('',*,*,#14355,.F.);
#14355 = EDGE_CURVE('',#14356,#14358,#14360,.T.);
#14356 = VERTEX_POINT('',#14357);
#14357 = CARTESIAN_POINT('',(82.16700446619,25.,-88.59928542066));
#14358 = VERTEX_POINT('',#14359);
#14359 = CARTESIAN_POINT('',(86.531433079201,25.,-94.07210579794));
#14360 = SURFACE_CURVE('',#14361,(#14365,#14377),.PCURVE_S1.);
#14361 = LINE('',#14362,#14363);
#14362 = CARTESIAN_POINT('',(82.16700446619,25.,-88.59928542066));
#14363 = VECTOR('',#14364,1.);
#14364 = DIRECTION('',(0.623489801859,0.,-0.781831482468));
#14365 = PCURVE('',#14366,#14371);
#14366 = PLANE('',#14367);
#14367 = AXIS2_PLACEMENT_3D('',#14368,#14369,#14370);
#14368 = CARTESIAN_POINT('',(82.16700446619,25.,-88.59928542066));
#14369 = DIRECTION('',(-0.781831482468,0.,-0.623489801859));
#14370 = DIRECTION('',(0.623489801859,0.,-0.781831482468));
#14371 = DEFINITIONAL_REPRESENTATION('',(#14372),#14376);
#14372 = LINE('',#14373,#14374);
#14373 = CARTESIAN_POINT('',(0.,0.));
#14374 = VECTOR('',#14375,1.);
#14375 = DIRECTION('',(1.,0.));
#14376 = ( GEOMETRIC_REPRESENTATION_CONTEXT(2) 
PARAMETRIC_REPRESENTATION_CONTEXT() REPRESENTATION_CONTEXT('2D SPACE',''
  ) );
#14377 = PCURVE('',#14378,#14383);
#14378 = PLANE('',#14379);
#14379 = AXIS2_PLACEMENT_3D('',#14380,#14381,#14382);
#14380 = CARTESIAN_POINT('',(82.16700446619,25.,-88.59928542066));
#14381 = DIRECTION('',(0.,1.,0.));
#14382 = DIRECTION('',(0.623489801859,0.,-0.781831482468));
#14383 = DEFINITIONAL_REPRESENTATION('',(#14384),#14388);
#14384 = LINE('',#14385,#14386);
#14385 = CARTESIAN_POINT('',(0.,0.));
#14386 = VECTOR('',#14387,1.);
#14387 = DIRECTION('',(1.,0.));
#14388 = ( GEOMETRIC_REPRESENTATION_CONTEXT(2) 
PARAMETRIC_REPRESENTATION_CONTEXT() REPRESENTATION_CONTEXT('2D SPACE',''
  ) );
#14389 = ORIENTED_EDGE('',*,*,#14390,.T.);
#14390 = EDGE_CURVE('',#14356,#14391,#14393,.T.);
#14391 = VERTEX_POINT('',#14392);
#14392 = CARTESIAN_POINT('',(82.16700446619,305.,-88.59928542066));
#14393 = SURFACE_CURVE('',#14394,(#14398,#14405),.PCURVE_S1.);
#14394 = LINE('',#14395,#14396);
#14395 = CARTESIAN_POINT('',(82.16700446619,25.,-88.59928542066));
#14396 = VECTOR('',#14397,1.);
#14397 = DIRECTION('',(0.,1.,0.));
#14398 = PCURVE('',#14366,#14399);
#14399 = DEFINITIONAL_REPRESENTATION('',(#14400),#14404);
#14400 = LINE('',#14401,#14402);
#14401 = CARTESIAN_POINT('',(0.,0.));
#14402 = VECTOR('',#14403,1.);
#14403 = DIRECTION('',(0.,-1.));
#14404 = ( GEOMETRIC_REPRESENTATION_CONTEXT(2) 
PARAMETRIC_REPRESENTATION_CONTEXT() REPRESENTATION_CONTEXT('2D SPACE',''
  ) );
#14405 = PCURVE('',#14406,#14411);
#14406 = PLANE('',#14407);
#14407 = AXIS2_PLACEMENT_3D('',#14408,#14409,#14410);
#14408 = CARTESIAN_POINT('',(82.16700446619,25.,-88.59928542066));
#14409 = DIRECTION('',(0.623489801859,0.,-0.781831482468));
#14410 = DIRECTION('',(-0.781831482468,0.,-0.623489801859));
#14411 = DEFINITIONAL_REPRESENTATION('',(#14412),#14416);
#14412 = LINE('',#14413,#14414);
#14413 = CARTESIAN_POINT('',(0.,0.));
#14414 = VECTOR('',#14415,1.);
#14415 = DIRECTION('',(0.,1.));
#14416 = ( GEOMETRIC_REPRESENTATION_CONTEXT(2) 
PARAMETRIC_REPRESENTATION_CONTEXT() REPRESENTATION_CONTEXT('2D SPACE',''
  ) );
#14417 = ORIENTED_EDGE('',*,*,#14418,.T.);
#14418 = EDGE_CURVE('',#14391,#14419,#14421,.T.);
#14419 = VERTEX_POINT('',#14420);
#14420 = CARTESIAN_POINT('',(86.531433079201,305.,-94.07210579794));
#14421 = SURFACE_CURVE('',#14422,(#14426,#14433),.PCURVE_S1.);
#14422 = LINE('',#14423,#14424);
#14423 = CARTESIAN_POINT('',(82.16700446619,305.,-88.59928542066));
#14424 = VECTOR('',#14425,1.);
#14425 = DIRECTION('',(0.623489801859,0.,-0.781831482468));
#14426 = PCURVE('',#14366,#14427);
#14427 = DEFINITIONAL_REPRESENTATION('',(#14428),#14432);
#14428 = LINE('',#14429,#14430);
#14429 = CARTESIAN_POINT('',(0.,-280.));
#14430 = VECTOR('',#14431,1.);
#14431 = DIRECTION('',(1.,0.));
#14432 = ( GEOMETRIC_REPRESENTATION_CONTEXT(2) 
PARAMETRIC_REPRESENTATION_CONTEXT() REPRESENTATION_CONTEXT('2D SPACE',''
  ) );
#14433 = PCURVE('',#14434,#14439);
#14434 = PLANE('',#14435);
#14435 = AXIS2_PLACEMENT_3D('',#14436,#14437,#14438);
#14436 = CARTESIAN_POINT('',(82.16700446619,305.,-88.59928542066));
#14437 = DIRECTION('',(0.,1.,0.));
#14438 = DIRECTION('',(0.623489801859,0.,-0.781831482468));
#14439 = DEFINITIONAL_REPRESENTATION('',(#14440),#14444);
#14440 = LINE('',#14441,#14442);
#14441 = CARTESIAN_POINT('',(0.,0.));
#14442 = VECTOR('',#14443,1.);
#14443 = DIRECTION('',(1.,0.));
#14444 = ( GEOMETRIC_REPRESENTATION_CONTEXT(2) 
PARAMETRIC_REPRESENTATION_CONTEXT() REPRESENTATION_CONTEXT('2D SPACE',''
  ) );
#14445 = ORIENTED_EDGE('',*,*,#14446,.F.);
#14446 = EDGE_CURVE('',#14358,#14419,#14447,.T.);
#14447 = SURFACE_CURVE('',#14448,(#14452,#14459),.PCURVE_S1.);
#14448 = LINE('',#14449,#14450);
#14449 = CARTESIAN_POINT('',(86.531433079201,25.,-94.07210579794));
#14450 = VECTOR('',#14451,1.);
#14451 = DIRECTION('',(0.,1.,0.));
#14452 = PCURVE('',#14366,#14453);
#14453 = DEFINITIONAL_REPRESENTATION('',(#14454),#14458);
#14454 = LINE('',#14455,#14456);
#14455 = CARTESIAN_POINT('',(7.,0.));
#14456 = VECTOR('',#14457,1.);
#14457 = DIRECTION('',(0.,-1.));
#14458 = ( GEOMETRIC_REPRESENTATION_CONTEXT(2) 
PARAMETRIC_REPRESENTATION_CONTEXT() REPRESENTATION_CONTEXT('2D SPACE',''
  ) );
#14459 = PCURVE('',#14460,#14465);
#14460 = PLANE('',#14461);
#14461 = AXIS2_PLACEMENT_3D('',#14462,#14463,#14464);
#14462 = CARTESIAN_POINT('',(86.531433079201,25.,-94.07210579794));
#14463 = DIRECTION('',(0.623489801859,0.,-0.781831482468));
#14464 = DIRECTION('',(-0.781831482468,0.,-0.623489801859));
#14465 = DEFINITIONAL_REPRESENTATION('',(#14466),#14470);
#14466 = LINE('',#14467,#14468);
#14467 = CARTESIAN_POINT('',(0.,0.));
#14468 = VECTOR('',#14469,1.);
#14469 = DIRECTION('',(0.,1.));
#14470 = ( GEOMETRIC_REPRESENTATION_CONTEXT(2) 
PARAMETRIC_REPRESENTATION_CONTEXT() REPRESENTATION_CONTEXT('2D SPACE',''
  ) );
#14471 = ADVANCED_FACE('',(#14472),#14406,.F.);
#14472 = FACE_BOUND('',#14473,.F.);
#14473 = EDGE_LOOP('',(#14474,#14475,#14498,#14526));
#14474 = ORIENTED_EDGE('',*,*,#14390,.F.);
#14475 = ORIENTED_EDGE('',*,*,#14476,.T.);
#14476 = EDGE_CURVE('',#14356,#14477,#14479,.T.);
#14477 = VERTEX_POINT('',#14478);
#14478 = CARTESIAN_POINT('',(68.094037781765,25.,-99.82210185412));
#14479 = SURFACE_CURVE('',#14480,(#14484,#14491),.PCURVE_S1.);
#14480 = LINE('',#14481,#14482);
#14481 = CARTESIAN_POINT('',(82.16700446619,25.,-88.59928542066));
#14482 = VECTOR('',#14483,1.);
#14483 = DIRECTION('',(-0.781831482468,0.,-0.623489801859));
#14484 = PCURVE('',#14406,#14485);
#14485 = DEFINITIONAL_REPRESENTATION('',(#14486),#14490);
#14486 = LINE('',#14487,#14488);
#14487 = CARTESIAN_POINT('',(0.,0.));
#14488 = VECTOR('',#14489,1.);
#14489 = DIRECTION('',(1.,0.));
#14490 = ( GEOMETRIC_REPRESENTATION_CONTEXT(2) 
PARAMETRIC_REPRESENTATION_CONTEXT() REPRESENTATION_CONTEXT('2D SPACE',''
  ) );
#14491 = PCURVE('',#14378,#14492);
#14492 = DEFINITIONAL_REPRESENTATION('',(#14493),#14497);
#14493 = LINE('',#14494,#14495);
#14494 = CARTESIAN_POINT('',(0.,0.));
#14495 = VECTOR('',#14496,1.);
#14496 = DIRECTION('',(0.,1.));
#14497 = ( GEOMETRIC_REPRESENTATION_CONTEXT(2) 
PARAMETRIC_REPRESENTATION_CONTEXT() REPRESENTATION_CONTEXT('2D SPACE',''
  ) );
#14498 = ORIENTED_EDGE('',*,*,#14499,.T.);
#14499 = EDGE_CURVE('',#14477,#14500,#14502,.T.);
#14500 = VERTEX_POINT('',#14501);
#14501 = CARTESIAN_POINT('',(68.094037781765,305.,-99.82210185412));
#14502 = SURFACE_CURVE('',#14503,(#14507,#14514),.PCURVE_S1.);
#14503 = LINE('',#14504,#14505);
#14504 = CARTESIAN_POINT('',(68.094037781765,25.,-99.82210185412));
#14505 = VECTOR('',#14506,1.);
#14506 = DIRECTION('',(0.,1.,0.));
#14507 = PCURVE('',#14406,#14508);
#14508 = DEFINITIONAL_REPRESENTATION('',(#14509),#14513);
#14509 = LINE('',#14510,#14511);
#14510 = CARTESIAN_POINT('',(18.,0.));
#14511 = VECTOR('',#14512,1.);
#14512 = DIRECTION('',(0.,1.));
#14513 = ( GEOMETRIC_REPRESENTATION_CONTEXT(2) 
PARAMETRIC_REPRESENTATION_CONTEXT() REPRESENTATION_CONTEXT('2D SPACE',''
  ) );
#14514 = PCURVE('',#14515,#14520);
#14515 = PLANE('',#14516);
#14516 = AXIS2_PLACEMENT_3D('',#14517,#14518,#14519);
#14517 = CARTESIAN_POINT('',(68.094037781765,25.,-99.82210185412));
#14518 = DIRECTION('',(-0.781831482468,0.,-0.623489801859));
#14519 = DIRECTION('',(0.623489801859,0.,-0.781831482468));
#14520 = DEFINITIONAL_REPRESENTATION('',(#14521),#14525);
#14521 = LINE('',#14522,#14523);
#14522 = CARTESIAN_POINT('',(0.,0.));
#14523 = VECTOR('',#14524,1.);
#14524 = DIRECTION('',(0.,-1.));
#14525 = ( GEOMETRIC_REPRESENTATION_CONTEXT(2) 
PARAMETRIC_REPRESENTATION_CONTEXT() REPRESENTATION_CONTEXT('2D SPACE',''
  ) );
#14526 = ORIENTED_EDGE('',*,*,#14527,.F.);
#14527 = EDGE_CURVE('',#14391,#14500,#14528,.T.);
#14528 = SURFACE_CURVE('',#14529,(#14533,#14540),.PCURVE_S1.);
#14529 = LINE('',#14530,#14531);
#14530 = CARTESIAN_POINT('',(82.16700446619,305.,-88.59928542066));
#14531 = VECTOR('',#14532,1.);
#14532 = DIRECTION('',(-0.781831482468,0.,-0.623489801859));
#14533 = PCURVE('',#14406,#14534);
#14534 = DEFINITIONAL_REPRESENTATION('',(#14535),#14539);
#14535 = LINE('',#14536,#14537);
#14536 = CARTESIAN_POINT('',(0.,280.));
#14537 = VECTOR('',#14538,1.);
#14538 = DIRECTION('',(1.,0.));
#14539 = ( GEOMETRIC_REPRESENTATION_CONTEXT(2) 
PARAMETRIC_REPRESENTATION_CONTEXT() REPRESENTATION_CONTEXT('2D SPACE',''
  ) );
#14540 = PCURVE('',#14434,#14541);
#14541 = DEFINITIONAL_REPRESENTATION('',(#14542),#14546);
#14542 = LINE('',#14543,#14544);
#14543 = CARTESIAN_POINT('',(0.,0.));
#14544 = VECTOR('',#14545,1.);
#14545 = DIRECTION('',(0.,1.));
#14546 = ( GEOMETRIC_REPRESENTATION_CONTEXT(2) 
PARAMETRIC_REPRESENTATION_CONTEXT() REPRESENTATION_CONTEXT('2D SPACE',''
  ) );
#14547 = ADVANCED_FACE('',(#14548),#14515,.T.);
#14548 = FACE_BOUND('',#14549,.T.);
#14549 = EDGE_LOOP('',(#14550,#14573,#14574,#14597));
#14550 = ORIENTED_EDGE('',*,*,#14551,.F.);
#14551 = EDGE_CURVE('',#14477,#14552,#14554,.T.);
#14552 = VERTEX_POINT('',#14553);
#14553 = CARTESIAN_POINT('',(72.458466394776,25.,-105.2949222314));
#14554 = SURFACE_CURVE('',#14555,(#14559,#14566),.PCURVE_S1.);
#14555 = LINE('',#14556,#14557);
#14556 = CARTESIAN_POINT('',(68.094037781765,25.,-99.82210185412));
#14557 = VECTOR('',#14558,1.);
#14558 = DIRECTION('',(0.623489801859,0.,-0.781831482468));
#14559 = PCURVE('',#14515,#14560);
#14560 = DEFINITIONAL_REPRESENTATION('',(#14561),#14565);
#14561 = LINE('',#14562,#14563);
#14562 = CARTESIAN_POINT('',(0.,0.));
#14563 = VECTOR('',#14564,1.);
#14564 = DIRECTION('',(1.,0.));
#14565 = ( GEOMETRIC_REPRESENTATION_CONTEXT(2) 
PARAMETRIC_REPRESENTATION_CONTEXT() REPRESENTATION_CONTEXT('2D SPACE',''
  ) );
#14566 = PCURVE('',#14378,#14567);
#14567 = DEFINITIONAL_REPRESENTATION('',(#14568),#14572);
#14568 = LINE('',#14569,#14570);
#14569 = CARTESIAN_POINT('',(0.,18.));
#14570 = VECTOR('',#14571,1.);
#14571 = DIRECTION('',(1.,0.));
#14572 = ( GEOMETRIC_REPRESENTATION_CONTEXT(2) 
PARAMETRIC_REPRESENTATION_CONTEXT() REPRESENTATION_CONTEXT('2D SPACE',''
  ) );
#14573 = ORIENTED_EDGE('',*,*,#14499,.T.);
#14574 = ORIENTED_EDGE('',*,*,#14575,.T.);
#14575 = EDGE_CURVE('',#14500,#14576,#14578,.T.);
#14576 = VERTEX_POINT('',#14577);
#14577 = CARTESIAN_POINT('',(72.458466394776,305.,-105.2949222314));
#14578 = SURFACE_CURVE('',#14579,(#14583,#14590),.PCURVE_S1.);
#14579 = LINE('',#14580,#14581);
#14580 = CARTESIAN_POINT('',(68.094037781765,305.,-99.82210185412));
#14581 = VECTOR('',#14582,1.);
#14582 = DIRECTION('',(0.623489801859,0.,-0.781831482468));
#14583 = PCURVE('',#14515,#14584);
#14584 = DEFINITIONAL_REPRESENTATION('',(#14585),#14589);
#14585 = LINE('',#14586,#14587);
#14586 = CARTESIAN_POINT('',(0.,-280.));
#14587 = VECTOR('',#14588,1.);
#14588 = DIRECTION('',(1.,0.));
#14589 = ( GEOMETRIC_REPRESENTATION_CONTEXT(2) 
PARAMETRIC_REPRESENTATION_CONTEXT() REPRESENTATION_CONTEXT('2D SPACE',''
  ) );
#14590 = PCURVE('',#14434,#14591);
#14591 = DEFINITIONAL_REPRESENTATION('',(#14592),#14596);
#14592 = LINE('',#14593,#14594);
#14593 = CARTESIAN_POINT('',(0.,18.));
#14594 = VECTOR('',#14595,1.);
#14595 = DIRECTION('',(1.,0.));
#14596 = ( GEOMETRIC_REPRESENTATION_CONTEXT(2) 
PARAMETRIC_REPRESENTATION_CONTEXT() REPRESENTATION_CONTEXT('2D SPACE',''
  ) );
#14597 = ORIENTED_EDGE('',*,*,#14598,.F.);
#14598 = EDGE_CURVE('',#14552,#14576,#14599,.T.);
#14599 = SURFACE_CURVE('',#14600,(#14604,#14611),.PCURVE_S1.);
#14600 = LINE('',#14601,#14602);
#14601 = CARTESIAN_POINT('',(72.458466394776,25.,-105.2949222314));
#14602 = VECTOR('',#14603,1.);
#14603 = DIRECTION('',(0.,1.,0.));
#14604 = PCURVE('',#14515,#14605);
#14605 = DEFINITIONAL_REPRESENTATION('',(#14606),#14610);
#14606 = LINE('',#14607,#14608);
#14607 = CARTESIAN_POINT('',(7.,0.));
#14608 = VECTOR('',#14609,1.);
#14609 = DIRECTION('',(0.,-1.));
#14610 = ( GEOMETRIC_REPRESENTATION_CONTEXT(2) 
PARAMETRIC_REPRESENTATION_CONTEXT() REPRESENTATION_CONTEXT('2D SPACE',''
  ) );
#14611 = PCURVE('',#14460,#14612);
#14612 = DEFINITIONAL_REPRESENTATION('',(#14613),#14617);
#14613 = LINE('',#14614,#14615);
#14614 = CARTESIAN_POINT('',(18.,0.));
#14615 = VECTOR('',#14616,1.);
#14616 = DIRECTION('',(0.,1.));
#14617 = ( GEOMETRIC_REPRESENTATION_CONTEXT(2) 
PARAMETRIC_REPRESENTATION_CONTEXT() REPRESENTATION_CONTEXT('2D SPACE',''
  ) );
#14618 = ADVANCED_FACE('',(#14619),#14434,.T.);
#14619 = FACE_BOUND('',#14620,.T.);
#14620 = EDGE_LOOP('',(#14621,#14622,#14623,#14644));
#14621 = ORIENTED_EDGE('',*,*,#14527,.F.);
#14622 = ORIENTED_EDGE('',*,*,#14418,.T.);
#14623 = ORIENTED_EDGE('',*,*,#14624,.T.);
#14624 = EDGE_CURVE('',#14419,#14576,#14625,.T.);
#14625 = SURFACE_CURVE('',#14626,(#14630,#14637),.PCURVE_S1.);
#14626 = LINE('',#14627,#14628);
#14627 = CARTESIAN_POINT('',(86.531433079201,305.,-94.07210579794));
#14628 = VECTOR('',#14629,1.);
#14629 = DIRECTION('',(-0.781831482468,0.,-0.623489801859));
#14630 = PCURVE('',#14434,#14631);
#14631 = DEFINITIONAL_REPRESENTATION('',(#14632),#14636);
#14632 = LINE('',#14633,#14634);
#14633 = CARTESIAN_POINT('',(7.,0.));
#14634 = VECTOR('',#14635,1.);
#14635 = DIRECTION('',(0.,1.));
#14636 = ( GEOMETRIC_REPRESENTATION_CONTEXT(2) 
PARAMETRIC_REPRESENTATION_CONTEXT() REPRESENTATION_CONTEXT('2D SPACE',''
  ) );
#14637 = PCURVE('',#14460,#14638);
#14638 = DEFINITIONAL_REPRESENTATION('',(#14639),#14643);
#14639 = LINE('',#14640,#14641);
#14640 = CARTESIAN_POINT('',(0.,280.));
#14641 = VECTOR('',#14642,1.);
#14642 = DIRECTION('',(1.,0.));
#14643 = ( GEOMETRIC_REPRESENTATION_CONTEXT(2) 
PARAMETRIC_REPRESENTATION_CONTEXT() REPRESENTATION_CONTEXT('2D SPACE',''
  ) );
#14644 = ORIENTED_EDGE('',*,*,#14575,.F.);
#14645 = ADVANCED_FACE('',(#14646),#14460,.T.);
#14646 = FACE_BOUND('',#14647,.T.);
#14647 = EDGE_LOOP('',(#14648,#14649,#14670,#14671));
#14648 = ORIENTED_EDGE('',*,*,#14446,.F.);
#14649 = ORIENTED_EDGE('',*,*,#14650,.T.);
#14650 = EDGE_CURVE('',#14358,#14552,#14651,.T.);
#14651 = SURFACE_CURVE('',#14652,(#14656,#14663),.PCURVE_S1.);
#14652 = LINE('',#14653,#14654);
#14653 = CARTESIAN_POINT('',(86.531433079201,25.,-94.07210579794));
#14654 = VECTOR('',#14655,1.);
#14655 = DIRECTION('',(-0.781831482468,0.,-0.623489801859));
#14656 = PCURVE('',#14460,#14657);
#14657 = DEFINITIONAL_REPRESENTATION('',(#14658),#14662);
#14658 = LINE('',#14659,#14660);
#14659 = CARTESIAN_POINT('',(0.,0.));
#14660 = VECTOR('',#14661,1.);
#14661 = DIRECTION('',(1.,0.));
#14662 = ( GEOMETRIC_REPRESENTATION_CONTEXT(2) 
PARAMETRIC_REPRESENTATION_CONTEXT() REPRESENTATION_CONTEXT('2D SPACE',''
  ) );
#14663 = PCURVE('',#14378,#14664);
#14664 = DEFINITIONAL_REPRESENTATION('',(#14665),#14669);
#14665 = LINE('',#14666,#14667);
#14666 = CARTESIAN_POINT('',(7.,0.));
#14667 = VECTOR('',#14668,1.);
#14668 = DIRECTION('',(0.,1.));
#14669 = ( GEOMETRIC_REPRESENTATION_CONTEXT(2) 
PARAMETRIC_REPRESENTATION_CONTEXT() REPRESENTATION_CONTEXT('2D SPACE',''
  ) );
#14670 = ORIENTED_EDGE('',*,*,#14598,.T.);
#14671 = ORIENTED_EDGE('',*,*,#14624,.F.);
#14672 = ADVANCED_FACE('',(#14673),#14378,.F.);
#14673 = FACE_BOUND('',#14674,.F.);
#14674 = EDGE_LOOP('',(#14675,#14676,#14677,#14678));
#14675 = ORIENTED_EDGE('',*,*,#14476,.F.);
#14676 = ORIENTED_EDGE('',*,*,#14355,.T.);
#14677 = ORIENTED_EDGE('',*,*,#14650,.T.);
#14678 = ORIENTED_EDGE('',*,*,#14551,.F.);
#14679 = MANIFOLD_SOLID_BREP('',#14680);
#14680 = CLOSED_SHELL('',(#14681,#14801,#14877,#14948,#14975,#15002));
#14681 = ADVANCED_FACE('',(#14682),#14696,.F.);
#14682 = FACE_BOUND('',#14683,.F.);
#14683 = EDGE_LOOP('',(#14684,#14719,#14747,#14775));
#14684 = ORIENTED_EDGE('',*,*,#14685,.F.);
#14685 = EDGE_CURVE('',#14686,#14688,#14690,.T.);
#14686 = VERTEX_POINT('',#14687);
#14687 = CARTESIAN_POINT('',(-68.09403778176,25.,-99.82210185412));
#14688 = VERTEX_POINT('',#14689);
#14689 = CARTESIAN_POINT('',(-72.45846639477,25.,-105.2949222314));
#14690 = SURFACE_CURVE('',#14691,(#14695,#14707),.PCURVE_S1.);
#14691 = LINE('',#14692,#14693);
#14692 = CARTESIAN_POINT('',(-68.09403778176,25.,-99.82210185412));
#14693 = VECTOR('',#14694,1.);
#14694 = DIRECTION('',(-0.623489801859,0.,-0.781831482468));
#14695 = PCURVE('',#14696,#14701);
#14696 = PLANE('',#14697);
#14697 = AXIS2_PLACEMENT_3D('',#14698,#14699,#14700);
#14698 = CARTESIAN_POINT('',(-68.09403778176,25.,-99.82210185412));
#14699 = DIRECTION('',(-0.781831482468,0.,0.623489801859));
#14700 = DIRECTION('',(-0.623489801859,0.,-0.781831482468));
#14701 = DEFINITIONAL_REPRESENTATION('',(#14702),#14706);
#14702 = LINE('',#14703,#14704);
#14703 = CARTESIAN_POINT('',(0.,0.));
#14704 = VECTOR('',#14705,1.);
#14705 = DIRECTION('',(1.,0.));
#14706 = ( GEOMETRIC_REPRESENTATION_CONTEXT(2) 
PARAMETRIC_REPRESENTATION_CONTEXT() REPRESENTATION_CONTEXT('2D SPACE',''
  ) );
#14707 = PCURVE('',#14708,#14713);
#14708 = PLANE('',#14709);
#14709 = AXIS2_PLACEMENT_3D('',#14710,#14711,#14712);
#14710 = CARTESIAN_POINT('',(-68.09403778176,25.,-99.82210185412));
#14711 = DIRECTION('',(0.,1.,0.));
#14712 = DIRECTION('',(-0.623489801859,0.,-0.781831482468));
#14713 = DEFINITIONAL_REPRESENTATION('',(#14714),#14718);
#14714 = LINE('',#14715,#14716);
#14715 = CARTESIAN_POINT('',(0.,0.));
#14716 = VECTOR('',#14717,1.);
#14717 = DIRECTION('',(1.,0.));
#14718 = ( GEOMETRIC_REPRESENTATION_CONTEXT(2) 
PARAMETRIC_REPRESENTATION_CONTEXT() REPRESENTATION_CONTEXT('2D SPACE',''
  ) );
#14719 = ORIENTED_EDGE('',*,*,#14720,.T.);
#14720 = EDGE_CURVE('',#14686,#14721,#14723,.T.);
#14721 = VERTEX_POINT('',#14722);
#14722 = CARTESIAN_POINT('',(-68.09403778176,305.,-99.82210185412));
#14723 = SURFACE_CURVE('',#14724,(#14728,#14735),.PCURVE_S1.);
#14724 = LINE('',#14725,#14726);
#14725 = CARTESIAN_POINT('',(-68.09403778176,25.,-99.82210185412));
#14726 = VECTOR('',#14727,1.);
#14727 = DIRECTION('',(0.,1.,0.));
#14728 = PCURVE('',#14696,#14729);
#14729 = DEFINITIONAL_REPRESENTATION('',(#14730),#14734);
#14730 = LINE('',#14731,#14732);
#14731 = CARTESIAN_POINT('',(0.,0.));
#14732 = VECTOR('',#14733,1.);
#14733 = DIRECTION('',(0.,-1.));
#14734 = ( GEOMETRIC_REPRESENTATION_CONTEXT(2) 
PARAMETRIC_REPRESENTATION_CONTEXT() REPRESENTATION_CONTEXT('2D SPACE',''
  ) );
#14735 = PCURVE('',#14736,#14741);
#14736 = PLANE('',#14737);
#14737 = AXIS2_PLACEMENT_3D('',#14738,#14739,#14740);
#14738 = CARTESIAN_POINT('',(-68.09403778176,25.,-99.82210185412));
#14739 = DIRECTION('',(-0.623489801859,0.,-0.781831482468));
#14740 = DIRECTION('',(-0.781831482468,0.,0.623489801859));
#14741 = DEFINITIONAL_REPRESENTATION('',(#14742),#14746);
#14742 = LINE('',#14743,#14744);
#14743 = CARTESIAN_POINT('',(0.,0.));
#14744 = VECTOR('',#14745,1.);
#14745 = DIRECTION('',(0.,1.));
#14746 = ( GEOMETRIC_REPRESENTATION_CONTEXT(2) 
PARAMETRIC_REPRESENTATION_CONTEXT() REPRESENTATION_CONTEXT('2D SPACE',''
  ) );
#14747 = ORIENTED_EDGE('',*,*,#14748,.T.);
#14748 = EDGE_CURVE('',#14721,#14749,#14751,.T.);
#14749 = VERTEX_POINT('',#14750);
#14750 = CARTESIAN_POINT('',(-72.45846639477,305.,-105.2949222314));
#14751 = SURFACE_CURVE('',#14752,(#14756,#14763),.PCURVE_S1.);
#14752 = LINE('',#14753,#14754);
#14753 = CARTESIAN_POINT('',(-68.09403778176,305.,-99.82210185412));
#14754 = VECTOR('',#14755,1.);
#14755 = DIRECTION('',(-0.623489801859,0.,-0.781831482468));
#14756 = PCURVE('',#14696,#14757);
#14757 = DEFINITIONAL_REPRESENTATION('',(#14758),#14762);
#14758 = LINE('',#14759,#14760);
#14759 = CARTESIAN_POINT('',(0.,-280.));
#14760 = VECTOR('',#14761,1.);
#14761 = DIRECTION('',(1.,0.));
#14762 = ( GEOMETRIC_REPRESENTATION_CONTEXT(2) 
PARAMETRIC_REPRESENTATION_CONTEXT() REPRESENTATION_CONTEXT('2D SPACE',''
  ) );
#14763 = PCURVE('',#14764,#14769);
#14764 = PLANE('',#14765);
#14765 = AXIS2_PLACEMENT_3D('',#14766,#14767,#14768);
#14766 = CARTESIAN_POINT('',(-68.09403778176,305.,-99.82210185412));
#14767 = DIRECTION('',(0.,1.,0.));
#14768 = DIRECTION('',(-0.623489801859,0.,-0.781831482468));
#14769 = DEFINITIONAL_REPRESENTATION('',(#14770),#14774);
#14770 = LINE('',#14771,#14772);
#14771 = CARTESIAN_POINT('',(0.,0.));
#14772 = VECTOR('',#14773,1.);
#14773 = DIRECTION('',(1.,0.));
#14774 = ( GEOMETRIC_REPRESENTATION_CONTEXT(2) 
PARAMETRIC_REPRESENTATION_CONTEXT() REPRESENTATION_CONTEXT('2D SPACE',''
  ) );
#14775 = ORIENTED_EDGE('',*,*,#14776,.F.);
#14776 = EDGE_CURVE('',#14688,#14749,#14777,.T.);
#14777 = SURFACE_CURVE('',#14778,(#14782,#14789),.PCURVE_S1.);
#14778 = LINE('',#14779,#14780);
#14779 = CARTESIAN_POINT('',(-72.45846639477,25.,-105.2949222314));
#14780 = VECTOR('',#14781,1.);
#14781 = DIRECTION('',(0.,1.,0.));
#14782 = PCURVE('',#14696,#14783);
#14783 = DEFINITIONAL_REPRESENTATION('',(#14784),#14788);
#14784 = LINE('',#14785,#14786);
#14785 = CARTESIAN_POINT('',(7.,0.));
#14786 = VECTOR('',#14787,1.);
#14787 = DIRECTION('',(0.,-1.));
#14788 = ( GEOMETRIC_REPRESENTATION_CONTEXT(2) 
PARAMETRIC_REPRESENTATION_CONTEXT() REPRESENTATION_CONTEXT('2D SPACE',''
  ) );
#14789 = PCURVE('',#14790,#14795);
#14790 = PLANE('',#14791);
#14791 = AXIS2_PLACEMENT_3D('',#14792,#14793,#14794);
#14792 = CARTESIAN_POINT('',(-72.45846639477,25.,-105.2949222314));
#14793 = DIRECTION('',(-0.623489801859,0.,-0.781831482468));
#14794 = DIRECTION('',(-0.781831482468,0.,0.623489801859));
#14795 = DEFINITIONAL_REPRESENTATION('',(#14796),#14800);
#14796 = LINE('',#14797,#14798);
#14797 = CARTESIAN_POINT('',(0.,0.));
#14798 = VECTOR('',#14799,1.);
#14799 = DIRECTION('',(0.,1.));
#14800 = ( GEOMETRIC_REPRESENTATION_CONTEXT(2) 
PARAMETRIC_REPRESENTATION_CONTEXT() REPRESENTATION_CONTEXT('2D SPACE',''
  ) );
#14801 = ADVANCED_FACE('',(#14802),#14736,.F.);
#14802 = FACE_BOUND('',#14803,.F.);
#14803 = EDGE_LOOP('',(#14804,#14805,#14828,#14856));
#14804 = ORIENTED_EDGE('',*,*,#14720,.F.);
#14805 = ORIENTED_EDGE('',*,*,#14806,.T.);
#14806 = EDGE_CURVE('',#14686,#14807,#14809,.T.);
#14807 = VERTEX_POINT('',#14808);
#14808 = CARTESIAN_POINT('',(-82.16700446619,25.,-88.59928542066));
#14809 = SURFACE_CURVE('',#14810,(#14814,#14821),.PCURVE_S1.);
#14810 = LINE('',#14811,#14812);
#14811 = CARTESIAN_POINT('',(-68.09403778176,25.,-99.82210185412));
#14812 = VECTOR('',#14813,1.);
#14813 = DIRECTION('',(-0.781831482468,0.,0.623489801859));
#14814 = PCURVE('',#14736,#14815);
#14815 = DEFINITIONAL_REPRESENTATION('',(#14816),#14820);
#14816 = LINE('',#14817,#14818);
#14817 = CARTESIAN_POINT('',(0.,0.));
#14818 = VECTOR('',#14819,1.);
#14819 = DIRECTION('',(1.,0.));
#14820 = ( GEOMETRIC_REPRESENTATION_CONTEXT(2) 
PARAMETRIC_REPRESENTATION_CONTEXT() REPRESENTATION_CONTEXT('2D SPACE',''
  ) );
#14821 = PCURVE('',#14708,#14822);
#14822 = DEFINITIONAL_REPRESENTATION('',(#14823),#14827);
#14823 = LINE('',#14824,#14825);
#14824 = CARTESIAN_POINT('',(0.,0.));
#14825 = VECTOR('',#14826,1.);
#14826 = DIRECTION('',(0.,1.));
#14827 = ( GEOMETRIC_REPRESENTATION_CONTEXT(2) 
PARAMETRIC_REPRESENTATION_CONTEXT() REPRESENTATION_CONTEXT('2D SPACE',''
  ) );
#14828 = ORIENTED_EDGE('',*,*,#14829,.T.);
#14829 = EDGE_CURVE('',#14807,#14830,#14832,.T.);
#14830 = VERTEX_POINT('',#14831);
#14831 = CARTESIAN_POINT('',(-82.16700446619,305.,-88.59928542066));
#14832 = SURFACE_CURVE('',#14833,(#14837,#14844),.PCURVE_S1.);
#14833 = LINE('',#14834,#14835);
#14834 = CARTESIAN_POINT('',(-82.16700446619,25.,-88.59928542066));
#14835 = VECTOR('',#14836,1.);
#14836 = DIRECTION('',(0.,1.,0.));
#14837 = PCURVE('',#14736,#14838);
#14838 = DEFINITIONAL_REPRESENTATION('',(#14839),#14843);
#14839 = LINE('',#14840,#14841);
#14840 = CARTESIAN_POINT('',(18.,0.));
#14841 = VECTOR('',#14842,1.);
#14842 = DIRECTION('',(0.,1.));
#14843 = ( GEOMETRIC_REPRESENTATION_CONTEXT(2) 
PARAMETRIC_REPRESENTATION_CONTEXT() REPRESENTATION_CONTEXT('2D SPACE',''
  ) );
#14844 = PCURVE('',#14845,#14850);
#14845 = PLANE('',#14846);
#14846 = AXIS2_PLACEMENT_3D('',#14847,#14848,#14849);
#14847 = CARTESIAN_POINT('',(-82.16700446619,25.,-88.59928542066));
#14848 = DIRECTION('',(-0.781831482468,0.,0.623489801859));
#14849 = DIRECTION('',(-0.623489801859,0.,-0.781831482468));
#14850 = DEFINITIONAL_REPRESENTATION('',(#14851),#14855);
#14851 = LINE('',#14852,#14853);
#14852 = CARTESIAN_POINT('',(0.,0.));
#14853 = VECTOR('',#14854,1.);
#14854 = DIRECTION('',(0.,-1.));
#14855 = ( GEOMETRIC_REPRESENTATION_CONTEXT(2) 
PARAMETRIC_REPRESENTATION_CONTEXT() REPRESENTATION_CONTEXT('2D SPACE',''
  ) );
#14856 = ORIENTED_EDGE('',*,*,#14857,.F.);
#14857 = EDGE_CURVE('',#14721,#14830,#14858,.T.);
#14858 = SURFACE_CURVE('',#14859,(#14863,#14870),.PCURVE_S1.);
#14859 = LINE('',#14860,#14861);
#14860 = CARTESIAN_POINT('',(-68.09403778176,305.,-99.82210185412));
#14861 = VECTOR('',#14862,1.);
#14862 = DIRECTION('',(-0.781831482468,0.,0.623489801859));
#14863 = PCURVE('',#14736,#14864);
#14864 = DEFINITIONAL_REPRESENTATION('',(#14865),#14869);
#14865 = LINE('',#14866,#14867);
#14866 = CARTESIAN_POINT('',(0.,280.));
#14867 = VECTOR('',#14868,1.);
#14868 = DIRECTION('',(1.,0.));
#14869 = ( GEOMETRIC_REPRESENTATION_CONTEXT(2) 
PARAMETRIC_REPRESENTATION_CONTEXT() REPRESENTATION_CONTEXT('2D SPACE',''
  ) );
#14870 = PCURVE('',#14764,#14871);
#14871 = DEFINITIONAL_REPRESENTATION('',(#14872),#14876);
#14872 = LINE('',#14873,#14874);
#14873 = CARTESIAN_POINT('',(0.,0.));
#14874 = VECTOR('',#14875,1.);
#14875 = DIRECTION('',(0.,1.));
#14876 = ( GEOMETRIC_REPRESENTATION_CONTEXT(2) 
PARAMETRIC_REPRESENTATION_CONTEXT() REPRESENTATION_CONTEXT('2D SPACE',''
  ) );
#14877 = ADVANCED_FACE('',(#14878),#14845,.T.);
#14878 = FACE_BOUND('',#14879,.T.);
#14879 = EDGE_LOOP('',(#14880,#14903,#14904,#14927));
#14880 = ORIENTED_EDGE('',*,*,#14881,.F.);
#14881 = EDGE_CURVE('',#14807,#14882,#14884,.T.);
#14882 = VERTEX_POINT('',#14883);
#14883 = CARTESIAN_POINT('',(-86.5314330792,25.,-94.07210579794));
#14884 = SURFACE_CURVE('',#14885,(#14889,#14896),.PCURVE_S1.);
#14885 = LINE('',#14886,#14887);
#14886 = CARTESIAN_POINT('',(-82.16700446619,25.,-88.59928542066));
#14887 = VECTOR('',#14888,1.);
#14888 = DIRECTION('',(-0.623489801859,0.,-0.781831482468));
#14889 = PCURVE('',#14845,#14890);
#14890 = DEFINITIONAL_REPRESENTATION('',(#14891),#14895);
#14891 = LINE('',#14892,#14893);
#14892 = CARTESIAN_POINT('',(0.,0.));
#14893 = VECTOR('',#14894,1.);
#14894 = DIRECTION('',(1.,0.));
#14895 = ( GEOMETRIC_REPRESENTATION_CONTEXT(2) 
PARAMETRIC_REPRESENTATION_CONTEXT() REPRESENTATION_CONTEXT('2D SPACE',''
  ) );
#14896 = PCURVE('',#14708,#14897);
#14897 = DEFINITIONAL_REPRESENTATION('',(#14898),#14902);
#14898 = LINE('',#14899,#14900);
#14899 = CARTESIAN_POINT('',(0.,18.));
#14900 = VECTOR('',#14901,1.);
#14901 = DIRECTION('',(1.,0.));
#14902 = ( GEOMETRIC_REPRESENTATION_CONTEXT(2) 
PARAMETRIC_REPRESENTATION_CONTEXT() REPRESENTATION_CONTEXT('2D SPACE',''
  ) );
#14903 = ORIENTED_EDGE('',*,*,#14829,.T.);
#14904 = ORIENTED_EDGE('',*,*,#14905,.T.);
#14905 = EDGE_CURVE('',#14830,#14906,#14908,.T.);
#14906 = VERTEX_POINT('',#14907);
#14907 = CARTESIAN_POINT('',(-86.5314330792,305.,-94.07210579794));
#14908 = SURFACE_CURVE('',#14909,(#14913,#14920),.PCURVE_S1.);
#14909 = LINE('',#14910,#14911);
#14910 = CARTESIAN_POINT('',(-82.16700446619,305.,-88.59928542066));
#14911 = VECTOR('',#14912,1.);
#14912 = DIRECTION('',(-0.623489801859,0.,-0.781831482468));
#14913 = PCURVE('',#14845,#14914);
#14914 = DEFINITIONAL_REPRESENTATION('',(#14915),#14919);
#14915 = LINE('',#14916,#14917);
#14916 = CARTESIAN_POINT('',(0.,-280.));
#14917 = VECTOR('',#14918,1.);
#14918 = DIRECTION('',(1.,0.));
#14919 = ( GEOMETRIC_REPRESENTATION_CONTEXT(2) 
PARAMETRIC_REPRESENTATION_CONTEXT() REPRESENTATION_CONTEXT('2D SPACE',''
  ) );
#14920 = PCURVE('',#14764,#14921);
#14921 = DEFINITIONAL_REPRESENTATION('',(#14922),#14926);
#14922 = LINE('',#14923,#14924);
#14923 = CARTESIAN_POINT('',(0.,18.));
#14924 = VECTOR('',#14925,1.);
#14925 = DIRECTION('',(1.,0.));
#14926 = ( GEOMETRIC_REPRESENTATION_CONTEXT(2) 
PARAMETRIC_REPRESENTATION_CONTEXT() REPRESENTATION_CONTEXT('2D SPACE',''
  ) );
#14927 = ORIENTED_EDGE('',*,*,#14928,.F.);
#14928 = EDGE_CURVE('',#14882,#14906,#14929,.T.);
#14929 = SURFACE_CURVE('',#14930,(#14934,#14941),.PCURVE_S1.);
#14930 = LINE('',#14931,#14932);
#14931 = CARTESIAN_POINT('',(-86.5314330792,25.,-94.07210579794));
#14932 = VECTOR('',#14933,1.);
#14933 = DIRECTION('',(0.,1.,0.));
#14934 = PCURVE('',#14845,#14935);
#14935 = DEFINITIONAL_REPRESENTATION('',(#14936),#14940);
#14936 = LINE('',#14937,#14938);
#14937 = CARTESIAN_POINT('',(7.,0.));
#14938 = VECTOR('',#14939,1.);
#14939 = DIRECTION('',(0.,-1.));
#14940 = ( GEOMETRIC_REPRESENTATION_CONTEXT(2) 
PARAMETRIC_REPRESENTATION_CONTEXT() REPRESENTATION_CONTEXT('2D SPACE',''
  ) );
#14941 = PCURVE('',#14790,#14942);
#14942 = DEFINITIONAL_REPRESENTATION('',(#14943),#14947);
#14943 = LINE('',#14944,#14945);
#14944 = CARTESIAN_POINT('',(18.,0.));
#14945 = VECTOR('',#14946,1.);
#14946 = DIRECTION('',(0.,1.));
#14947 = ( GEOMETRIC_REPRESENTATION_CONTEXT(2) 
PARAMETRIC_REPRESENTATION_CONTEXT() REPRESENTATION_CONTEXT('2D SPACE',''
  ) );
#14948 = ADVANCED_FACE('',(#14949),#14764,.T.);
#14949 = FACE_BOUND('',#14950,.T.);
#14950 = EDGE_LOOP('',(#14951,#14952,#14953,#14974));
#14951 = ORIENTED_EDGE('',*,*,#14857,.F.);
#14952 = ORIENTED_EDGE('',*,*,#14748,.T.);
#14953 = ORIENTED_EDGE('',*,*,#14954,.T.);
#14954 = EDGE_CURVE('',#14749,#14906,#14955,.T.);
#14955 = SURFACE_CURVE('',#14956,(#14960,#14967),.PCURVE_S1.);
#14956 = LINE('',#14957,#14958);
#14957 = CARTESIAN_POINT('',(-72.45846639477,305.,-105.2949222314));
#14958 = VECTOR('',#14959,1.);
#14959 = DIRECTION('',(-0.781831482468,0.,0.623489801859));
#14960 = PCURVE('',#14764,#14961);
#14961 = DEFINITIONAL_REPRESENTATION('',(#14962),#14966);
#14962 = LINE('',#14963,#14964);
#14963 = CARTESIAN_POINT('',(7.,0.));
#14964 = VECTOR('',#14965,1.);
#14965 = DIRECTION('',(0.,1.));
#14966 = ( GEOMETRIC_REPRESENTATION_CONTEXT(2) 
PARAMETRIC_REPRESENTATION_CONTEXT() REPRESENTATION_CONTEXT('2D SPACE',''
  ) );
#14967 = PCURVE('',#14790,#14968);
#14968 = DEFINITIONAL_REPRESENTATION('',(#14969),#14973);
#14969 = LINE('',#14970,#14971);
#14970 = CARTESIAN_POINT('',(0.,280.));
#14971 = VECTOR('',#14972,1.);
#14972 = DIRECTION('',(1.,0.));
#14973 = ( GEOMETRIC_REPRESENTATION_CONTEXT(2) 
PARAMETRIC_REPRESENTATION_CONTEXT() REPRESENTATION_CONTEXT('2D SPACE',''
  ) );
#14974 = ORIENTED_EDGE('',*,*,#14905,.F.);
#14975 = ADVANCED_FACE('',(#14976),#14790,.T.);
#14976 = FACE_BOUND('',#14977,.T.);
#14977 = EDGE_LOOP('',(#14978,#14979,#15000,#15001));
#14978 = ORIENTED_EDGE('',*,*,#14776,.F.);
#14979 = ORIENTED_EDGE('',*,*,#14980,.T.);
#14980 = EDGE_CURVE('',#14688,#14882,#14981,.T.);
#14981 = SURFACE_CURVE('',#14982,(#14986,#14993),.PCURVE_S1.);
#14982 = LINE('',#14983,#14984);
#14983 = CARTESIAN_POINT('',(-72.45846639477,25.,-105.2949222314));
#14984 = VECTOR('',#14985,1.);
#14985 = DIRECTION('',(-0.781831482468,0.,0.623489801859));
#14986 = PCURVE('',#14790,#14987);
#14987 = DEFINITIONAL_REPRESENTATION('',(#14988),#14992);
#14988 = LINE('',#14989,#14990);
#14989 = CARTESIAN_POINT('',(0.,0.));
#14990 = VECTOR('',#14991,1.);
#14991 = DIRECTION('',(1.,0.));
#14992 = ( GEOMETRIC_REPRESENTATION_CONTEXT(2) 
PARAMETRIC_REPRESENTATION_CONTEXT() REPRESENTATION_CONTEXT('2D SPACE',''
  ) );
#14993 = PCURVE('',#14708,#14994);
#14994 = DEFINITIONAL_REPRESENTATION('',(#14995),#14999);
#14995 = LINE('',#14996,#14997);
#14996 = CARTESIAN_POINT('',(7.,0.));
#14997 = VECTOR('',#14998,1.);
#14998 = DIRECTION('',(0.,1.));
#14999 = ( GEOMETRIC_REPRESENTATION_CONTEXT(2) 
PARAMETRIC_REPRESENTATION_CONTEXT() REPRESENTATION_CONTEXT('2D SPACE',''
  ) );
#15000 = ORIENTED_EDGE('',*,*,#14928,.T.);
#15001 = ORIENTED_EDGE('',*,*,#14954,.F.);
#15002 = ADVANCED_FACE('',(#15003),#14708,.F.);
#15003 = FACE_BOUND('',#15004,.F.);
#15004 = EDGE_LOOP('',(#15005,#15006,#15007,#15008));
#15005 = ORIENTED_EDGE('',*,*,#14806,.F.);
#15006 = ORIENTED_EDGE('',*,*,#14685,.T.);
#15007 = ORIENTED_EDGE('',*,*,#14980,.T.);
#15008 = ORIENTED_EDGE('',*,*,#14881,.F.);
#15009 = MANIFOLD_SOLID_BREP('',#15010);
#15010 = CLOSED_SHELL('',(#15011,#15131,#15207,#15278,#15305,#15332));
#15011 = ADVANCED_FACE('',(#15012),#15026,.F.);
#15012 = FACE_BOUND('',#15013,.F.);
#15013 = EDGE_LOOP('',(#15014,#15049,#15077,#15105));
#15014 = ORIENTED_EDGE('',*,*,#15015,.F.);
#15015 = EDGE_CURVE('',#15016,#15018,#15020,.T.);
#15016 = VERTEX_POINT('',#15017);
#15017 = CARTESIAN_POINT('',(-88.59928542066,25.,-82.16700446619));
#15018 = VERTEX_POINT('',#15019);
#15019 = CARTESIAN_POINT('',(-94.07210579794,25.,-86.5314330792));
#15020 = SURFACE_CURVE('',#15021,(#15025,#15037),.PCURVE_S1.);
#15021 = LINE('',#15022,#15023);
#15022 = CARTESIAN_POINT('',(-88.59928542066,25.,-82.16700446619));
#15023 = VECTOR('',#15024,1.);
#15024 = DIRECTION('',(-0.781831482468,0.,-0.623489801859));
#15025 = PCURVE('',#15026,#15031);
#15026 = PLANE('',#15027);
#15027 = AXIS2_PLACEMENT_3D('',#15028,#15029,#15030);
#15028 = CARTESIAN_POINT('',(-88.59928542066,25.,-82.16700446619));
#15029 = DIRECTION('',(-0.623489801859,0.,0.781831482468));
#15030 = DIRECTION('',(-0.781831482468,0.,-0.623489801859));
#15031 = DEFINITIONAL_REPRESENTATION('',(#15032),#15036);
#15032 = LINE('',#15033,#15034);
#15033 = CARTESIAN_POINT('',(0.,0.));
#15034 = VECTOR('',#15035,1.);
#15035 = DIRECTION('',(1.,0.));
#15036 = ( GEOMETRIC_REPRESENTATION_CONTEXT(2) 
PARAMETRIC_REPRESENTATION_CONTEXT() REPRESENTATION_CONTEXT('2D SPACE',''
  ) );
#15037 = PCURVE('',#15038,#15043);
#15038 = PLANE('',#15039);
#15039 = AXIS2_PLACEMENT_3D('',#15040,#15041,#15042);
#15040 = CARTESIAN_POINT('',(-88.59928542066,25.,-82.16700446619));
#15041 = DIRECTION('',(0.,1.,0.));
#15042 = DIRECTION('',(-0.781831482468,0.,-0.623489801859));
#15043 = DEFINITIONAL_REPRESENTATION('',(#15044),#15048);
#15044 = LINE('',#15045,#15046);
#15045 = CARTESIAN_POINT('',(0.,0.));
#15046 = VECTOR('',#15047,1.);
#15047 = DIRECTION('',(1.,0.));
#15048 = ( GEOMETRIC_REPRESENTATION_CONTEXT(2) 
PARAMETRIC_REPRESENTATION_CONTEXT() REPRESENTATION_CONTEXT('2D SPACE',''
  ) );
#15049 = ORIENTED_EDGE('',*,*,#15050,.T.);
#15050 = EDGE_CURVE('',#15016,#15051,#15053,.T.);
#15051 = VERTEX_POINT('',#15052);
#15052 = CARTESIAN_POINT('',(-88.59928542066,305.,-82.16700446619));
#15053 = SURFACE_CURVE('',#15054,(#15058,#15065),.PCURVE_S1.);
#15054 = LINE('',#15055,#15056);
#15055 = CARTESIAN_POINT('',(-88.59928542066,25.,-82.16700446619));
#15056 = VECTOR('',#15057,1.);
#15057 = DIRECTION('',(0.,1.,0.));
#15058 = PCURVE('',#15026,#15059);
#15059 = DEFINITIONAL_REPRESENTATION('',(#15060),#15064);
#15060 = LINE('',#15061,#15062);
#15061 = CARTESIAN_POINT('',(0.,0.));
#15062 = VECTOR('',#15063,1.);
#15063 = DIRECTION('',(0.,-1.));
#15064 = ( GEOMETRIC_REPRESENTATION_CONTEXT(2) 
PARAMETRIC_REPRESENTATION_CONTEXT() REPRESENTATION_CONTEXT('2D SPACE',''
  ) );
#15065 = PCURVE('',#15066,#15071);
#15066 = PLANE('',#15067);
#15067 = AXIS2_PLACEMENT_3D('',#15068,#15069,#15070);
#15068 = CARTESIAN_POINT('',(-88.59928542066,25.,-82.16700446619));
#15069 = DIRECTION('',(-0.781831482468,0.,-0.623489801859));
#15070 = DIRECTION('',(-0.623489801859,0.,0.781831482468));
#15071 = DEFINITIONAL_REPRESENTATION('',(#15072),#15076);
#15072 = LINE('',#15073,#15074);
#15073 = CARTESIAN_POINT('',(0.,0.));
#15074 = VECTOR('',#15075,1.);
#15075 = DIRECTION('',(0.,1.));
#15076 = ( GEOMETRIC_REPRESENTATION_CONTEXT(2) 
PARAMETRIC_REPRESENTATION_CONTEXT() REPRESENTATION_CONTEXT('2D SPACE',''
  ) );
#15077 = ORIENTED_EDGE('',*,*,#15078,.T.);
#15078 = EDGE_CURVE('',#15051,#15079,#15081,.T.);
#15079 = VERTEX_POINT('',#15080);
#15080 = CARTESIAN_POINT('',(-94.07210579794,305.,-86.5314330792));
#15081 = SURFACE_CURVE('',#15082,(#15086,#15093),.PCURVE_S1.);
#15082 = LINE('',#15083,#15084);
#15083 = CARTESIAN_POINT('',(-88.59928542066,305.,-82.16700446619));
#15084 = VECTOR('',#15085,1.);
#15085 = DIRECTION('',(-0.781831482468,0.,-0.623489801859));
#15086 = PCURVE('',#15026,#15087);
#15087 = DEFINITIONAL_REPRESENTATION('',(#15088),#15092);
#15088 = LINE('',#15089,#15090);
#15089 = CARTESIAN_POINT('',(0.,-280.));
#15090 = VECTOR('',#15091,1.);
#15091 = DIRECTION('',(1.,0.));
#15092 = ( GEOMETRIC_REPRESENTATION_CONTEXT(2) 
PARAMETRIC_REPRESENTATION_CONTEXT() REPRESENTATION_CONTEXT('2D SPACE',''
  ) );
#15093 = PCURVE('',#15094,#15099);
#15094 = PLANE('',#15095);
#15095 = AXIS2_PLACEMENT_3D('',#15096,#15097,#15098);
#15096 = CARTESIAN_POINT('',(-88.59928542066,305.,-82.16700446619));
#15097 = DIRECTION('',(0.,1.,0.));
#15098 = DIRECTION('',(-0.781831482468,0.,-0.623489801859));
#15099 = DEFINITIONAL_REPRESENTATION('',(#15100),#15104);
#15100 = LINE('',#15101,#15102);
#15101 = CARTESIAN_POINT('',(0.,0.));
#15102 = VECTOR('',#15103,1.);
#15103 = DIRECTION('',(1.,0.));
#15104 = ( GEOMETRIC_REPRESENTATION_CONTEXT(2) 
PARAMETRIC_REPRESENTATION_CONTEXT() REPRESENTATION_CONTEXT('2D SPACE',''
  ) );
#15105 = ORIENTED_EDGE('',*,*,#15106,.F.);
#15106 = EDGE_CURVE('',#15018,#15079,#15107,.T.);
#15107 = SURFACE_CURVE('',#15108,(#15112,#15119),.PCURVE_S1.);
#15108 = LINE('',#15109,#15110);
#15109 = CARTESIAN_POINT('',(-94.07210579794,25.,-86.5314330792));
#15110 = VECTOR('',#15111,1.);
#15111 = DIRECTION('',(0.,1.,0.));
#15112 = PCURVE('',#15026,#15113);
#15113 = DEFINITIONAL_REPRESENTATION('',(#15114),#15118);
#15114 = LINE('',#15115,#15116);
#15115 = CARTESIAN_POINT('',(7.,0.));
#15116 = VECTOR('',#15117,1.);
#15117 = DIRECTION('',(0.,-1.));
#15118 = ( GEOMETRIC_REPRESENTATION_CONTEXT(2) 
PARAMETRIC_REPRESENTATION_CONTEXT() REPRESENTATION_CONTEXT('2D SPACE',''
  ) );
#15119 = PCURVE('',#15120,#15125);
#15120 = PLANE('',#15121);
#15121 = AXIS2_PLACEMENT_3D('',#15122,#15123,#15124);
#15122 = CARTESIAN_POINT('',(-94.07210579794,25.,-86.5314330792));
#15123 = DIRECTION('',(-0.781831482468,0.,-0.623489801859));
#15124 = DIRECTION('',(-0.623489801859,0.,0.781831482468));
#15125 = DEFINITIONAL_REPRESENTATION('',(#15126),#15130);
#15126 = LINE('',#15127,#15128);
#15127 = CARTESIAN_POINT('',(0.,0.));
#15128 = VECTOR('',#15129,1.);
#15129 = DIRECTION('',(0.,1.));
#15130 = ( GEOMETRIC_REPRESENTATION_CONTEXT(2) 
PARAMETRIC_REPRESENTATION_CONTEXT() REPRESENTATION_CONTEXT('2D SPACE',''
  ) );
#15131 = ADVANCED_FACE('',(#15132),#15066,.F.);
#15132 = FACE_BOUND('',#15133,.F.);
#15133 = EDGE_LOOP('',(#15134,#15135,#15158,#15186));
#15134 = ORIENTED_EDGE('',*,*,#15050,.F.);
#15135 = ORIENTED_EDGE('',*,*,#15136,.T.);
#15136 = EDGE_CURVE('',#15016,#15137,#15139,.T.);
#15137 = VERTEX_POINT('',#15138);
#15138 = CARTESIAN_POINT('',(-99.82210185412,25.,-68.09403778176));
#15139 = SURFACE_CURVE('',#15140,(#15144,#15151),.PCURVE_S1.);
#15140 = LINE('',#15141,#15142);
#15141 = CARTESIAN_POINT('',(-88.59928542066,25.,-82.16700446619));
#15142 = VECTOR('',#15143,1.);
#15143 = DIRECTION('',(-0.623489801859,0.,0.781831482468));
#15144 = PCURVE('',#15066,#15145);
#15145 = DEFINITIONAL_REPRESENTATION('',(#15146),#15150);
#15146 = LINE('',#15147,#15148);
#15147 = CARTESIAN_POINT('',(0.,0.));
#15148 = VECTOR('',#15149,1.);
#15149 = DIRECTION('',(1.,0.));
#15150 = ( GEOMETRIC_REPRESENTATION_CONTEXT(2) 
PARAMETRIC_REPRESENTATION_CONTEXT() REPRESENTATION_CONTEXT('2D SPACE',''
  ) );
#15151 = PCURVE('',#15038,#15152);
#15152 = DEFINITIONAL_REPRESENTATION('',(#15153),#15157);
#15153 = LINE('',#15154,#15155);
#15154 = CARTESIAN_POINT('',(0.,0.));
#15155 = VECTOR('',#15156,1.);
#15156 = DIRECTION('',(0.,1.));
#15157 = ( GEOMETRIC_REPRESENTATION_CONTEXT(2) 
PARAMETRIC_REPRESENTATION_CONTEXT() REPRESENTATION_CONTEXT('2D SPACE',''
  ) );
#15158 = ORIENTED_EDGE('',*,*,#15159,.T.);
#15159 = EDGE_CURVE('',#15137,#15160,#15162,.T.);
#15160 = VERTEX_POINT('',#15161);
#15161 = CARTESIAN_POINT('',(-99.82210185412,305.,-68.09403778176));
#15162 = SURFACE_CURVE('',#15163,(#15167,#15174),.PCURVE_S1.);
#15163 = LINE('',#15164,#15165);
#15164 = CARTESIAN_POINT('',(-99.82210185412,25.,-68.09403778176));
#15165 = VECTOR('',#15166,1.);
#15166 = DIRECTION('',(0.,1.,0.));
#15167 = PCURVE('',#15066,#15168);
#15168 = DEFINITIONAL_REPRESENTATION('',(#15169),#15173);
#15169 = LINE('',#15170,#15171);
#15170 = CARTESIAN_POINT('',(18.,0.));
#15171 = VECTOR('',#15172,1.);
#15172 = DIRECTION('',(0.,1.));
#15173 = ( GEOMETRIC_REPRESENTATION_CONTEXT(2) 
PARAMETRIC_REPRESENTATION_CONTEXT() REPRESENTATION_CONTEXT('2D SPACE',''
  ) );
#15174 = PCURVE('',#15175,#15180);
#15175 = PLANE('',#15176);
#15176 = AXIS2_PLACEMENT_3D('',#15177,#15178,#15179);
#15177 = CARTESIAN_POINT('',(-99.82210185412,25.,-68.09403778176));
#15178 = DIRECTION('',(-0.623489801859,0.,0.781831482468));
#15179 = DIRECTION('',(-0.781831482468,0.,-0.623489801859));
#15180 = DEFINITIONAL_REPRESENTATION('',(#15181),#15185);
#15181 = LINE('',#15182,#15183);
#15182 = CARTESIAN_POINT('',(0.,0.));
#15183 = VECTOR('',#15184,1.);
#15184 = DIRECTION('',(0.,-1.));
#15185 = ( GEOMETRIC_REPRESENTATION_CONTEXT(2) 
PARAMETRIC_REPRESENTATION_CONTEXT() REPRESENTATION_CONTEXT('2D SPACE',''
  ) );
#15186 = ORIENTED_EDGE('',*,*,#15187,.F.);
#15187 = EDGE_CURVE('',#15051,#15160,#15188,.T.);
#15188 = SURFACE_CURVE('',#15189,(#15193,#15200),.PCURVE_S1.);
#15189 = LINE('',#15190,#15191);
#15190 = CARTESIAN_POINT('',(-88.59928542066,305.,-82.16700446619));
#15191 = VECTOR('',#15192,1.);
#15192 = DIRECTION('',(-0.623489801859,0.,0.781831482468));
#15193 = PCURVE('',#15066,#15194);
#15194 = DEFINITIONAL_REPRESENTATION('',(#15195),#15199);
#15195 = LINE('',#15196,#15197);
#15196 = CARTESIAN_POINT('',(0.,280.));
#15197 = VECTOR('',#15198,1.);
#15198 = DIRECTION('',(1.,0.));
#15199 = ( GEOMETRIC_REPRESENTATION_CONTEXT(2) 
PARAMETRIC_REPRESENTATION_CONTEXT() REPRESENTATION_CONTEXT('2D SPACE',''
  ) );
#15200 = PCURVE('',#15094,#15201);
#15201 = DEFINITIONAL_REPRESENTATION('',(#15202),#15206);
#15202 = LINE('',#15203,#15204);
#15203 = CARTESIAN_POINT('',(0.,0.));
#15204 = VECTOR('',#15205,1.);
#15205 = DIRECTION('',(0.,1.));
#15206 = ( GEOMETRIC_REPRESENTATION_CONTEXT(2) 
PARAMETRIC_REPRESENTATION_CONTEXT() REPRESENTATION_CONTEXT('2D SPACE',''
  ) );
#15207 = ADVANCED_FACE('',(#15208),#15175,.T.);
#15208 = FACE_BOUND('',#15209,.T.);
#15209 = EDGE_LOOP('',(#15210,#15233,#15234,#15257));
#15210 = ORIENTED_EDGE('',*,*,#15211,.F.);
#15211 = EDGE_CURVE('',#15137,#15212,#15214,.T.);
#15212 = VERTEX_POINT('',#15213);
#15213 = CARTESIAN_POINT('',(-105.2949222314,25.,-72.45846639477));
#15214 = SURFACE_CURVE('',#15215,(#15219,#15226),.PCURVE_S1.);
#15215 = LINE('',#15216,#15217);
#15216 = CARTESIAN_POINT('',(-99.82210185412,25.,-68.09403778176));
#15217 = VECTOR('',#15218,1.);
#15218 = DIRECTION('',(-0.781831482468,0.,-0.623489801859));
#15219 = PCURVE('',#15175,#15220);
#15220 = DEFINITIONAL_REPRESENTATION('',(#15221),#15225);
#15221 = LINE('',#15222,#15223);
#15222 = CARTESIAN_POINT('',(0.,0.));
#15223 = VECTOR('',#15224,1.);
#15224 = DIRECTION('',(1.,0.));
#15225 = ( GEOMETRIC_REPRESENTATION_CONTEXT(2) 
PARAMETRIC_REPRESENTATION_CONTEXT() REPRESENTATION_CONTEXT('2D SPACE',''
  ) );
#15226 = PCURVE('',#15038,#15227);
#15227 = DEFINITIONAL_REPRESENTATION('',(#15228),#15232);
#15228 = LINE('',#15229,#15230);
#15229 = CARTESIAN_POINT('',(0.,18.));
#15230 = VECTOR('',#15231,1.);
#15231 = DIRECTION('',(1.,0.));
#15232 = ( GEOMETRIC_REPRESENTATION_CONTEXT(2) 
PARAMETRIC_REPRESENTATION_CONTEXT() REPRESENTATION_CONTEXT('2D SPACE',''
  ) );
#15233 = ORIENTED_EDGE('',*,*,#15159,.T.);
#15234 = ORIENTED_EDGE('',*,*,#15235,.T.);
#15235 = EDGE_CURVE('',#15160,#15236,#15238,.T.);
#15236 = VERTEX_POINT('',#15237);
#15237 = CARTESIAN_POINT('',(-105.2949222314,305.,-72.45846639477));
#15238 = SURFACE_CURVE('',#15239,(#15243,#15250),.PCURVE_S1.);
#15239 = LINE('',#15240,#15241);
#15240 = CARTESIAN_POINT('',(-99.82210185412,305.,-68.09403778176));
#15241 = VECTOR('',#15242,1.);
#15242 = DIRECTION('',(-0.781831482468,0.,-0.623489801859));
#15243 = PCURVE('',#15175,#15244);
#15244 = DEFINITIONAL_REPRESENTATION('',(#15245),#15249);
#15245 = LINE('',#15246,#15247);
#15246 = CARTESIAN_POINT('',(0.,-280.));
#15247 = VECTOR('',#15248,1.);
#15248 = DIRECTION('',(1.,0.));
#15249 = ( GEOMETRIC_REPRESENTATION_CONTEXT(2) 
PARAMETRIC_REPRESENTATION_CONTEXT() REPRESENTATION_CONTEXT('2D SPACE',''
  ) );
#15250 = PCURVE('',#15094,#15251);
#15251 = DEFINITIONAL_REPRESENTATION('',(#15252),#15256);
#15252 = LINE('',#15253,#15254);
#15253 = CARTESIAN_POINT('',(0.,18.));
#15254 = VECTOR('',#15255,1.);
#15255 = DIRECTION('',(1.,0.));
#15256 = ( GEOMETRIC_REPRESENTATION_CONTEXT(2) 
PARAMETRIC_REPRESENTATION_CONTEXT() REPRESENTATION_CONTEXT('2D SPACE',''
  ) );
#15257 = ORIENTED_EDGE('',*,*,#15258,.F.);
#15258 = EDGE_CURVE('',#15212,#15236,#15259,.T.);
#15259 = SURFACE_CURVE('',#15260,(#15264,#15271),.PCURVE_S1.);
#15260 = LINE('',#15261,#15262);
#15261 = CARTESIAN_POINT('',(-105.2949222314,25.,-72.45846639477));
#15262 = VECTOR('',#15263,1.);
#15263 = DIRECTION('',(0.,1.,0.));
#15264 = PCURVE('',#15175,#15265);
#15265 = DEFINITIONAL_REPRESENTATION('',(#15266),#15270);
#15266 = LINE('',#15267,#15268);
#15267 = CARTESIAN_POINT('',(7.,0.));
#15268 = VECTOR('',#15269,1.);
#15269 = DIRECTION('',(0.,-1.));
#15270 = ( GEOMETRIC_REPRESENTATION_CONTEXT(2) 
PARAMETRIC_REPRESENTATION_CONTEXT() REPRESENTATION_CONTEXT('2D SPACE',''
  ) );
#15271 = PCURVE('',#15120,#15272);
#15272 = DEFINITIONAL_REPRESENTATION('',(#15273),#15277);
#15273 = LINE('',#15274,#15275);
#15274 = CARTESIAN_POINT('',(18.,0.));
#15275 = VECTOR('',#15276,1.);
#15276 = DIRECTION('',(0.,1.));
#15277 = ( GEOMETRIC_REPRESENTATION_CONTEXT(2) 
PARAMETRIC_REPRESENTATION_CONTEXT() REPRESENTATION_CONTEXT('2D SPACE',''
  ) );
#15278 = ADVANCED_FACE('',(#15279),#15094,.T.);
#15279 = FACE_BOUND('',#15280,.T.);
#15280 = EDGE_LOOP('',(#15281,#15282,#15283,#15304));
#15281 = ORIENTED_EDGE('',*,*,#15187,.F.);
#15282 = ORIENTED_EDGE('',*,*,#15078,.T.);
#15283 = ORIENTED_EDGE('',*,*,#15284,.T.);
#15284 = EDGE_CURVE('',#15079,#15236,#15285,.T.);
#15285 = SURFACE_CURVE('',#15286,(#15290,#15297),.PCURVE_S1.);
#15286 = LINE('',#15287,#15288);
#15287 = CARTESIAN_POINT('',(-94.07210579794,305.,-86.5314330792));
#15288 = VECTOR('',#15289,1.);
#15289 = DIRECTION('',(-0.623489801859,0.,0.781831482468));
#15290 = PCURVE('',#15094,#15291);
#15291 = DEFINITIONAL_REPRESENTATION('',(#15292),#15296);
#15292 = LINE('',#15293,#15294);
#15293 = CARTESIAN_POINT('',(7.,0.));
#15294 = VECTOR('',#15295,1.);
#15295 = DIRECTION('',(0.,1.));
#15296 = ( GEOMETRIC_REPRESENTATION_CONTEXT(2) 
PARAMETRIC_REPRESENTATION_CONTEXT() REPRESENTATION_CONTEXT('2D SPACE',''
  ) );
#15297 = PCURVE('',#15120,#15298);
#15298 = DEFINITIONAL_REPRESENTATION('',(#15299),#15303);
#15299 = LINE('',#15300,#15301);
#15300 = CARTESIAN_POINT('',(0.,280.));
#15301 = VECTOR('',#15302,1.);
#15302 = DIRECTION('',(1.,0.));
#15303 = ( GEOMETRIC_REPRESENTATION_CONTEXT(2) 
PARAMETRIC_REPRESENTATION_CONTEXT() REPRESENTATION_CONTEXT('2D SPACE',''
  ) );
#15304 = ORIENTED_EDGE('',*,*,#15235,.F.);
#15305 = ADVANCED_FACE('',(#15306),#15120,.T.);
#15306 = FACE_BOUND('',#15307,.T.);
#15307 = EDGE_LOOP('',(#15308,#15309,#15330,#15331));
#15308 = ORIENTED_EDGE('',*,*,#15106,.F.);
#15309 = ORIENTED_EDGE('',*,*,#15310,.T.);
#15310 = EDGE_CURVE('',#15018,#15212,#15311,.T.);
#15311 = SURFACE_CURVE('',#15312,(#15316,#15323),.PCURVE_S1.);
#15312 = LINE('',#15313,#15314);
#15313 = CARTESIAN_POINT('',(-94.07210579794,25.,-86.5314330792));
#15314 = VECTOR('',#15315,1.);
#15315 = DIRECTION('',(-0.623489801859,0.,0.781831482468));
#15316 = PCURVE('',#15120,#15317);
#15317 = DEFINITIONAL_REPRESENTATION('',(#15318),#15322);
#15318 = LINE('',#15319,#15320);
#15319 = CARTESIAN_POINT('',(0.,0.));
#15320 = VECTOR('',#15321,1.);
#15321 = DIRECTION('',(1.,0.));
#15322 = ( GEOMETRIC_REPRESENTATION_CONTEXT(2) 
PARAMETRIC_REPRESENTATION_CONTEXT() REPRESENTATION_CONTEXT('2D SPACE',''
  ) );
#15323 = PCURVE('',#15038,#15324);
#15324 = DEFINITIONAL_REPRESENTATION('',(#15325),#15329);
#15325 = LINE('',#15326,#15327);
#15326 = CARTESIAN_POINT('',(7.,0.));
#15327 = VECTOR('',#15328,1.);
#15328 = DIRECTION('',(0.,1.));
#15329 = ( GEOMETRIC_REPRESENTATION_CONTEXT(2) 
PARAMETRIC_REPRESENTATION_CONTEXT() REPRESENTATION_CONTEXT('2D SPACE',''
  ) );
#15330 = ORIENTED_EDGE('',*,*,#15258,.T.);
#15331 = ORIENTED_EDGE('',*,*,#15284,.F.);
#15332 = ADVANCED_FACE('',(#15333),#15038,.F.);
#15333 = FACE_BOUND('',#15334,.F.);
#15334 = EDGE_LOOP('',(#15335,#15336,#15337,#15338));
#15335 = ORIENTED_EDGE('',*,*,#15136,.F.);
#15336 = ORIENTED_EDGE('',*,*,#15015,.T.);
#15337 = ORIENTED_EDGE('',*,*,#15310,.T.);
#15338 = ORIENTED_EDGE('',*,*,#15211,.F.);
#15339 = MANIFOLD_SOLID_BREP('',#15340);
#15340 = CLOSED_SHELL('',(#15341,#15461,#15537,#15608,#15635,#15662));
#15341 = ADVANCED_FACE('',(#15342),#15356,.F.);
#15342 = FACE_BOUND('',#15343,.F.);
#15343 = EDGE_LOOP('',(#15344,#15379,#15407,#15435));
#15344 = ORIENTED_EDGE('',*,*,#15345,.F.);
#15345 = EDGE_CURVE('',#15346,#15348,#15350,.T.);
#15346 = VERTEX_POINT('',#15347);
#15347 = CARTESIAN_POINT('',(-104.6617949301,25.,-60.39171037478));
#15348 = VERTEX_POINT('',#15349);
#15349 = CARTESIAN_POINT('',(-110.9685770055,25.,-63.42889654861));
#15350 = SURFACE_CURVE('',#15351,(#15355,#15367),.PCURVE_S1.);
#15351 = LINE('',#15352,#15353);
#15352 = CARTESIAN_POINT('',(-104.6617949301,25.,-60.39171037478));
#15353 = VECTOR('',#15354,1.);
#15354 = DIRECTION('',(-0.900968867902,0.,-0.433883739118));
#15355 = PCURVE('',#15356,#15361);
#15356 = PLANE('',#15357);
#15357 = AXIS2_PLACEMENT_3D('',#15358,#15359,#15360);
#15358 = CARTESIAN_POINT('',(-104.6617949301,25.,-60.39171037478));
#15359 = DIRECTION('',(-0.433883739118,0.,0.900968867902));
#15360 = DIRECTION('',(-0.900968867902,0.,-0.433883739118));
#15361 = DEFINITIONAL_REPRESENTATION('',(#15362),#15366);
#15362 = LINE('',#15363,#15364);
#15363 = CARTESIAN_POINT('',(0.,0.));
#15364 = VECTOR('',#15365,1.);
#15365 = DIRECTION('',(1.,0.));
#15366 = ( GEOMETRIC_REPRESENTATION_CONTEXT(2) 
PARAMETRIC_REPRESENTATION_CONTEXT() REPRESENTATION_CONTEXT('2D SPACE',''
  ) );
#15367 = PCURVE('',#15368,#15373);
#15368 = PLANE('',#15369);
#15369 = AXIS2_PLACEMENT_3D('',#15370,#15371,#15372);
#15370 = CARTESIAN_POINT('',(-104.6617949301,25.,-60.39171037478));
#15371 = DIRECTION('',(0.,1.,0.));
#15372 = DIRECTION('',(-0.900968867902,0.,-0.433883739118));
#15373 = DEFINITIONAL_REPRESENTATION('',(#15374),#15378);
#15374 = LINE('',#15375,#15376);
#15375 = CARTESIAN_POINT('',(0.,0.));
#15376 = VECTOR('',#15377,1.);
#15377 = DIRECTION('',(1.,0.));
#15378 = ( GEOMETRIC_REPRESENTATION_CONTEXT(2) 
PARAMETRIC_REPRESENTATION_CONTEXT() REPRESENTATION_CONTEXT('2D SPACE',''
  ) );
#15379 = ORIENTED_EDGE('',*,*,#15380,.T.);
#15380 = EDGE_CURVE('',#15346,#15381,#15383,.T.);
#15381 = VERTEX_POINT('',#15382);
#15382 = CARTESIAN_POINT('',(-104.6617949301,305.,-60.39171037478));
#15383 = SURFACE_CURVE('',#15384,(#15388,#15395),.PCURVE_S1.);
#15384 = LINE('',#15385,#15386);
#15385 = CARTESIAN_POINT('',(-104.6617949301,25.,-60.39171037478));
#15386 = VECTOR('',#15387,1.);
#15387 = DIRECTION('',(0.,1.,0.));
#15388 = PCURVE('',#15356,#15389);
#15389 = DEFINITIONAL_REPRESENTATION('',(#15390),#15394);
#15390 = LINE('',#15391,#15392);
#15391 = CARTESIAN_POINT('',(0.,0.));
#15392 = VECTOR('',#15393,1.);
#15393 = DIRECTION('',(0.,-1.));
#15394 = ( GEOMETRIC_REPRESENTATION_CONTEXT(2) 
PARAMETRIC_REPRESENTATION_CONTEXT() REPRESENTATION_CONTEXT('2D SPACE',''
  ) );
#15395 = PCURVE('',#15396,#15401);
#15396 = PLANE('',#15397);
#15397 = AXIS2_PLACEMENT_3D('',#15398,#15399,#15400);
#15398 = CARTESIAN_POINT('',(-104.6617949301,25.,-60.39171037478));
#15399 = DIRECTION('',(-0.900968867902,0.,-0.433883739118));
#15400 = DIRECTION('',(-0.433883739118,0.,0.900968867902));
#15401 = DEFINITIONAL_REPRESENTATION('',(#15402),#15406);
#15402 = LINE('',#15403,#15404);
#15403 = CARTESIAN_POINT('',(0.,0.));
#15404 = VECTOR('',#15405,1.);
#15405 = DIRECTION('',(0.,1.));
#15406 = ( GEOMETRIC_REPRESENTATION_CONTEXT(2) 
PARAMETRIC_REPRESENTATION_CONTEXT() REPRESENTATION_CONTEXT('2D SPACE',''
  ) );
#15407 = ORIENTED_EDGE('',*,*,#15408,.T.);
#15408 = EDGE_CURVE('',#15381,#15409,#15411,.T.);
#15409 = VERTEX_POINT('',#15410);
#15410 = CARTESIAN_POINT('',(-110.9685770055,305.,-63.42889654861));
#15411 = SURFACE_CURVE('',#15412,(#15416,#15423),.PCURVE_S1.);
#15412 = LINE('',#15413,#15414);
#15413 = CARTESIAN_POINT('',(-104.6617949301,305.,-60.39171037478));
#15414 = VECTOR('',#15415,1.);
#15415 = DIRECTION('',(-0.900968867902,0.,-0.433883739118));
#15416 = PCURVE('',#15356,#15417);
#15417 = DEFINITIONAL_REPRESENTATION('',(#15418),#15422);
#15418 = LINE('',#15419,#15420);
#15419 = CARTESIAN_POINT('',(0.,-280.));
#15420 = VECTOR('',#15421,1.);
#15421 = DIRECTION('',(1.,0.));
#15422 = ( GEOMETRIC_REPRESENTATION_CONTEXT(2) 
PARAMETRIC_REPRESENTATION_CONTEXT() REPRESENTATION_CONTEXT('2D SPACE',''
  ) );
#15423 = PCURVE('',#15424,#15429);
#15424 = PLANE('',#15425);
#15425 = AXIS2_PLACEMENT_3D('',#15426,#15427,#15428);
#15426 = CARTESIAN_POINT('',(-104.6617949301,305.,-60.39171037478));
#15427 = DIRECTION('',(0.,1.,0.));
#15428 = DIRECTION('',(-0.900968867902,0.,-0.433883739118));
#15429 = DEFINITIONAL_REPRESENTATION('',(#15430),#15434);
#15430 = LINE('',#15431,#15432);
#15431 = CARTESIAN_POINT('',(0.,0.));
#15432 = VECTOR('',#15433,1.);
#15433 = DIRECTION('',(1.,0.));
#15434 = ( GEOMETRIC_REPRESENTATION_CONTEXT(2) 
PARAMETRIC_REPRESENTATION_CONTEXT() REPRESENTATION_CONTEXT('2D SPACE',''
  ) );
#15435 = ORIENTED_EDGE('',*,*,#15436,.F.);
#15436 = EDGE_CURVE('',#15348,#15409,#15437,.T.);
#15437 = SURFACE_CURVE('',#15438,(#15442,#15449),.PCURVE_S1.);
#15438 = LINE('',#15439,#15440);
#15439 = CARTESIAN_POINT('',(-110.9685770055,25.,-63.42889654861));
#15440 = VECTOR('',#15441,1.);
#15441 = DIRECTION('',(0.,1.,0.));
#15442 = PCURVE('',#15356,#15443);
#15443 = DEFINITIONAL_REPRESENTATION('',(#15444),#15448);
#15444 = LINE('',#15445,#15446);
#15445 = CARTESIAN_POINT('',(7.,0.));
#15446 = VECTOR('',#15447,1.);
#15447 = DIRECTION('',(0.,-1.));
#15448 = ( GEOMETRIC_REPRESENTATION_CONTEXT(2) 
PARAMETRIC_REPRESENTATION_CONTEXT() REPRESENTATION_CONTEXT('2D SPACE',''
  ) );
#15449 = PCURVE('',#15450,#15455);
#15450 = PLANE('',#15451);
#15451 = AXIS2_PLACEMENT_3D('',#15452,#15453,#15454);
#15452 = CARTESIAN_POINT('',(-110.9685770055,25.,-63.42889654861));
#15453 = DIRECTION('',(-0.900968867902,0.,-0.433883739118));
#15454 = DIRECTION('',(-0.433883739118,0.,0.900968867902));
#15455 = DEFINITIONAL_REPRESENTATION('',(#15456),#15460);
#15456 = LINE('',#15457,#15458);
#15457 = CARTESIAN_POINT('',(0.,0.));
#15458 = VECTOR('',#15459,1.);
#15459 = DIRECTION('',(0.,1.));
#15460 = ( GEOMETRIC_REPRESENTATION_CONTEXT(2) 
PARAMETRIC_REPRESENTATION_CONTEXT() REPRESENTATION_CONTEXT('2D SPACE',''
  ) );
#15461 = ADVANCED_FACE('',(#15462),#15396,.F.);
#15462 = FACE_BOUND('',#15463,.F.);
#15463 = EDGE_LOOP('',(#15464,#15465,#15488,#15516));
#15464 = ORIENTED_EDGE('',*,*,#15380,.F.);
#15465 = ORIENTED_EDGE('',*,*,#15466,.T.);
#15466 = EDGE_CURVE('',#15346,#15467,#15469,.T.);
#15467 = VERTEX_POINT('',#15468);
#15468 = CARTESIAN_POINT('',(-112.4717022343,25.,-44.17427075254));
#15469 = SURFACE_CURVE('',#15470,(#15474,#15481),.PCURVE_S1.);
#15470 = LINE('',#15471,#15472);
#15471 = CARTESIAN_POINT('',(-104.6617949301,25.,-60.39171037478));
#15472 = VECTOR('',#15473,1.);
#15473 = DIRECTION('',(-0.433883739118,0.,0.900968867902));
#15474 = PCURVE('',#15396,#15475);
#15475 = DEFINITIONAL_REPRESENTATION('',(#15476),#15480);
#15476 = LINE('',#15477,#15478);
#15477 = CARTESIAN_POINT('',(0.,0.));
#15478 = VECTOR('',#15479,1.);
#15479 = DIRECTION('',(1.,0.));
#15480 = ( GEOMETRIC_REPRESENTATION_CONTEXT(2) 
PARAMETRIC_REPRESENTATION_CONTEXT() REPRESENTATION_CONTEXT('2D SPACE',''
  ) );
#15481 = PCURVE('',#15368,#15482);
#15482 = DEFINITIONAL_REPRESENTATION('',(#15483),#15487);
#15483 = LINE('',#15484,#15485);
#15484 = CARTESIAN_POINT('',(0.,0.));
#15485 = VECTOR('',#15486,1.);
#15486 = DIRECTION('',(0.,1.));
#15487 = ( GEOMETRIC_REPRESENTATION_CONTEXT(2) 
PARAMETRIC_REPRESENTATION_CONTEXT() REPRESENTATION_CONTEXT('2D SPACE',''
  ) );
#15488 = ORIENTED_EDGE('',*,*,#15489,.T.);
#15489 = EDGE_CURVE('',#15467,#15490,#15492,.T.);
#15490 = VERTEX_POINT('',#15491);
#15491 = CARTESIAN_POINT('',(-112.4717022343,305.,-44.17427075254));
#15492 = SURFACE_CURVE('',#15493,(#15497,#15504),.PCURVE_S1.);
#15493 = LINE('',#15494,#15495);
#15494 = CARTESIAN_POINT('',(-112.4717022343,25.,-44.17427075254));
#15495 = VECTOR('',#15496,1.);
#15496 = DIRECTION('',(0.,1.,0.));
#15497 = PCURVE('',#15396,#15498);
#15498 = DEFINITIONAL_REPRESENTATION('',(#15499),#15503);
#15499 = LINE('',#15500,#15501);
#15500 = CARTESIAN_POINT('',(18.,0.));
#15501 = VECTOR('',#15502,1.);
#15502 = DIRECTION('',(0.,1.));
#15503 = ( GEOMETRIC_REPRESENTATION_CONTEXT(2) 
PARAMETRIC_REPRESENTATION_CONTEXT() REPRESENTATION_CONTEXT('2D SPACE',''
  ) );
#15504 = PCURVE('',#15505,#15510);
#15505 = PLANE('',#15506);
#15506 = AXIS2_PLACEMENT_3D('',#15507,#15508,#15509);
#15507 = CARTESIAN_POINT('',(-112.4717022343,25.,-44.17427075254));
#15508 = DIRECTION('',(-0.433883739118,0.,0.900968867902));
#15509 = DIRECTION('',(-0.900968867902,0.,-0.433883739118));
#15510 = DEFINITIONAL_REPRESENTATION('',(#15511),#15515);
#15511 = LINE('',#15512,#15513);
#15512 = CARTESIAN_POINT('',(0.,0.));
#15513 = VECTOR('',#15514,1.);
#15514 = DIRECTION('',(0.,-1.));
#15515 = ( GEOMETRIC_REPRESENTATION_CONTEXT(2) 
PARAMETRIC_REPRESENTATION_CONTEXT() REPRESENTATION_CONTEXT('2D SPACE',''
  ) );
#15516 = ORIENTED_EDGE('',*,*,#15517,.F.);
#15517 = EDGE_CURVE('',#15381,#15490,#15518,.T.);
#15518 = SURFACE_CURVE('',#15519,(#15523,#15530),.PCURVE_S1.);
#15519 = LINE('',#15520,#15521);
#15520 = CARTESIAN_POINT('',(-104.6617949301,305.,-60.39171037478));
#15521 = VECTOR('',#15522,1.);
#15522 = DIRECTION('',(-0.433883739118,0.,0.900968867902));
#15523 = PCURVE('',#15396,#15524);
#15524 = DEFINITIONAL_REPRESENTATION('',(#15525),#15529);
#15525 = LINE('',#15526,#15527);
#15526 = CARTESIAN_POINT('',(0.,280.));
#15527 = VECTOR('',#15528,1.);
#15528 = DIRECTION('',(1.,0.));
#15529 = ( GEOMETRIC_REPRESENTATION_CONTEXT(2) 
PARAMETRIC_REPRESENTATION_CONTEXT() REPRESENTATION_CONTEXT('2D SPACE',''
  ) );
#15530 = PCURVE('',#15424,#15531);
#15531 = DEFINITIONAL_REPRESENTATION('',(#15532),#15536);
#15532 = LINE('',#15533,#15534);
#15533 = CARTESIAN_POINT('',(0.,0.));
#15534 = VECTOR('',#15535,1.);
#15535 = DIRECTION('',(0.,1.));
#15536 = ( GEOMETRIC_REPRESENTATION_CONTEXT(2) 
PARAMETRIC_REPRESENTATION_CONTEXT() REPRESENTATION_CONTEXT('2D SPACE',''
  ) );
#15537 = ADVANCED_FACE('',(#15538),#15505,.T.);
#15538 = FACE_BOUND('',#15539,.T.);
#15539 = EDGE_LOOP('',(#15540,#15563,#15564,#15587));
#15540 = ORIENTED_EDGE('',*,*,#15541,.F.);
#15541 = EDGE_CURVE('',#15467,#15542,#15544,.T.);
#15542 = VERTEX_POINT('',#15543);
#15543 = CARTESIAN_POINT('',(-118.7784843096,25.,-47.21145692636));
#15544 = SURFACE_CURVE('',#15545,(#15549,#15556),.PCURVE_S1.);
#15545 = LINE('',#15546,#15547);
#15546 = CARTESIAN_POINT('',(-112.4717022343,25.,-44.17427075254));
#15547 = VECTOR('',#15548,1.);
#15548 = DIRECTION('',(-0.900968867902,0.,-0.433883739118));
#15549 = PCURVE('',#15505,#15550);
#15550 = DEFINITIONAL_REPRESENTATION('',(#15551),#15555);
#15551 = LINE('',#15552,#15553);
#15552 = CARTESIAN_POINT('',(0.,0.));
#15553 = VECTOR('',#15554,1.);
#15554 = DIRECTION('',(1.,0.));
#15555 = ( GEOMETRIC_REPRESENTATION_CONTEXT(2) 
PARAMETRIC_REPRESENTATION_CONTEXT() REPRESENTATION_CONTEXT('2D SPACE',''
  ) );
#15556 = PCURVE('',#15368,#15557);
#15557 = DEFINITIONAL_REPRESENTATION('',(#15558),#15562);
#15558 = LINE('',#15559,#15560);
#15559 = CARTESIAN_POINT('',(0.,18.));
#15560 = VECTOR('',#15561,1.);
#15561 = DIRECTION('',(1.,0.));
#15562 = ( GEOMETRIC_REPRESENTATION_CONTEXT(2) 
PARAMETRIC_REPRESENTATION_CONTEXT() REPRESENTATION_CONTEXT('2D SPACE',''
  ) );
#15563 = ORIENTED_EDGE('',*,*,#15489,.T.);
#15564 = ORIENTED_EDGE('',*,*,#15565,.T.);
#15565 = EDGE_CURVE('',#15490,#15566,#15568,.T.);
#15566 = VERTEX_POINT('',#15567);
#15567 = CARTESIAN_POINT('',(-118.7784843096,305.,-47.21145692636));
#15568 = SURFACE_CURVE('',#15569,(#15573,#15580),.PCURVE_S1.);
#15569 = LINE('',#15570,#15571);
#15570 = CARTESIAN_POINT('',(-112.4717022343,305.,-44.17427075254));
#15571 = VECTOR('',#15572,1.);
#15572 = DIRECTION('',(-0.900968867902,0.,-0.433883739118));
#15573 = PCURVE('',#15505,#15574);
#15574 = DEFINITIONAL_REPRESENTATION('',(#15575),#15579);
#15575 = LINE('',#15576,#15577);
#15576 = CARTESIAN_POINT('',(0.,-280.));
#15577 = VECTOR('',#15578,1.);
#15578 = DIRECTION('',(1.,0.));
#15579 = ( GEOMETRIC_REPRESENTATION_CONTEXT(2) 
PARAMETRIC_REPRESENTATION_CONTEXT() REPRESENTATION_CONTEXT('2D SPACE',''
  ) );
#15580 = PCURVE('',#15424,#15581);
#15581 = DEFINITIONAL_REPRESENTATION('',(#15582),#15586);
#15582 = LINE('',#15583,#15584);
#15583 = CARTESIAN_POINT('',(0.,18.));
#15584 = VECTOR('',#15585,1.);
#15585 = DIRECTION('',(1.,0.));
#15586 = ( GEOMETRIC_REPRESENTATION_CONTEXT(2) 
PARAMETRIC_REPRESENTATION_CONTEXT() REPRESENTATION_CONTEXT('2D SPACE',''
  ) );
#15587 = ORIENTED_EDGE('',*,*,#15588,.F.);
#15588 = EDGE_CURVE('',#15542,#15566,#15589,.T.);
#15589 = SURFACE_CURVE('',#15590,(#15594,#15601),.PCURVE_S1.);
#15590 = LINE('',#15591,#15592);
#15591 = CARTESIAN_POINT('',(-118.7784843096,25.,-47.21145692636));
#15592 = VECTOR('',#15593,1.);
#15593 = DIRECTION('',(0.,1.,0.));
#15594 = PCURVE('',#15505,#15595);
#15595 = DEFINITIONAL_REPRESENTATION('',(#15596),#15600);
#15596 = LINE('',#15597,#15598);
#15597 = CARTESIAN_POINT('',(7.,0.));
#15598 = VECTOR('',#15599,1.);
#15599 = DIRECTION('',(0.,-1.));
#15600 = ( GEOMETRIC_REPRESENTATION_CONTEXT(2) 
PARAMETRIC_REPRESENTATION_CONTEXT() REPRESENTATION_CONTEXT('2D SPACE',''
  ) );
#15601 = PCURVE('',#15450,#15602);
#15602 = DEFINITIONAL_REPRESENTATION('',(#15603),#15607);
#15603 = LINE('',#15604,#15605);
#15604 = CARTESIAN_POINT('',(18.,0.));
#15605 = VECTOR('',#15606,1.);
#15606 = DIRECTION('',(0.,1.));
#15607 = ( GEOMETRIC_REPRESENTATION_CONTEXT(2) 
PARAMETRIC_REPRESENTATION_CONTEXT() REPRESENTATION_CONTEXT('2D SPACE',''
  ) );
#15608 = ADVANCED_FACE('',(#15609),#15424,.T.);
#15609 = FACE_BOUND('',#15610,.T.);
#15610 = EDGE_LOOP('',(#15611,#15612,#15613,#15634));
#15611 = ORIENTED_EDGE('',*,*,#15517,.F.);
#15612 = ORIENTED_EDGE('',*,*,#15408,.T.);
#15613 = ORIENTED_EDGE('',*,*,#15614,.T.);
#15614 = EDGE_CURVE('',#15409,#15566,#15615,.T.);
#15615 = SURFACE_CURVE('',#15616,(#15620,#15627),.PCURVE_S1.);
#15616 = LINE('',#15617,#15618);
#15617 = CARTESIAN_POINT('',(-110.9685770055,305.,-63.42889654861));
#15618 = VECTOR('',#15619,1.);
#15619 = DIRECTION('',(-0.433883739118,0.,0.900968867902));
#15620 = PCURVE('',#15424,#15621);
#15621 = DEFINITIONAL_REPRESENTATION('',(#15622),#15626);
#15622 = LINE('',#15623,#15624);
#15623 = CARTESIAN_POINT('',(7.,0.));
#15624 = VECTOR('',#15625,1.);
#15625 = DIRECTION('',(0.,1.));
#15626 = ( GEOMETRIC_REPRESENTATION_CONTEXT(2) 
PARAMETRIC_REPRESENTATION_CONTEXT() REPRESENTATION_CONTEXT('2D SPACE',''
  ) );
#15627 = PCURVE('',#15450,#15628);
#15628 = DEFINITIONAL_REPRESENTATION('',(#15629),#15633);
#15629 = LINE('',#15630,#15631);
#15630 = CARTESIAN_POINT('',(0.,280.));
#15631 = VECTOR('',#15632,1.);
#15632 = DIRECTION('',(1.,0.));
#15633 = ( GEOMETRIC_REPRESENTATION_CONTEXT(2) 
PARAMETRIC_REPRESENTATION_CONTEXT() REPRESENTATION_CONTEXT('2D SPACE',''
  ) );
#15634 = ORIENTED_EDGE('',*,*,#15565,.F.);
#15635 = ADVANCED_FACE('',(#15636),#15450,.T.);
#15636 = FACE_BOUND('',#15637,.T.);
#15637 = EDGE_LOOP('',(#15638,#15639,#15660,#15661));
#15638 = ORIENTED_EDGE('',*,*,#15436,.F.);
#15639 = ORIENTED_EDGE('',*,*,#15640,.T.);
#15640 = EDGE_CURVE('',#15348,#15542,#15641,.T.);
#15641 = SURFACE_CURVE('',#15642,(#15646,#15653),.PCURVE_S1.);
#15642 = LINE('',#15643,#15644);
#15643 = CARTESIAN_POINT('',(-110.9685770055,25.,-63.42889654861));
#15644 = VECTOR('',#15645,1.);
#15645 = DIRECTION('',(-0.433883739118,0.,0.900968867902));
#15646 = PCURVE('',#15450,#15647);
#15647 = DEFINITIONAL_REPRESENTATION('',(#15648),#15652);
#15648 = LINE('',#15649,#15650);
#15649 = CARTESIAN_POINT('',(0.,0.));
#15650 = VECTOR('',#15651,1.);
#15651 = DIRECTION('',(1.,0.));
#15652 = ( GEOMETRIC_REPRESENTATION_CONTEXT(2) 
PARAMETRIC_REPRESENTATION_CONTEXT() REPRESENTATION_CONTEXT('2D SPACE',''
  ) );
#15653 = PCURVE('',#15368,#15654);
#15654 = DEFINITIONAL_REPRESENTATION('',(#15655),#15659);
#15655 = LINE('',#15656,#15657);
#15656 = CARTESIAN_POINT('',(7.,0.));
#15657 = VECTOR('',#15658,1.);
#15658 = DIRECTION('',(0.,1.));
#15659 = ( GEOMETRIC_REPRESENTATION_CONTEXT(2) 
PARAMETRIC_REPRESENTATION_CONTEXT() REPRESENTATION_CONTEXT('2D SPACE',''
  ) );
#15660 = ORIENTED_EDGE('',*,*,#15588,.T.);
#15661 = ORIENTED_EDGE('',*,*,#15614,.F.);
#15662 = ADVANCED_FACE('',(#15663),#15368,.F.);
#15663 = FACE_BOUND('',#15664,.F.);
#15664 = EDGE_LOOP('',(#15665,#15666,#15667,#15668));
#15665 = ORIENTED_EDGE('',*,*,#15466,.F.);
#15666 = ORIENTED_EDGE('',*,*,#15345,.T.);
#15667 = ORIENTED_EDGE('',*,*,#15640,.T.);
#15668 = ORIENTED_EDGE('',*,*,#15541,.F.);
#15669 = MANIFOLD_SOLID_BREP('',#15670);
#15670 = CLOSED_SHELL('',(#15671,#15791,#15867,#15938,#15965,#15992));
#15671 = ADVANCED_FACE('',(#15672),#15686,.F.);
#15672 = FACE_BOUND('',#15673,.F.);
#15673 = EDGE_LOOP('',(#15674,#15709,#15737,#15765));
#15674 = ORIENTED_EDGE('',*,*,#15675,.F.);
#15675 = EDGE_CURVE('',#15676,#15678,#15680,.T.);
#15676 = VERTEX_POINT('',#15677);
#15677 = CARTESIAN_POINT('',(-115.4761250123,25.,-35.58812375137));
#15678 = VERTEX_POINT('',#15679);
#15679 = CARTESIAN_POINT('',(-122.3006203975,25.,-37.14577028906));
#15680 = SURFACE_CURVE('',#15681,(#15685,#15697),.PCURVE_S1.);
#15681 = LINE('',#15682,#15683);
#15682 = CARTESIAN_POINT('',(-115.4761250123,25.,-35.58812375137));
#15683 = VECTOR('',#15684,1.);
#15684 = DIRECTION('',(-0.974927912182,0.,-0.222520933956));
#15685 = PCURVE('',#15686,#15691);
#15686 = PLANE('',#15687);
#15687 = AXIS2_PLACEMENT_3D('',#15688,#15689,#15690);
#15688 = CARTESIAN_POINT('',(-115.4761250123,25.,-35.58812375137));
#15689 = DIRECTION('',(-0.222520933956,0.,0.974927912182));
#15690 = DIRECTION('',(-0.974927912182,0.,-0.222520933956));
#15691 = DEFINITIONAL_REPRESENTATION('',(#15692),#15696);
#15692 = LINE('',#15693,#15694);
#15693 = CARTESIAN_POINT('',(0.,0.));
#15694 = VECTOR('',#15695,1.);
#15695 = DIRECTION('',(1.,0.));
#15696 = ( GEOMETRIC_REPRESENTATION_CONTEXT(2) 
PARAMETRIC_REPRESENTATION_CONTEXT() REPRESENTATION_CONTEXT('2D SPACE',''
  ) );
#15697 = PCURVE('',#15698,#15703);
#15698 = PLANE('',#15699);
#15699 = AXIS2_PLACEMENT_3D('',#15700,#15701,#15702);
#15700 = CARTESIAN_POINT('',(-115.4761250123,25.,-35.58812375137));
#15701 = DIRECTION('',(0.,1.,0.));
#15702 = DIRECTION('',(-0.974927912182,0.,-0.222520933956));
#15703 = DEFINITIONAL_REPRESENTATION('',(#15704),#15708);
#15704 = LINE('',#15705,#15706);
#15705 = CARTESIAN_POINT('',(0.,0.));
#15706 = VECTOR('',#15707,1.);
#15707 = DIRECTION('',(1.,0.));
#15708 = ( GEOMETRIC_REPRESENTATION_CONTEXT(2) 
PARAMETRIC_REPRESENTATION_CONTEXT() REPRESENTATION_CONTEXT('2D SPACE',''
  ) );
#15709 = ORIENTED_EDGE('',*,*,#15710,.T.);
#15710 = EDGE_CURVE('',#15676,#15711,#15713,.T.);
#15711 = VERTEX_POINT('',#15712);
#15712 = CARTESIAN_POINT('',(-115.4761250123,305.,-35.58812375137));
#15713 = SURFACE_CURVE('',#15714,(#15718,#15725),.PCURVE_S1.);
#15714 = LINE('',#15715,#15716);
#15715 = CARTESIAN_POINT('',(-115.4761250123,25.,-35.58812375137));
#15716 = VECTOR('',#15717,1.);
#15717 = DIRECTION('',(0.,1.,0.));
#15718 = PCURVE('',#15686,#15719);
#15719 = DEFINITIONAL_REPRESENTATION('',(#15720),#15724);
#15720 = LINE('',#15721,#15722);
#15721 = CARTESIAN_POINT('',(0.,0.));
#15722 = VECTOR('',#15723,1.);
#15723 = DIRECTION('',(0.,-1.));
#15724 = ( GEOMETRIC_REPRESENTATION_CONTEXT(2) 
PARAMETRIC_REPRESENTATION_CONTEXT() REPRESENTATION_CONTEXT('2D SPACE',''
  ) );
#15725 = PCURVE('',#15726,#15731);
#15726 = PLANE('',#15727);
#15727 = AXIS2_PLACEMENT_3D('',#15728,#15729,#15730);
#15728 = CARTESIAN_POINT('',(-115.4761250123,25.,-35.58812375137));
#15729 = DIRECTION('',(-0.974927912182,0.,-0.222520933956));
#15730 = DIRECTION('',(-0.222520933956,0.,0.974927912182));
#15731 = DEFINITIONAL_REPRESENTATION('',(#15732),#15736);
#15732 = LINE('',#15733,#15734);
#15733 = CARTESIAN_POINT('',(0.,0.));
#15734 = VECTOR('',#15735,1.);
#15735 = DIRECTION('',(0.,1.));
#15736 = ( GEOMETRIC_REPRESENTATION_CONTEXT(2) 
PARAMETRIC_REPRESENTATION_CONTEXT() REPRESENTATION_CONTEXT('2D SPACE',''
  ) );
#15737 = ORIENTED_EDGE('',*,*,#15738,.T.);
#15738 = EDGE_CURVE('',#15711,#15739,#15741,.T.);
#15739 = VERTEX_POINT('',#15740);
#15740 = CARTESIAN_POINT('',(-122.3006203975,305.,-37.14577028906));
#15741 = SURFACE_CURVE('',#15742,(#15746,#15753),.PCURVE_S1.);
#15742 = LINE('',#15743,#15744);
#15743 = CARTESIAN_POINT('',(-115.4761250123,305.,-35.58812375137));
#15744 = VECTOR('',#15745,1.);
#15745 = DIRECTION('',(-0.974927912182,0.,-0.222520933956));
#15746 = PCURVE('',#15686,#15747);
#15747 = DEFINITIONAL_REPRESENTATION('',(#15748),#15752);
#15748 = LINE('',#15749,#15750);
#15749 = CARTESIAN_POINT('',(0.,-280.));
#15750 = VECTOR('',#15751,1.);
#15751 = DIRECTION('',(1.,0.));
#15752 = ( GEOMETRIC_REPRESENTATION_CONTEXT(2) 
PARAMETRIC_REPRESENTATION_CONTEXT() REPRESENTATION_CONTEXT('2D SPACE',''
  ) );
#15753 = PCURVE('',#15754,#15759);
#15754 = PLANE('',#15755);
#15755 = AXIS2_PLACEMENT_3D('',#15756,#15757,#15758);
#15756 = CARTESIAN_POINT('',(-115.4761250123,305.,-35.58812375137));
#15757 = DIRECTION('',(0.,1.,0.));
#15758 = DIRECTION('',(-0.974927912182,0.,-0.222520933956));
#15759 = DEFINITIONAL_REPRESENTATION('',(#15760),#15764);
#15760 = LINE('',#15761,#15762);
#15761 = CARTESIAN_POINT('',(0.,0.));
#15762 = VECTOR('',#15763,1.);
#15763 = DIRECTION('',(1.,0.));
#15764 = ( GEOMETRIC_REPRESENTATION_CONTEXT(2) 
PARAMETRIC_REPRESENTATION_CONTEXT() REPRESENTATION_CONTEXT('2D SPACE',''
  ) );
#15765 = ORIENTED_EDGE('',*,*,#15766,.F.);
#15766 = EDGE_CURVE('',#15678,#15739,#15767,.T.);
#15767 = SURFACE_CURVE('',#15768,(#15772,#15779),.PCURVE_S1.);
#15768 = LINE('',#15769,#15770);
#15769 = CARTESIAN_POINT('',(-122.3006203975,25.,-37.14577028906));
#15770 = VECTOR('',#15771,1.);
#15771 = DIRECTION('',(0.,1.,0.));
#15772 = PCURVE('',#15686,#15773);
#15773 = DEFINITIONAL_REPRESENTATION('',(#15774),#15778);
#15774 = LINE('',#15775,#15776);
#15775 = CARTESIAN_POINT('',(7.,0.));
#15776 = VECTOR('',#15777,1.);
#15777 = DIRECTION('',(0.,-1.));
#15778 = ( GEOMETRIC_REPRESENTATION_CONTEXT(2) 
PARAMETRIC_REPRESENTATION_CONTEXT() REPRESENTATION_CONTEXT('2D SPACE',''
  ) );
#15779 = PCURVE('',#15780,#15785);
#15780 = PLANE('',#15781);
#15781 = AXIS2_PLACEMENT_3D('',#15782,#15783,#15784);
#15782 = CARTESIAN_POINT('',(-122.3006203975,25.,-37.14577028906));
#15783 = DIRECTION('',(-0.974927912182,0.,-0.222520933956));
#15784 = DIRECTION('',(-0.222520933956,0.,0.974927912182));
#15785 = DEFINITIONAL_REPRESENTATION('',(#15786),#15790);
#15786 = LINE('',#15787,#15788);
#15787 = CARTESIAN_POINT('',(0.,0.));
#15788 = VECTOR('',#15789,1.);
#15789 = DIRECTION('',(0.,1.));
#15790 = ( GEOMETRIC_REPRESENTATION_CONTEXT(2) 
PARAMETRIC_REPRESENTATION_CONTEXT() REPRESENTATION_CONTEXT('2D SPACE',''
  ) );
#15791 = ADVANCED_FACE('',(#15792),#15726,.F.);
#15792 = FACE_BOUND('',#15793,.F.);
#15793 = EDGE_LOOP('',(#15794,#15795,#15818,#15846));
#15794 = ORIENTED_EDGE('',*,*,#15710,.F.);
#15795 = ORIENTED_EDGE('',*,*,#15796,.T.);
#15796 = EDGE_CURVE('',#15676,#15797,#15799,.T.);
#15797 = VERTEX_POINT('',#15798);
#15798 = CARTESIAN_POINT('',(-119.4815018235,25.,-18.03942133209));
#15799 = SURFACE_CURVE('',#15800,(#15804,#15811),.PCURVE_S1.);
#15800 = LINE('',#15801,#15802);
#15801 = CARTESIAN_POINT('',(-115.4761250123,25.,-35.58812375137));
#15802 = VECTOR('',#15803,1.);
#15803 = DIRECTION('',(-0.222520933956,0.,0.974927912182));
#15804 = PCURVE('',#15726,#15805);
#15805 = DEFINITIONAL_REPRESENTATION('',(#15806),#15810);
#15806 = LINE('',#15807,#15808);
#15807 = CARTESIAN_POINT('',(0.,0.));
#15808 = VECTOR('',#15809,1.);
#15809 = DIRECTION('',(1.,0.));
#15810 = ( GEOMETRIC_REPRESENTATION_CONTEXT(2) 
PARAMETRIC_REPRESENTATION_CONTEXT() REPRESENTATION_CONTEXT('2D SPACE',''
  ) );
#15811 = PCURVE('',#15698,#15812);
#15812 = DEFINITIONAL_REPRESENTATION('',(#15813),#15817);
#15813 = LINE('',#15814,#15815);
#15814 = CARTESIAN_POINT('',(0.,0.));
#15815 = VECTOR('',#15816,1.);
#15816 = DIRECTION('',(0.,1.));
#15817 = ( GEOMETRIC_REPRESENTATION_CONTEXT(2) 
PARAMETRIC_REPRESENTATION_CONTEXT() REPRESENTATION_CONTEXT('2D SPACE',''
  ) );
#15818 = ORIENTED_EDGE('',*,*,#15819,.T.);
#15819 = EDGE_CURVE('',#15797,#15820,#15822,.T.);
#15820 = VERTEX_POINT('',#15821);
#15821 = CARTESIAN_POINT('',(-119.4815018235,305.,-18.03942133209));
#15822 = SURFACE_CURVE('',#15823,(#15827,#15834),.PCURVE_S1.);
#15823 = LINE('',#15824,#15825);
#15824 = CARTESIAN_POINT('',(-119.4815018235,25.,-18.03942133209));
#15825 = VECTOR('',#15826,1.);
#15826 = DIRECTION('',(0.,1.,0.));
#15827 = PCURVE('',#15726,#15828);
#15828 = DEFINITIONAL_REPRESENTATION('',(#15829),#15833);
#15829 = LINE('',#15830,#15831);
#15830 = CARTESIAN_POINT('',(18.,0.));
#15831 = VECTOR('',#15832,1.);
#15832 = DIRECTION('',(0.,1.));
#15833 = ( GEOMETRIC_REPRESENTATION_CONTEXT(2) 
PARAMETRIC_REPRESENTATION_CONTEXT() REPRESENTATION_CONTEXT('2D SPACE',''
  ) );
#15834 = PCURVE('',#15835,#15840);
#15835 = PLANE('',#15836);
#15836 = AXIS2_PLACEMENT_3D('',#15837,#15838,#15839);
#15837 = CARTESIAN_POINT('',(-119.4815018235,25.,-18.03942133209));
#15838 = DIRECTION('',(-0.222520933956,0.,0.974927912182));
#15839 = DIRECTION('',(-0.974927912182,0.,-0.222520933956));
#15840 = DEFINITIONAL_REPRESENTATION('',(#15841),#15845);
#15841 = LINE('',#15842,#15843);
#15842 = CARTESIAN_POINT('',(0.,0.));
#15843 = VECTOR('',#15844,1.);
#15844 = DIRECTION('',(0.,-1.));
#15845 = ( GEOMETRIC_REPRESENTATION_CONTEXT(2) 
PARAMETRIC_REPRESENTATION_CONTEXT() REPRESENTATION_CONTEXT('2D SPACE',''
  ) );
#15846 = ORIENTED_EDGE('',*,*,#15847,.F.);
#15847 = EDGE_CURVE('',#15711,#15820,#15848,.T.);
#15848 = SURFACE_CURVE('',#15849,(#15853,#15860),.PCURVE_S1.);
#15849 = LINE('',#15850,#15851);
#15850 = CARTESIAN_POINT('',(-115.4761250123,305.,-35.58812375137));
#15851 = VECTOR('',#15852,1.);
#15852 = DIRECTION('',(-0.222520933956,0.,0.974927912182));
#15853 = PCURVE('',#15726,#15854);
#15854 = DEFINITIONAL_REPRESENTATION('',(#15855),#15859);
#15855 = LINE('',#15856,#15857);
#15856 = CARTESIAN_POINT('',(0.,280.));
#15857 = VECTOR('',#15858,1.);
#15858 = DIRECTION('',(1.,0.));
#15859 = ( GEOMETRIC_REPRESENTATION_CONTEXT(2) 
PARAMETRIC_REPRESENTATION_CONTEXT() REPRESENTATION_CONTEXT('2D SPACE',''
  ) );
#15860 = PCURVE('',#15754,#15861);
#15861 = DEFINITIONAL_REPRESENTATION('',(#15862),#15866);
#15862 = LINE('',#15863,#15864);
#15863 = CARTESIAN_POINT('',(0.,0.));
#15864 = VECTOR('',#15865,1.);
#15865 = DIRECTION('',(0.,1.));
#15866 = ( GEOMETRIC_REPRESENTATION_CONTEXT(2) 
PARAMETRIC_REPRESENTATION_CONTEXT() REPRESENTATION_CONTEXT('2D SPACE',''
  ) );
#15867 = ADVANCED_FACE('',(#15868),#15835,.T.);
#15868 = FACE_BOUND('',#15869,.T.);
#15869 = EDGE_LOOP('',(#15870,#15893,#15894,#15917));
#15870 = ORIENTED_EDGE('',*,*,#15871,.F.);
#15871 = EDGE_CURVE('',#15797,#15872,#15874,.T.);
#15872 = VERTEX_POINT('',#15873);
#15873 = CARTESIAN_POINT('',(-126.3059972087,25.,-19.59706786979));
#15874 = SURFACE_CURVE('',#15875,(#15879,#15886),.PCURVE_S1.);
#15875 = LINE('',#15876,#15877);
#15876 = CARTESIAN_POINT('',(-119.4815018235,25.,-18.03942133209));
#15877 = VECTOR('',#15878,1.);
#15878 = DIRECTION('',(-0.974927912182,0.,-0.222520933956));
#15879 = PCURVE('',#15835,#15880);
#15880 = DEFINITIONAL_REPRESENTATION('',(#15881),#15885);
#15881 = LINE('',#15882,#15883);
#15882 = CARTESIAN_POINT('',(0.,0.));
#15883 = VECTOR('',#15884,1.);
#15884 = DIRECTION('',(1.,0.));
#15885 = ( GEOMETRIC_REPRESENTATION_CONTEXT(2) 
PARAMETRIC_REPRESENTATION_CONTEXT() REPRESENTATION_CONTEXT('2D SPACE',''
  ) );
#15886 = PCURVE('',#15698,#15887);
#15887 = DEFINITIONAL_REPRESENTATION('',(#15888),#15892);
#15888 = LINE('',#15889,#15890);
#15889 = CARTESIAN_POINT('',(0.,18.));
#15890 = VECTOR('',#15891,1.);
#15891 = DIRECTION('',(1.,0.));
#15892 = ( GEOMETRIC_REPRESENTATION_CONTEXT(2) 
PARAMETRIC_REPRESENTATION_CONTEXT() REPRESENTATION_CONTEXT('2D SPACE',''
  ) );
#15893 = ORIENTED_EDGE('',*,*,#15819,.T.);
#15894 = ORIENTED_EDGE('',*,*,#15895,.T.);
#15895 = EDGE_CURVE('',#15820,#15896,#15898,.T.);
#15896 = VERTEX_POINT('',#15897);
#15897 = CARTESIAN_POINT('',(-126.3059972087,305.,-19.59706786979));
#15898 = SURFACE_CURVE('',#15899,(#15903,#15910),.PCURVE_S1.);
#15899 = LINE('',#15900,#15901);
#15900 = CARTESIAN_POINT('',(-119.4815018235,305.,-18.03942133209));
#15901 = VECTOR('',#15902,1.);
#15902 = DIRECTION('',(-0.974927912182,0.,-0.222520933956));
#15903 = PCURVE('',#15835,#15904);
#15904 = DEFINITIONAL_REPRESENTATION('',(#15905),#15909);
#15905 = LINE('',#15906,#15907);
#15906 = CARTESIAN_POINT('',(0.,-280.));
#15907 = VECTOR('',#15908,1.);
#15908 = DIRECTION('',(1.,0.));
#15909 = ( GEOMETRIC_REPRESENTATION_CONTEXT(2) 
PARAMETRIC_REPRESENTATION_CONTEXT() REPRESENTATION_CONTEXT('2D SPACE',''
  ) );
#15910 = PCURVE('',#15754,#15911);
#15911 = DEFINITIONAL_REPRESENTATION('',(#15912),#15916);
#15912 = LINE('',#15913,#15914);
#15913 = CARTESIAN_POINT('',(0.,18.));
#15914 = VECTOR('',#15915,1.);
#15915 = DIRECTION('',(1.,0.));
#15916 = ( GEOMETRIC_REPRESENTATION_CONTEXT(2) 
PARAMETRIC_REPRESENTATION_CONTEXT() REPRESENTATION_CONTEXT('2D SPACE',''
  ) );
#15917 = ORIENTED_EDGE('',*,*,#15918,.F.);
#15918 = EDGE_CURVE('',#15872,#15896,#15919,.T.);
#15919 = SURFACE_CURVE('',#15920,(#15924,#15931),.PCURVE_S1.);
#15920 = LINE('',#15921,#15922);
#15921 = CARTESIAN_POINT('',(-126.3059972087,25.,-19.59706786979));
#15922 = VECTOR('',#15923,1.);
#15923 = DIRECTION('',(0.,1.,0.));
#15924 = PCURVE('',#15835,#15925);
#15925 = DEFINITIONAL_REPRESENTATION('',(#15926),#15930);
#15926 = LINE('',#15927,#15928);
#15927 = CARTESIAN_POINT('',(7.,0.));
#15928 = VECTOR('',#15929,1.);
#15929 = DIRECTION('',(0.,-1.));
#15930 = ( GEOMETRIC_REPRESENTATION_CONTEXT(2) 
PARAMETRIC_REPRESENTATION_CONTEXT() REPRESENTATION_CONTEXT('2D SPACE',''
  ) );
#15931 = PCURVE('',#15780,#15932);
#15932 = DEFINITIONAL_REPRESENTATION('',(#15933),#15937);
#15933 = LINE('',#15934,#15935);
#15934 = CARTESIAN_POINT('',(18.,0.));
#15935 = VECTOR('',#15936,1.);
#15936 = DIRECTION('',(0.,1.));
#15937 = ( GEOMETRIC_REPRESENTATION_CONTEXT(2) 
PARAMETRIC_REPRESENTATION_CONTEXT() REPRESENTATION_CONTEXT('2D SPACE',''
  ) );
#15938 = ADVANCED_FACE('',(#15939),#15754,.T.);
#15939 = FACE_BOUND('',#15940,.T.);
#15940 = EDGE_LOOP('',(#15941,#15942,#15943,#15964));
#15941 = ORIENTED_EDGE('',*,*,#15847,.F.);
#15942 = ORIENTED_EDGE('',*,*,#15738,.T.);
#15943 = ORIENTED_EDGE('',*,*,#15944,.T.);
#15944 = EDGE_CURVE('',#15739,#15896,#15945,.T.);
#15945 = SURFACE_CURVE('',#15946,(#15950,#15957),.PCURVE_S1.);
#15946 = LINE('',#15947,#15948);
#15947 = CARTESIAN_POINT('',(-122.3006203975,305.,-37.14577028906));
#15948 = VECTOR('',#15949,1.);
#15949 = DIRECTION('',(-0.222520933956,0.,0.974927912182));
#15950 = PCURVE('',#15754,#15951);
#15951 = DEFINITIONAL_REPRESENTATION('',(#15952),#15956);
#15952 = LINE('',#15953,#15954);
#15953 = CARTESIAN_POINT('',(7.,0.));
#15954 = VECTOR('',#15955,1.);
#15955 = DIRECTION('',(0.,1.));
#15956 = ( GEOMETRIC_REPRESENTATION_CONTEXT(2) 
PARAMETRIC_REPRESENTATION_CONTEXT() REPRESENTATION_CONTEXT('2D SPACE',''
  ) );
#15957 = PCURVE('',#15780,#15958);
#15958 = DEFINITIONAL_REPRESENTATION('',(#15959),#15963);
#15959 = LINE('',#15960,#15961);
#15960 = CARTESIAN_POINT('',(0.,280.));
#15961 = VECTOR('',#15962,1.);
#15962 = DIRECTION('',(1.,0.));
#15963 = ( GEOMETRIC_REPRESENTATION_CONTEXT(2) 
PARAMETRIC_REPRESENTATION_CONTEXT() REPRESENTATION_CONTEXT('2D SPACE',''
  ) );
#15964 = ORIENTED_EDGE('',*,*,#15895,.F.);
#15965 = ADVANCED_FACE('',(#15966),#15780,.T.);
#15966 = FACE_BOUND('',#15967,.T.);
#15967 = EDGE_LOOP('',(#15968,#15969,#15990,#15991));
#15968 = ORIENTED_EDGE('',*,*,#15766,.F.);
#15969 = ORIENTED_EDGE('',*,*,#15970,.T.);
#15970 = EDGE_CURVE('',#15678,#15872,#15971,.T.);
#15971 = SURFACE_CURVE('',#15972,(#15976,#15983),.PCURVE_S1.);
#15972 = LINE('',#15973,#15974);
#15973 = CARTESIAN_POINT('',(-122.3006203975,25.,-37.14577028906));
#15974 = VECTOR('',#15975,1.);
#15975 = DIRECTION('',(-0.222520933956,0.,0.974927912182));
#15976 = PCURVE('',#15780,#15977);
#15977 = DEFINITIONAL_REPRESENTATION('',(#15978),#15982);
#15978 = LINE('',#15979,#15980);
#15979 = CARTESIAN_POINT('',(0.,0.));
#15980 = VECTOR('',#15981,1.);
#15981 = DIRECTION('',(1.,0.));
#15982 = ( GEOMETRIC_REPRESENTATION_CONTEXT(2) 
PARAMETRIC_REPRESENTATION_CONTEXT() REPRESENTATION_CONTEXT('2D SPACE',''
  ) );
#15983 = PCURVE('',#15698,#15984);
#15984 = DEFINITIONAL_REPRESENTATION('',(#15985),#15989);
#15985 = LINE('',#15986,#15987);
#15986 = CARTESIAN_POINT('',(7.,0.));
#15987 = VECTOR('',#15988,1.);
#15988 = DIRECTION('',(0.,1.));
#15989 = ( GEOMETRIC_REPRESENTATION_CONTEXT(2) 
PARAMETRIC_REPRESENTATION_CONTEXT() REPRESENTATION_CONTEXT('2D SPACE',''
  ) );
#15990 = ORIENTED_EDGE('',*,*,#15918,.T.);
#15991 = ORIENTED_EDGE('',*,*,#15944,.F.);
#15992 = ADVANCED_FACE('',(#15993),#15698,.F.);
#15993 = FACE_BOUND('',#15994,.F.);
#15994 = EDGE_LOOP('',(#15995,#15996,#15997,#15998));
#15995 = ORIENTED_EDGE('',*,*,#15796,.F.);
#15996 = ORIENTED_EDGE('',*,*,#15675,.T.);
#15997 = ORIENTED_EDGE('',*,*,#15970,.T.);
#15998 = ORIENTED_EDGE('',*,*,#15871,.F.);
#15999 = MANIFOLD_SOLID_BREP('',#16000);
#16000 = CLOSED_SHELL('',(#16001,#16121,#16197,#16268,#16295,#16322));
#16001 = ADVANCED_FACE('',(#16002),#16016,.F.);
#16002 = FACE_BOUND('',#16003,.F.);
#16003 = EDGE_LOOP('',(#16004,#16039,#16067,#16095));
#16004 = ORIENTED_EDGE('',*,*,#16005,.F.);
#16005 = EDGE_CURVE('',#16006,#16008,#16010,.T.);
#16006 = VERTEX_POINT('',#16007);
#16007 = CARTESIAN_POINT('',(-120.5,25.,-9.));
#16008 = VERTEX_POINT('',#16009);
#16009 = CARTESIAN_POINT('',(-127.5,25.,-9.));
#16010 = SURFACE_CURVE('',#16011,(#16015,#16027),.PCURVE_S1.);
#16011 = LINE('',#16012,#16013);
#16012 = CARTESIAN_POINT('',(-120.5,25.,-9.));
#16013 = VECTOR('',#16014,1.);
#16014 = DIRECTION('',(-1.,0.,-2.22044604925E-16));
#16015 = PCURVE('',#16016,#16021);
#16016 = PLANE('',#16017);
#16017 = AXIS2_PLACEMENT_3D('',#16018,#16019,#16020);
#16018 = CARTESIAN_POINT('',(-120.5,25.,-9.));
#16019 = DIRECTION('',(-2.22044604925E-16,0.,1.));
#16020 = DIRECTION('',(-1.,0.,-2.22044604925E-16));
#16021 = DEFINITIONAL_REPRESENTATION('',(#16022),#16026);
#16022 = LINE('',#16023,#16024);
#16023 = CARTESIAN_POINT('',(0.,0.));
#16024 = VECTOR('',#16025,1.);
#16025 = DIRECTION('',(1.,0.));
#16026 = ( GEOMETRIC_REPRESENTATION_CONTEXT(2) 
PARAMETRIC_REPRESENTATION_CONTEXT() REPRESENTATION_CONTEXT('2D SPACE',''
  ) );
#16027 = PCURVE('',#16028,#16033);
#16028 = PLANE('',#16029);
#16029 = AXIS2_PLACEMENT_3D('',#16030,#16031,#16032);
#16030 = CARTESIAN_POINT('',(-120.5,25.,-9.));
#16031 = DIRECTION('',(0.,1.,0.));
#16032 = DIRECTION('',(-1.,0.,-2.22044604925E-16));
#16033 = DEFINITIONAL_REPRESENTATION('',(#16034),#16038);
#16034 = LINE('',#16035,#16036);
#16035 = CARTESIAN_POINT('',(0.,0.));
#16036 = VECTOR('',#16037,1.);
#16037 = DIRECTION('',(1.,0.));
#16038 = ( GEOMETRIC_REPRESENTATION_CONTEXT(2) 
PARAMETRIC_REPRESENTATION_CONTEXT() REPRESENTATION_CONTEXT('2D SPACE',''
  ) );
#16039 = ORIENTED_EDGE('',*,*,#16040,.T.);
#16040 = EDGE_CURVE('',#16006,#16041,#16043,.T.);
#16041 = VERTEX_POINT('',#16042);
#16042 = CARTESIAN_POINT('',(-120.5,305.,-9.));
#16043 = SURFACE_CURVE('',#16044,(#16048,#16055),.PCURVE_S1.);
#16044 = LINE('',#16045,#16046);
#16045 = CARTESIAN_POINT('',(-120.5,25.,-9.));
#16046 = VECTOR('',#16047,1.);
#16047 = DIRECTION('',(0.,1.,0.));
#16048 = PCURVE('',#16016,#16049);
#16049 = DEFINITIONAL_REPRESENTATION('',(#16050),#16054);
#16050 = LINE('',#16051,#16052);
#16051 = CARTESIAN_POINT('',(0.,0.));
#16052 = VECTOR('',#16053,1.);
#16053 = DIRECTION('',(0.,-1.));
#16054 = ( GEOMETRIC_REPRESENTATION_CONTEXT(2) 
PARAMETRIC_REPRESENTATION_CONTEXT() REPRESENTATION_CONTEXT('2D SPACE',''
  ) );
#16055 = PCURVE('',#16056,#16061);
#16056 = PLANE('',#16057);
#16057 = AXIS2_PLACEMENT_3D('',#16058,#16059,#16060);
#16058 = CARTESIAN_POINT('',(-120.5,25.,-9.));
#16059 = DIRECTION('',(-1.,0.,-2.22044604925E-16));
#16060 = DIRECTION('',(-2.22044604925E-16,0.,1.));
#16061 = DEFINITIONAL_REPRESENTATION('',(#16062),#16066);
#16062 = LINE('',#16063,#16064);
#16063 = CARTESIAN_POINT('',(0.,0.));
#16064 = VECTOR('',#16065,1.);
#16065 = DIRECTION('',(0.,1.));
#16066 = ( GEOMETRIC_REPRESENTATION_CONTEXT(2) 
PARAMETRIC_REPRESENTATION_CONTEXT() REPRESENTATION_CONTEXT('2D SPACE',''
  ) );
#16067 = ORIENTED_EDGE('',*,*,#16068,.T.);
#16068 = EDGE_CURVE('',#16041,#16069,#16071,.T.);
#16069 = VERTEX_POINT('',#16070);
#16070 = CARTESIAN_POINT('',(-127.5,305.,-9.));
#16071 = SURFACE_CURVE('',#16072,(#16076,#16083),.PCURVE_S1.);
#16072 = LINE('',#16073,#16074);
#16073 = CARTESIAN_POINT('',(-120.5,305.,-9.));
#16074 = VECTOR('',#16075,1.);
#16075 = DIRECTION('',(-1.,0.,-2.22044604925E-16));
#16076 = PCURVE('',#16016,#16077);
#16077 = DEFINITIONAL_REPRESENTATION('',(#16078),#16082);
#16078 = LINE('',#16079,#16080);
#16079 = CARTESIAN_POINT('',(0.,-280.));
#16080 = VECTOR('',#16081,1.);
#16081 = DIRECTION('',(1.,0.));
#16082 = ( GEOMETRIC_REPRESENTATION_CONTEXT(2) 
PARAMETRIC_REPRESENTATION_CONTEXT() REPRESENTATION_CONTEXT('2D SPACE',''
  ) );
#16083 = PCURVE('',#16084,#16089);
#16084 = PLANE('',#16085);
#16085 = AXIS2_PLACEMENT_3D('',#16086,#16087,#16088);
#16086 = CARTESIAN_POINT('',(-120.5,305.,-9.));
#16087 = DIRECTION('',(0.,1.,0.));
#16088 = DIRECTION('',(-1.,0.,-2.22044604925E-16));
#16089 = DEFINITIONAL_REPRESENTATION('',(#16090),#16094);
#16090 = LINE('',#16091,#16092);
#16091 = CARTESIAN_POINT('',(0.,0.));
#16092 = VECTOR('',#16093,1.);
#16093 = DIRECTION('',(1.,0.));
#16094 = ( GEOMETRIC_REPRESENTATION_CONTEXT(2) 
PARAMETRIC_REPRESENTATION_CONTEXT() REPRESENTATION_CONTEXT('2D SPACE',''
  ) );
#16095 = ORIENTED_EDGE('',*,*,#16096,.F.);
#16096 = EDGE_CURVE('',#16008,#16069,#16097,.T.);
#16097 = SURFACE_CURVE('',#16098,(#16102,#16109),.PCURVE_S1.);
#16098 = LINE('',#16099,#16100);
#16099 = CARTESIAN_POINT('',(-127.5,25.,-9.));
#16100 = VECTOR('',#16101,1.);
#16101 = DIRECTION('',(0.,1.,0.));
#16102 = PCURVE('',#16016,#16103);
#16103 = DEFINITIONAL_REPRESENTATION('',(#16104),#16108);
#16104 = LINE('',#16105,#16106);
#16105 = CARTESIAN_POINT('',(7.,0.));
#16106 = VECTOR('',#16107,1.);
#16107 = DIRECTION('',(0.,-1.));
#16108 = ( GEOMETRIC_REPRESENTATION_CONTEXT(2) 
PARAMETRIC_REPRESENTATION_CONTEXT() REPRESENTATION_CONTEXT('2D SPACE',''
  ) );
#16109 = PCURVE('',#16110,#16115);
#16110 = PLANE('',#16111);
#16111 = AXIS2_PLACEMENT_3D('',#16112,#16113,#16114);
#16112 = CARTESIAN_POINT('',(-127.5,25.,-9.));
#16113 = DIRECTION('',(-1.,0.,-2.22044604925E-16));
#16114 = DIRECTION('',(-2.22044604925E-16,0.,1.));
#16115 = DEFINITIONAL_REPRESENTATION('',(#16116),#16120);
#16116 = LINE('',#16117,#16118);
#16117 = CARTESIAN_POINT('',(0.,0.));
#16118 = VECTOR('',#16119,1.);
#16119 = DIRECTION('',(0.,1.));
#16120 = ( GEOMETRIC_REPRESENTATION_CONTEXT(2) 
PARAMETRIC_REPRESENTATION_CONTEXT() REPRESENTATION_CONTEXT('2D SPACE',''
  ) );
#16121 = ADVANCED_FACE('',(#16122),#16056,.F.);
#16122 = FACE_BOUND('',#16123,.F.);
#16123 = EDGE_LOOP('',(#16124,#16125,#16148,#16176));
#16124 = ORIENTED_EDGE('',*,*,#16040,.F.);
#16125 = ORIENTED_EDGE('',*,*,#16126,.T.);
#16126 = EDGE_CURVE('',#16006,#16127,#16129,.T.);
#16127 = VERTEX_POINT('',#16128);
#16128 = CARTESIAN_POINT('',(-120.5,25.,9.));
#16129 = SURFACE_CURVE('',#16130,(#16134,#16141),.PCURVE_S1.);
#16130 = LINE('',#16131,#16132);
#16131 = CARTESIAN_POINT('',(-120.5,25.,-9.));
#16132 = VECTOR('',#16133,1.);
#16133 = DIRECTION('',(-2.22044604925E-16,0.,1.));
#16134 = PCURVE('',#16056,#16135);
#16135 = DEFINITIONAL_REPRESENTATION('',(#16136),#16140);
#16136 = LINE('',#16137,#16138);
#16137 = CARTESIAN_POINT('',(0.,0.));
#16138 = VECTOR('',#16139,1.);
#16139 = DIRECTION('',(1.,0.));
#16140 = ( GEOMETRIC_REPRESENTATION_CONTEXT(2) 
PARAMETRIC_REPRESENTATION_CONTEXT() REPRESENTATION_CONTEXT('2D SPACE',''
  ) );
#16141 = PCURVE('',#16028,#16142);
#16142 = DEFINITIONAL_REPRESENTATION('',(#16143),#16147);
#16143 = LINE('',#16144,#16145);
#16144 = CARTESIAN_POINT('',(0.,0.));
#16145 = VECTOR('',#16146,1.);
#16146 = DIRECTION('',(0.,1.));
#16147 = ( GEOMETRIC_REPRESENTATION_CONTEXT(2) 
PARAMETRIC_REPRESENTATION_CONTEXT() REPRESENTATION_CONTEXT('2D SPACE',''
  ) );
#16148 = ORIENTED_EDGE('',*,*,#16149,.T.);
#16149 = EDGE_CURVE('',#16127,#16150,#16152,.T.);
#16150 = VERTEX_POINT('',#16151);
#16151 = CARTESIAN_POINT('',(-120.5,305.,9.));
#16152 = SURFACE_CURVE('',#16153,(#16157,#16164),.PCURVE_S1.);
#16153 = LINE('',#16154,#16155);
#16154 = CARTESIAN_POINT('',(-120.5,25.,9.));
#16155 = VECTOR('',#16156,1.);
#16156 = DIRECTION('',(0.,1.,0.));
#16157 = PCURVE('',#16056,#16158);
#16158 = DEFINITIONAL_REPRESENTATION('',(#16159),#16163);
#16159 = LINE('',#16160,#16161);
#16160 = CARTESIAN_POINT('',(18.,0.));
#16161 = VECTOR('',#16162,1.);
#16162 = DIRECTION('',(0.,1.));
#16163 = ( GEOMETRIC_REPRESENTATION_CONTEXT(2) 
PARAMETRIC_REPRESENTATION_CONTEXT() REPRESENTATION_CONTEXT('2D SPACE',''
  ) );
#16164 = PCURVE('',#16165,#16170);
#16165 = PLANE('',#16166);
#16166 = AXIS2_PLACEMENT_3D('',#16167,#16168,#16169);
#16167 = CARTESIAN_POINT('',(-120.5,25.,9.));
#16168 = DIRECTION('',(-2.22044604925E-16,0.,1.));
#16169 = DIRECTION('',(-1.,0.,-2.22044604925E-16));
#16170 = DEFINITIONAL_REPRESENTATION('',(#16171),#16175);
#16171 = LINE('',#16172,#16173);
#16172 = CARTESIAN_POINT('',(0.,0.));
#16173 = VECTOR('',#16174,1.);
#16174 = DIRECTION('',(0.,-1.));
#16175 = ( GEOMETRIC_REPRESENTATION_CONTEXT(2) 
PARAMETRIC_REPRESENTATION_CONTEXT() REPRESENTATION_CONTEXT('2D SPACE',''
  ) );
#16176 = ORIENTED_EDGE('',*,*,#16177,.F.);
#16177 = EDGE_CURVE('',#16041,#16150,#16178,.T.);
#16178 = SURFACE_CURVE('',#16179,(#16183,#16190),.PCURVE_S1.);
#16179 = LINE('',#16180,#16181);
#16180 = CARTESIAN_POINT('',(-120.5,305.,-9.));
#16181 = VECTOR('',#16182,1.);
#16182 = DIRECTION('',(-2.22044604925E-16,0.,1.));
#16183 = PCURVE('',#16056,#16184);
#16184 = DEFINITIONAL_REPRESENTATION('',(#16185),#16189);
#16185 = LINE('',#16186,#16187);
#16186 = CARTESIAN_POINT('',(0.,280.));
#16187 = VECTOR('',#16188,1.);
#16188 = DIRECTION('',(1.,0.));
#16189 = ( GEOMETRIC_REPRESENTATION_CONTEXT(2) 
PARAMETRIC_REPRESENTATION_CONTEXT() REPRESENTATION_CONTEXT('2D SPACE',''
  ) );
#16190 = PCURVE('',#16084,#16191);
#16191 = DEFINITIONAL_REPRESENTATION('',(#16192),#16196);
#16192 = LINE('',#16193,#16194);
#16193 = CARTESIAN_POINT('',(0.,0.));
#16194 = VECTOR('',#16195,1.);
#16195 = DIRECTION('',(0.,1.));
#16196 = ( GEOMETRIC_REPRESENTATION_CONTEXT(2) 
PARAMETRIC_REPRESENTATION_CONTEXT() REPRESENTATION_CONTEXT('2D SPACE',''
  ) );
#16197 = ADVANCED_FACE('',(#16198),#16165,.T.);
#16198 = FACE_BOUND('',#16199,.T.);
#16199 = EDGE_LOOP('',(#16200,#16223,#16224,#16247));
#16200 = ORIENTED_EDGE('',*,*,#16201,.F.);
#16201 = EDGE_CURVE('',#16127,#16202,#16204,.T.);
#16202 = VERTEX_POINT('',#16203);
#16203 = CARTESIAN_POINT('',(-127.5,25.,9.));
#16204 = SURFACE_CURVE('',#16205,(#16209,#16216),.PCURVE_S1.);
#16205 = LINE('',#16206,#16207);
#16206 = CARTESIAN_POINT('',(-120.5,25.,9.));
#16207 = VECTOR('',#16208,1.);
#16208 = DIRECTION('',(-1.,0.,-2.22044604925E-16));
#16209 = PCURVE('',#16165,#16210);
#16210 = DEFINITIONAL_REPRESENTATION('',(#16211),#16215);
#16211 = LINE('',#16212,#16213);
#16212 = CARTESIAN_POINT('',(0.,0.));
#16213 = VECTOR('',#16214,1.);
#16214 = DIRECTION('',(1.,0.));
#16215 = ( GEOMETRIC_REPRESENTATION_CONTEXT(2) 
PARAMETRIC_REPRESENTATION_CONTEXT() REPRESENTATION_CONTEXT('2D SPACE',''
  ) );
#16216 = PCURVE('',#16028,#16217);
#16217 = DEFINITIONAL_REPRESENTATION('',(#16218),#16222);
#16218 = LINE('',#16219,#16220);
#16219 = CARTESIAN_POINT('',(0.,18.));
#16220 = VECTOR('',#16221,1.);
#16221 = DIRECTION('',(1.,0.));
#16222 = ( GEOMETRIC_REPRESENTATION_CONTEXT(2) 
PARAMETRIC_REPRESENTATION_CONTEXT() REPRESENTATION_CONTEXT('2D SPACE',''
  ) );
#16223 = ORIENTED_EDGE('',*,*,#16149,.T.);
#16224 = ORIENTED_EDGE('',*,*,#16225,.T.);
#16225 = EDGE_CURVE('',#16150,#16226,#16228,.T.);
#16226 = VERTEX_POINT('',#16227);
#16227 = CARTESIAN_POINT('',(-127.5,305.,9.));
#16228 = SURFACE_CURVE('',#16229,(#16233,#16240),.PCURVE_S1.);
#16229 = LINE('',#16230,#16231);
#16230 = CARTESIAN_POINT('',(-120.5,305.,9.));
#16231 = VECTOR('',#16232,1.);
#16232 = DIRECTION('',(-1.,0.,-2.22044604925E-16));
#16233 = PCURVE('',#16165,#16234);
#16234 = DEFINITIONAL_REPRESENTATION('',(#16235),#16239);
#16235 = LINE('',#16236,#16237);
#16236 = CARTESIAN_POINT('',(0.,-280.));
#16237 = VECTOR('',#16238,1.);
#16238 = DIRECTION('',(1.,0.));
#16239 = ( GEOMETRIC_REPRESENTATION_CONTEXT(2) 
PARAMETRIC_REPRESENTATION_CONTEXT() REPRESENTATION_CONTEXT('2D SPACE',''
  ) );
#16240 = PCURVE('',#16084,#16241);
#16241 = DEFINITIONAL_REPRESENTATION('',(#16242),#16246);
#16242 = LINE('',#16243,#16244);
#16243 = CARTESIAN_POINT('',(0.,18.));
#16244 = VECTOR('',#16245,1.);
#16245 = DIRECTION('',(1.,0.));
#16246 = ( GEOMETRIC_REPRESENTATION_CONTEXT(2) 
PARAMETRIC_REPRESENTATION_CONTEXT() REPRESENTATION_CONTEXT('2D SPACE',''
  ) );
#16247 = ORIENTED_EDGE('',*,*,#16248,.F.);
#16248 = EDGE_CURVE('',#16202,#16226,#16249,.T.);
#16249 = SURFACE_CURVE('',#16250,(#16254,#16261),.PCURVE_S1.);
#16250 = LINE('',#16251,#16252);
#16251 = CARTESIAN_POINT('',(-127.5,25.,9.));
#16252 = VECTOR('',#16253,1.);
#16253 = DIRECTION('',(0.,1.,0.));
#16254 = PCURVE('',#16165,#16255);
#16255 = DEFINITIONAL_REPRESENTATION('',(#16256),#16260);
#16256 = LINE('',#16257,#16258);
#16257 = CARTESIAN_POINT('',(7.,0.));
#16258 = VECTOR('',#16259,1.);
#16259 = DIRECTION('',(0.,-1.));
#16260 = ( GEOMETRIC_REPRESENTATION_CONTEXT(2) 
PARAMETRIC_REPRESENTATION_CONTEXT() REPRESENTATION_CONTEXT('2D SPACE',''
  ) );
#16261 = PCURVE('',#16110,#16262);
#16262 = DEFINITIONAL_REPRESENTATION('',(#16263),#16267);
#16263 = LINE('',#16264,#16265);
#16264 = CARTESIAN_POINT('',(18.,0.));
#16265 = VECTOR('',#16266,1.);
#16266 = DIRECTION('',(0.,1.));
#16267 = ( GEOMETRIC_REPRESENTATION_CONTEXT(2) 
PARAMETRIC_REPRESENTATION_CONTEXT() REPRESENTATION_CONTEXT('2D SPACE',''
  ) );
#16268 = ADVANCED_FACE('',(#16269),#16084,.T.);
#16269 = FACE_BOUND('',#16270,.T.);
#16270 = EDGE_LOOP('',(#16271,#16272,#16273,#16294));
#16271 = ORIENTED_EDGE('',*,*,#16177,.F.);
#16272 = ORIENTED_EDGE('',*,*,#16068,.T.);
#16273 = ORIENTED_EDGE('',*,*,#16274,.T.);
#16274 = EDGE_CURVE('',#16069,#16226,#16275,.T.);
#16275 = SURFACE_CURVE('',#16276,(#16280,#16287),.PCURVE_S1.);
#16276 = LINE('',#16277,#16278);
#16277 = CARTESIAN_POINT('',(-127.5,305.,-9.));
#16278 = VECTOR('',#16279,1.);
#16279 = DIRECTION('',(-2.22044604925E-16,0.,1.));
#16280 = PCURVE('',#16084,#16281);
#16281 = DEFINITIONAL_REPRESENTATION('',(#16282),#16286);
#16282 = LINE('',#16283,#16284);
#16283 = CARTESIAN_POINT('',(7.,0.));
#16284 = VECTOR('',#16285,1.);
#16285 = DIRECTION('',(0.,1.));
#16286 = ( GEOMETRIC_REPRESENTATION_CONTEXT(2) 
PARAMETRIC_REPRESENTATION_CONTEXT() REPRESENTATION_CONTEXT('2D SPACE',''
  ) );
#16287 = PCURVE('',#16110,#16288);
#16288 = DEFINITIONAL_REPRESENTATION('',(#16289),#16293);
#16289 = LINE('',#16290,#16291);
#16290 = CARTESIAN_POINT('',(0.,280.));
#16291 = VECTOR('',#16292,1.);
#16292 = DIRECTION('',(1.,0.));
#16293 = ( GEOMETRIC_REPRESENTATION_CONTEXT(2) 
PARAMETRIC_REPRESENTATION_CONTEXT() REPRESENTATION_CONTEXT('2D SPACE',''
  ) );
#16294 = ORIENTED_EDGE('',*,*,#16225,.F.);
#16295 = ADVANCED_FACE('',(#16296),#16110,.T.);
#16296 = FACE_BOUND('',#16297,.T.);
#16297 = EDGE_LOOP('',(#16298,#16299,#16320,#16321));
#16298 = ORIENTED_EDGE('',*,*,#16096,.F.);
#16299 = ORIENTED_EDGE('',*,*,#16300,.T.);
#16300 = EDGE_CURVE('',#16008,#16202,#16301,.T.);
#16301 = SURFACE_CURVE('',#16302,(#16306,#16313),.PCURVE_S1.);
#16302 = LINE('',#16303,#16304);
#16303 = CARTESIAN_POINT('',(-127.5,25.,-9.));
#16304 = VECTOR('',#16305,1.);
#16305 = DIRECTION('',(-2.22044604925E-16,0.,1.));
#16306 = PCURVE('',#16110,#16307);
#16307 = DEFINITIONAL_REPRESENTATION('',(#16308),#16312);
#16308 = LINE('',#16309,#16310);
#16309 = CARTESIAN_POINT('',(0.,0.));
#16310 = VECTOR('',#16311,1.);
#16311 = DIRECTION('',(1.,0.));
#16312 = ( GEOMETRIC_REPRESENTATION_CONTEXT(2) 
PARAMETRIC_REPRESENTATION_CONTEXT() REPRESENTATION_CONTEXT('2D SPACE',''
  ) );
#16313 = PCURVE('',#16028,#16314);
#16314 = DEFINITIONAL_REPRESENTATION('',(#16315),#16319);
#16315 = LINE('',#16316,#16317);
#16316 = CARTESIAN_POINT('',(7.,0.));
#16317 = VECTOR('',#16318,1.);
#16318 = DIRECTION('',(0.,1.));
#16319 = ( GEOMETRIC_REPRESENTATION_CONTEXT(2) 
PARAMETRIC_REPRESENTATION_CONTEXT() REPRESENTATION_CONTEXT('2D SPACE',''
  ) );
#16320 = ORIENTED_EDGE('',*,*,#16248,.T.);
#16321 = ORIENTED_EDGE('',*,*,#16274,.F.);
#16322 = ADVANCED_FACE('',(#16323),#16028,.F.);
#16323 = FACE_BOUND('',#16324,.F.);
#16324 = EDGE_LOOP('',(#16325,#16326,#16327,#16328));
#16325 = ORIENTED_EDGE('',*,*,#16126,.F.);
#16326 = ORIENTED_EDGE('',*,*,#16005,.T.);
#16327 = ORIENTED_EDGE('',*,*,#16300,.T.);
#16328 = ORIENTED_EDGE('',*,*,#16201,.F.);
#16329 = MANIFOLD_SOLID_BREP('',#16330);
#16330 = CLOSED_SHELL('',(#16331,#16451,#16527,#16598,#16625,#16652));
#16331 = ADVANCED_FACE('',(#16332),#16346,.F.);
#16332 = FACE_BOUND('',#16333,.F.);
#16333 = EDGE_LOOP('',(#16334,#16369,#16397,#16425));
#16334 = ORIENTED_EDGE('',*,*,#16335,.F.);
#16335 = EDGE_CURVE('',#16336,#16338,#16340,.T.);
#16336 = VERTEX_POINT('',#16337);
#16337 = CARTESIAN_POINT('',(-119.4815018235,25.,18.039421332099));
#16338 = VERTEX_POINT('',#16339);
#16339 = CARTESIAN_POINT('',(-126.3059972087,25.,19.597067869794));
#16340 = SURFACE_CURVE('',#16341,(#16345,#16357),.PCURVE_S1.);
#16341 = LINE('',#16342,#16343);
#16342 = CARTESIAN_POINT('',(-119.4815018235,25.,18.039421332099));
#16343 = VECTOR('',#16344,1.);
#16344 = DIRECTION('',(-0.974927912182,0.,0.222520933956));
#16345 = PCURVE('',#16346,#16351);
#16346 = PLANE('',#16347);
#16347 = AXIS2_PLACEMENT_3D('',#16348,#16349,#16350);
#16348 = CARTESIAN_POINT('',(-119.4815018235,25.,18.039421332099));
#16349 = DIRECTION('',(0.222520933956,0.,0.974927912182));
#16350 = DIRECTION('',(-0.974927912182,0.,0.222520933956));
#16351 = DEFINITIONAL_REPRESENTATION('',(#16352),#16356);
#16352 = LINE('',#16353,#16354);
#16353 = CARTESIAN_POINT('',(0.,0.));
#16354 = VECTOR('',#16355,1.);
#16355 = DIRECTION('',(1.,0.));
#16356 = ( GEOMETRIC_REPRESENTATION_CONTEXT(2) 
PARAMETRIC_REPRESENTATION_CONTEXT() REPRESENTATION_CONTEXT('2D SPACE',''
  ) );
#16357 = PCURVE('',#16358,#16363);
#16358 = PLANE('',#16359);
#16359 = AXIS2_PLACEMENT_3D('',#16360,#16361,#16362);
#16360 = CARTESIAN_POINT('',(-119.4815018235,25.,18.039421332099));
#16361 = DIRECTION('',(0.,1.,0.));
#16362 = DIRECTION('',(-0.974927912182,0.,0.222520933956));
#16363 = DEFINITIONAL_REPRESENTATION('',(#16364),#16368);
#16364 = LINE('',#16365,#16366);
#16365 = CARTESIAN_POINT('',(0.,0.));
#16366 = VECTOR('',#16367,1.);
#16367 = DIRECTION('',(1.,0.));
#16368 = ( GEOMETRIC_REPRESENTATION_CONTEXT(2) 
PARAMETRIC_REPRESENTATION_CONTEXT() REPRESENTATION_CONTEXT('2D SPACE',''
  ) );
#16369 = ORIENTED_EDGE('',*,*,#16370,.T.);
#16370 = EDGE_CURVE('',#16336,#16371,#16373,.T.);
#16371 = VERTEX_POINT('',#16372);
#16372 = CARTESIAN_POINT('',(-119.4815018235,305.,18.039421332099));
#16373 = SURFACE_CURVE('',#16374,(#16378,#16385),.PCURVE_S1.);
#16374 = LINE('',#16375,#16376);
#16375 = CARTESIAN_POINT('',(-119.4815018235,25.,18.039421332099));
#16376 = VECTOR('',#16377,1.);
#16377 = DIRECTION('',(0.,1.,0.));
#16378 = PCURVE('',#16346,#16379);
#16379 = DEFINITIONAL_REPRESENTATION('',(#16380),#16384);
#16380 = LINE('',#16381,#16382);
#16381 = CARTESIAN_POINT('',(0.,0.));
#16382 = VECTOR('',#16383,1.);
#16383 = DIRECTION('',(0.,-1.));
#16384 = ( GEOMETRIC_REPRESENTATION_CONTEXT(2) 
PARAMETRIC_REPRESENTATION_CONTEXT() REPRESENTATION_CONTEXT('2D SPACE',''
  ) );
#16385 = PCURVE('',#16386,#16391);
#16386 = PLANE('',#16387);
#16387 = AXIS2_PLACEMENT_3D('',#16388,#16389,#16390);
#16388 = CARTESIAN_POINT('',(-119.4815018235,25.,18.039421332099));
#16389 = DIRECTION('',(-0.974927912182,0.,0.222520933956));
#16390 = DIRECTION('',(0.222520933956,0.,0.974927912182));
#16391 = DEFINITIONAL_REPRESENTATION('',(#16392),#16396);
#16392 = LINE('',#16393,#16394);
#16393 = CARTESIAN_POINT('',(0.,0.));
#16394 = VECTOR('',#16395,1.);
#16395 = DIRECTION('',(0.,1.));
#16396 = ( GEOMETRIC_REPRESENTATION_CONTEXT(2) 
PARAMETRIC_REPRESENTATION_CONTEXT() REPRESENTATION_CONTEXT('2D SPACE',''
  ) );
#16397 = ORIENTED_EDGE('',*,*,#16398,.T.);
#16398 = EDGE_CURVE('',#16371,#16399,#16401,.T.);
#16399 = VERTEX_POINT('',#16400);
#16400 = CARTESIAN_POINT('',(-126.3059972087,305.,19.597067869794));
#16401 = SURFACE_CURVE('',#16402,(#16406,#16413),.PCURVE_S1.);
#16402 = LINE('',#16403,#16404);
#16403 = CARTESIAN_POINT('',(-119.4815018235,305.,18.039421332099));
#16404 = VECTOR('',#16405,1.);
#16405 = DIRECTION('',(-0.974927912182,0.,0.222520933956));
#16406 = PCURVE('',#16346,#16407);
#16407 = DEFINITIONAL_REPRESENTATION('',(#16408),#16412);
#16408 = LINE('',#16409,#16410);
#16409 = CARTESIAN_POINT('',(0.,-280.));
#16410 = VECTOR('',#16411,1.);
#16411 = DIRECTION('',(1.,0.));
#16412 = ( GEOMETRIC_REPRESENTATION_CONTEXT(2) 
PARAMETRIC_REPRESENTATION_CONTEXT() REPRESENTATION_CONTEXT('2D SPACE',''
  ) );
#16413 = PCURVE('',#16414,#16419);
#16414 = PLANE('',#16415);
#16415 = AXIS2_PLACEMENT_3D('',#16416,#16417,#16418);
#16416 = CARTESIAN_POINT('',(-119.4815018235,305.,18.039421332099));
#16417 = DIRECTION('',(0.,1.,0.));
#16418 = DIRECTION('',(-0.974927912182,0.,0.222520933956));
#16419 = DEFINITIONAL_REPRESENTATION('',(#16420),#16424);
#16420 = LINE('',#16421,#16422);
#16421 = CARTESIAN_POINT('',(0.,0.));
#16422 = VECTOR('',#16423,1.);
#16423 = DIRECTION('',(1.,0.));
#16424 = ( GEOMETRIC_REPRESENTATION_CONTEXT(2) 
PARAMETRIC_REPRESENTATION_CONTEXT() REPRESENTATION_CONTEXT('2D SPACE',''
  ) );
#16425 = ORIENTED_EDGE('',*,*,#16426,.F.);
#16426 = EDGE_CURVE('',#16338,#16399,#16427,.T.);
#16427 = SURFACE_CURVE('',#16428,(#16432,#16439),.PCURVE_S1.);
#16428 = LINE('',#16429,#16430);
#16429 = CARTESIAN_POINT('',(-126.3059972087,25.,19.597067869794));
#16430 = VECTOR('',#16431,1.);
#16431 = DIRECTION('',(0.,1.,0.));
#16432 = PCURVE('',#16346,#16433);
#16433 = DEFINITIONAL_REPRESENTATION('',(#16434),#16438);
#16434 = LINE('',#16435,#16436);
#16435 = CARTESIAN_POINT('',(7.,0.));
#16436 = VECTOR('',#16437,1.);
#16437 = DIRECTION('',(0.,-1.));
#16438 = ( GEOMETRIC_REPRESENTATION_CONTEXT(2) 
PARAMETRIC_REPRESENTATION_CONTEXT() REPRESENTATION_CONTEXT('2D SPACE',''
  ) );
#16439 = PCURVE('',#16440,#16445);
#16440 = PLANE('',#16441);
#16441 = AXIS2_PLACEMENT_3D('',#16442,#16443,#16444);
#16442 = CARTESIAN_POINT('',(-126.3059972087,25.,19.597067869794));
#16443 = DIRECTION('',(-0.974927912182,0.,0.222520933956));
#16444 = DIRECTION('',(0.222520933956,0.,0.974927912182));
#16445 = DEFINITIONAL_REPRESENTATION('',(#16446),#16450);
#16446 = LINE('',#16447,#16448);
#16447 = CARTESIAN_POINT('',(0.,0.));
#16448 = VECTOR('',#16449,1.);
#16449 = DIRECTION('',(0.,1.));
#16450 = ( GEOMETRIC_REPRESENTATION_CONTEXT(2) 
PARAMETRIC_REPRESENTATION_CONTEXT() REPRESENTATION_CONTEXT('2D SPACE',''
  ) );
#16451 = ADVANCED_FACE('',(#16452),#16386,.F.);
#16452 = FACE_BOUND('',#16453,.F.);
#16453 = EDGE_LOOP('',(#16454,#16455,#16478,#16506));
#16454 = ORIENTED_EDGE('',*,*,#16370,.F.);
#16455 = ORIENTED_EDGE('',*,*,#16456,.T.);
#16456 = EDGE_CURVE('',#16336,#16457,#16459,.T.);
#16457 = VERTEX_POINT('',#16458);
#16458 = CARTESIAN_POINT('',(-115.4761250123,25.,35.588123751372));
#16459 = SURFACE_CURVE('',#16460,(#16464,#16471),.PCURVE_S1.);
#16460 = LINE('',#16461,#16462);
#16461 = CARTESIAN_POINT('',(-119.4815018235,25.,18.039421332099));
#16462 = VECTOR('',#16463,1.);
#16463 = DIRECTION('',(0.222520933956,0.,0.974927912182));
#16464 = PCURVE('',#16386,#16465);
#16465 = DEFINITIONAL_REPRESENTATION('',(#16466),#16470);
#16466 = LINE('',#16467,#16468);
#16467 = CARTESIAN_POINT('',(0.,0.));
#16468 = VECTOR('',#16469,1.);
#16469 = DIRECTION('',(1.,0.));
#16470 = ( GEOMETRIC_REPRESENTATION_CONTEXT(2) 
PARAMETRIC_REPRESENTATION_CONTEXT() REPRESENTATION_CONTEXT('2D SPACE',''
  ) );
#16471 = PCURVE('',#16358,#16472);
#16472 = DEFINITIONAL_REPRESENTATION('',(#16473),#16477);
#16473 = LINE('',#16474,#16475);
#16474 = CARTESIAN_POINT('',(0.,0.));
#16475 = VECTOR('',#16476,1.);
#16476 = DIRECTION('',(0.,1.));
#16477 = ( GEOMETRIC_REPRESENTATION_CONTEXT(2) 
PARAMETRIC_REPRESENTATION_CONTEXT() REPRESENTATION_CONTEXT('2D SPACE',''
  ) );
#16478 = ORIENTED_EDGE('',*,*,#16479,.T.);
#16479 = EDGE_CURVE('',#16457,#16480,#16482,.T.);
#16480 = VERTEX_POINT('',#16481);
#16481 = CARTESIAN_POINT('',(-115.4761250123,305.,35.588123751372));
#16482 = SURFACE_CURVE('',#16483,(#16487,#16494),.PCURVE_S1.);
#16483 = LINE('',#16484,#16485);
#16484 = CARTESIAN_POINT('',(-115.4761250123,25.,35.588123751372));
#16485 = VECTOR('',#16486,1.);
#16486 = DIRECTION('',(0.,1.,0.));
#16487 = PCURVE('',#16386,#16488);
#16488 = DEFINITIONAL_REPRESENTATION('',(#16489),#16493);
#16489 = LINE('',#16490,#16491);
#16490 = CARTESIAN_POINT('',(18.,0.));
#16491 = VECTOR('',#16492,1.);
#16492 = DIRECTION('',(0.,1.));
#16493 = ( GEOMETRIC_REPRESENTATION_CONTEXT(2) 
PARAMETRIC_REPRESENTATION_CONTEXT() REPRESENTATION_CONTEXT('2D SPACE',''
  ) );
#16494 = PCURVE('',#16495,#16500);
#16495 = PLANE('',#16496);
#16496 = AXIS2_PLACEMENT_3D('',#16497,#16498,#16499);
#16497 = CARTESIAN_POINT('',(-115.4761250123,25.,35.588123751372));
#16498 = DIRECTION('',(0.222520933956,0.,0.974927912182));
#16499 = DIRECTION('',(-0.974927912182,0.,0.222520933956));
#16500 = DEFINITIONAL_REPRESENTATION('',(#16501),#16505);
#16501 = LINE('',#16502,#16503);
#16502 = CARTESIAN_POINT('',(0.,0.));
#16503 = VECTOR('',#16504,1.);
#16504 = DIRECTION('',(0.,-1.));
#16505 = ( GEOMETRIC_REPRESENTATION_CONTEXT(2) 
PARAMETRIC_REPRESENTATION_CONTEXT() REPRESENTATION_CONTEXT('2D SPACE',''
  ) );
#16506 = ORIENTED_EDGE('',*,*,#16507,.F.);
#16507 = EDGE_CURVE('',#16371,#16480,#16508,.T.);
#16508 = SURFACE_CURVE('',#16509,(#16513,#16520),.PCURVE_S1.);
#16509 = LINE('',#16510,#16511);
#16510 = CARTESIAN_POINT('',(-119.4815018235,305.,18.039421332099));
#16511 = VECTOR('',#16512,1.);
#16512 = DIRECTION('',(0.222520933956,0.,0.974927912182));
#16513 = PCURVE('',#16386,#16514);
#16514 = DEFINITIONAL_REPRESENTATION('',(#16515),#16519);
#16515 = LINE('',#16516,#16517);
#16516 = CARTESIAN_POINT('',(0.,280.));
#16517 = VECTOR('',#16518,1.);
#16518 = DIRECTION('',(1.,0.));
#16519 = ( GEOMETRIC_REPRESENTATION_CONTEXT(2) 
PARAMETRIC_REPRESENTATION_CONTEXT() REPRESENTATION_CONTEXT('2D SPACE',''
  ) );
#16520 = PCURVE('',#16414,#16521);
#16521 = DEFINITIONAL_REPRESENTATION('',(#16522),#16526);
#16522 = LINE('',#16523,#16524);
#16523 = CARTESIAN_POINT('',(0.,0.));
#16524 = VECTOR('',#16525,1.);
#16525 = DIRECTION('',(0.,1.));
#16526 = ( GEOMETRIC_REPRESENTATION_CONTEXT(2) 
PARAMETRIC_REPRESENTATION_CONTEXT() REPRESENTATION_CONTEXT('2D SPACE',''
  ) );
#16527 = ADVANCED_FACE('',(#16528),#16495,.T.);
#16528 = FACE_BOUND('',#16529,.T.);
#16529 = EDGE_LOOP('',(#16530,#16553,#16554,#16577));
#16530 = ORIENTED_EDGE('',*,*,#16531,.F.);
#16531 = EDGE_CURVE('',#16457,#16532,#16534,.T.);
#16532 = VERTEX_POINT('',#16533);
#16533 = CARTESIAN_POINT('',(-122.3006203975,25.,37.145770289066));
#16534 = SURFACE_CURVE('',#16535,(#16539,#16546),.PCURVE_S1.);
#16535 = LINE('',#16536,#16537);
#16536 = CARTESIAN_POINT('',(-115.4761250123,25.,35.588123751372));
#16537 = VECTOR('',#16538,1.);
#16538 = DIRECTION('',(-0.974927912182,0.,0.222520933956));
#16539 = PCURVE('',#16495,#16540);
#16540 = DEFINITIONAL_REPRESENTATION('',(#16541),#16545);
#16541 = LINE('',#16542,#16543);
#16542 = CARTESIAN_POINT('',(0.,0.));
#16543 = VECTOR('',#16544,1.);
#16544 = DIRECTION('',(1.,0.));
#16545 = ( GEOMETRIC_REPRESENTATION_CONTEXT(2) 
PARAMETRIC_REPRESENTATION_CONTEXT() REPRESENTATION_CONTEXT('2D SPACE',''
  ) );
#16546 = PCURVE('',#16358,#16547);
#16547 = DEFINITIONAL_REPRESENTATION('',(#16548),#16552);
#16548 = LINE('',#16549,#16550);
#16549 = CARTESIAN_POINT('',(0.,18.));
#16550 = VECTOR('',#16551,1.);
#16551 = DIRECTION('',(1.,0.));
#16552 = ( GEOMETRIC_REPRESENTATION_CONTEXT(2) 
PARAMETRIC_REPRESENTATION_CONTEXT() REPRESENTATION_CONTEXT('2D SPACE',''
  ) );
#16553 = ORIENTED_EDGE('',*,*,#16479,.T.);
#16554 = ORIENTED_EDGE('',*,*,#16555,.T.);
#16555 = EDGE_CURVE('',#16480,#16556,#16558,.T.);
#16556 = VERTEX_POINT('',#16557);
#16557 = CARTESIAN_POINT('',(-122.3006203975,305.,37.145770289066));
#16558 = SURFACE_CURVE('',#16559,(#16563,#16570),.PCURVE_S1.);
#16559 = LINE('',#16560,#16561);
#16560 = CARTESIAN_POINT('',(-115.4761250123,305.,35.588123751372));
#16561 = VECTOR('',#16562,1.);
#16562 = DIRECTION('',(-0.974927912182,0.,0.222520933956));
#16563 = PCURVE('',#16495,#16564);
#16564 = DEFINITIONAL_REPRESENTATION('',(#16565),#16569);
#16565 = LINE('',#16566,#16567);
#16566 = CARTESIAN_POINT('',(0.,-280.));
#16567 = VECTOR('',#16568,1.);
#16568 = DIRECTION('',(1.,0.));
#16569 = ( GEOMETRIC_REPRESENTATION_CONTEXT(2) 
PARAMETRIC_REPRESENTATION_CONTEXT() REPRESENTATION_CONTEXT('2D SPACE',''
  ) );
#16570 = PCURVE('',#16414,#16571);
#16571 = DEFINITIONAL_REPRESENTATION('',(#16572),#16576);
#16572 = LINE('',#16573,#16574);
#16573 = CARTESIAN_POINT('',(0.,18.));
#16574 = VECTOR('',#16575,1.);
#16575 = DIRECTION('',(1.,0.));
#16576 = ( GEOMETRIC_REPRESENTATION_CONTEXT(2) 
PARAMETRIC_REPRESENTATION_CONTEXT() REPRESENTATION_CONTEXT('2D SPACE',''
  ) );
#16577 = ORIENTED_EDGE('',*,*,#16578,.F.);
#16578 = EDGE_CURVE('',#16532,#16556,#16579,.T.);
#16579 = SURFACE_CURVE('',#16580,(#16584,#16591),.PCURVE_S1.);
#16580 = LINE('',#16581,#16582);
#16581 = CARTESIAN_POINT('',(-122.3006203975,25.,37.145770289066));
#16582 = VECTOR('',#16583,1.);
#16583 = DIRECTION('',(0.,1.,0.));
#16584 = PCURVE('',#16495,#16585);
#16585 = DEFINITIONAL_REPRESENTATION('',(#16586),#16590);
#16586 = LINE('',#16587,#16588);
#16587 = CARTESIAN_POINT('',(7.,0.));
#16588 = VECTOR('',#16589,1.);
#16589 = DIRECTION('',(0.,-1.));
#16590 = ( GEOMETRIC_REPRESENTATION_CONTEXT(2) 
PARAMETRIC_REPRESENTATION_CONTEXT() REPRESENTATION_CONTEXT('2D SPACE',''
  ) );
#16591 = PCURVE('',#16440,#16592);
#16592 = DEFINITIONAL_REPRESENTATION('',(#16593),#16597);
#16593 = LINE('',#16594,#16595);
#16594 = CARTESIAN_POINT('',(18.,0.));
#16595 = VECTOR('',#16596,1.);
#16596 = DIRECTION('',(0.,1.));
#16597 = ( GEOMETRIC_REPRESENTATION_CONTEXT(2) 
PARAMETRIC_REPRESENTATION_CONTEXT() REPRESENTATION_CONTEXT('2D SPACE',''
  ) );
#16598 = ADVANCED_FACE('',(#16599),#16414,.T.);
#16599 = FACE_BOUND('',#16600,.T.);
#16600 = EDGE_LOOP('',(#16601,#16602,#16603,#16624));
#16601 = ORIENTED_EDGE('',*,*,#16507,.F.);
#16602 = ORIENTED_EDGE('',*,*,#16398,.T.);
#16603 = ORIENTED_EDGE('',*,*,#16604,.T.);
#16604 = EDGE_CURVE('',#16399,#16556,#16605,.T.);
#16605 = SURFACE_CURVE('',#16606,(#16610,#16617),.PCURVE_S1.);
#16606 = LINE('',#16607,#16608);
#16607 = CARTESIAN_POINT('',(-126.3059972087,305.,19.597067869794));
#16608 = VECTOR('',#16609,1.);
#16609 = DIRECTION('',(0.222520933956,0.,0.974927912182));
#16610 = PCURVE('',#16414,#16611);
#16611 = DEFINITIONAL_REPRESENTATION('',(#16612),#16616);
#16612 = LINE('',#16613,#16614);
#16613 = CARTESIAN_POINT('',(7.,0.));
#16614 = VECTOR('',#16615,1.);
#16615 = DIRECTION('',(0.,1.));
#16616 = ( GEOMETRIC_REPRESENTATION_CONTEXT(2) 
PARAMETRIC_REPRESENTATION_CONTEXT() REPRESENTATION_CONTEXT('2D SPACE',''
  ) );
#16617 = PCURVE('',#16440,#16618);
#16618 = DEFINITIONAL_REPRESENTATION('',(#16619),#16623);
#16619 = LINE('',#16620,#16621);
#16620 = CARTESIAN_POINT('',(0.,280.));
#16621 = VECTOR('',#16622,1.);
#16622 = DIRECTION('',(1.,0.));
#16623 = ( GEOMETRIC_REPRESENTATION_CONTEXT(2) 
PARAMETRIC_REPRESENTATION_CONTEXT() REPRESENTATION_CONTEXT('2D SPACE',''
  ) );
#16624 = ORIENTED_EDGE('',*,*,#16555,.F.);
#16625 = ADVANCED_FACE('',(#16626),#16440,.T.);
#16626 = FACE_BOUND('',#16627,.T.);
#16627 = EDGE_LOOP('',(#16628,#16629,#16650,#16651));
#16628 = ORIENTED_EDGE('',*,*,#16426,.F.);
#16629 = ORIENTED_EDGE('',*,*,#16630,.T.);
#16630 = EDGE_CURVE('',#16338,#16532,#16631,.T.);
#16631 = SURFACE_CURVE('',#16632,(#16636,#16643),.PCURVE_S1.);
#16632 = LINE('',#16633,#16634);
#16633 = CARTESIAN_POINT('',(-126.3059972087,25.,19.597067869794));
#16634 = VECTOR('',#16635,1.);
#16635 = DIRECTION('',(0.222520933956,0.,0.974927912182));
#16636 = PCURVE('',#16440,#16637);
#16637 = DEFINITIONAL_REPRESENTATION('',(#16638),#16642);
#16638 = LINE('',#16639,#16640);
#16639 = CARTESIAN_POINT('',(0.,0.));
#16640 = VECTOR('',#16641,1.);
#16641 = DIRECTION('',(1.,0.));
#16642 = ( GEOMETRIC_REPRESENTATION_CONTEXT(2) 
PARAMETRIC_REPRESENTATION_CONTEXT() REPRESENTATION_CONTEXT('2D SPACE',''
  ) );
#16643 = PCURVE('',#16358,#16644);
#16644 = DEFINITIONAL_REPRESENTATION('',(#16645),#16649);
#16645 = LINE('',#16646,#16647);
#16646 = CARTESIAN_POINT('',(7.,0.));
#16647 = VECTOR('',#16648,1.);
#16648 = DIRECTION('',(0.,1.));
#16649 = ( GEOMETRIC_REPRESENTATION_CONTEXT(2) 
PARAMETRIC_REPRESENTATION_CONTEXT() REPRESENTATION_CONTEXT('2D SPACE',''
  ) );
#16650 = ORIENTED_EDGE('',*,*,#16578,.T.);
#16651 = ORIENTED_EDGE('',*,*,#16604,.F.);
#16652 = ADVANCED_FACE('',(#16653),#16358,.F.);
#16653 = FACE_BOUND('',#16654,.F.);
#16654 = EDGE_LOOP('',(#16655,#16656,#16657,#16658));
#16655 = ORIENTED_EDGE('',*,*,#16456,.F.);
#16656 = ORIENTED_EDGE('',*,*,#16335,.T.);
#16657 = ORIENTED_EDGE('',*,*,#16630,.T.);
#16658 = ORIENTED_EDGE('',*,*,#16531,.F.);
#16659 = MANIFOLD_SOLID_BREP('',#16660);
#16660 = CLOSED_SHELL('',(#16661,#16781,#16857,#16928,#16955,#16982));
#16661 = ADVANCED_FACE('',(#16662),#16676,.F.);
#16662 = FACE_BOUND('',#16663,.F.);
#16663 = EDGE_LOOP('',(#16664,#16699,#16727,#16755));
#16664 = ORIENTED_EDGE('',*,*,#16665,.F.);
#16665 = EDGE_CURVE('',#16666,#16668,#16670,.T.);
#16666 = VERTEX_POINT('',#16667);
#16667 = CARTESIAN_POINT('',(-112.4717022343,25.,44.174270752544));
#16668 = VERTEX_POINT('',#16669);
#16669 = CARTESIAN_POINT('',(-118.7784843096,25.,47.211456926367));
#16670 = SURFACE_CURVE('',#16671,(#16675,#16687),.PCURVE_S1.);
#16671 = LINE('',#16672,#16673);
#16672 = CARTESIAN_POINT('',(-112.4717022343,25.,44.174270752544));
#16673 = VECTOR('',#16674,1.);
#16674 = DIRECTION('',(-0.900968867902,0.,0.433883739118));
#16675 = PCURVE('',#16676,#16681);
#16676 = PLANE('',#16677);
#16677 = AXIS2_PLACEMENT_3D('',#16678,#16679,#16680);
#16678 = CARTESIAN_POINT('',(-112.4717022343,25.,44.174270752544));
#16679 = DIRECTION('',(0.433883739118,0.,0.900968867902));
#16680 = DIRECTION('',(-0.900968867902,0.,0.433883739118));
#16681 = DEFINITIONAL_REPRESENTATION('',(#16682),#16686);
#16682 = LINE('',#16683,#16684);
#16683 = CARTESIAN_POINT('',(0.,0.));
#16684 = VECTOR('',#16685,1.);
#16685 = DIRECTION('',(1.,0.));
#16686 = ( GEOMETRIC_REPRESENTATION_CONTEXT(2) 
PARAMETRIC_REPRESENTATION_CONTEXT() REPRESENTATION_CONTEXT('2D SPACE',''
  ) );
#16687 = PCURVE('',#16688,#16693);
#16688 = PLANE('',#16689);
#16689 = AXIS2_PLACEMENT_3D('',#16690,#16691,#16692);
#16690 = CARTESIAN_POINT('',(-112.4717022343,25.,44.174270752544));
#16691 = DIRECTION('',(0.,1.,0.));
#16692 = DIRECTION('',(-0.900968867902,0.,0.433883739118));
#16693 = DEFINITIONAL_REPRESENTATION('',(#16694),#16698);
#16694 = LINE('',#16695,#16696);
#16695 = CARTESIAN_POINT('',(0.,0.));
#16696 = VECTOR('',#16697,1.);
#16697 = DIRECTION('',(1.,0.));
#16698 = ( GEOMETRIC_REPRESENTATION_CONTEXT(2) 
PARAMETRIC_REPRESENTATION_CONTEXT() REPRESENTATION_CONTEXT('2D SPACE',''
  ) );
#16699 = ORIENTED_EDGE('',*,*,#16700,.T.);
#16700 = EDGE_CURVE('',#16666,#16701,#16703,.T.);
#16701 = VERTEX_POINT('',#16702);
#16702 = CARTESIAN_POINT('',(-112.4717022343,305.,44.174270752544));
#16703 = SURFACE_CURVE('',#16704,(#16708,#16715),.PCURVE_S1.);
#16704 = LINE('',#16705,#16706);
#16705 = CARTESIAN_POINT('',(-112.4717022343,25.,44.174270752544));
#16706 = VECTOR('',#16707,1.);
#16707 = DIRECTION('',(0.,1.,0.));
#16708 = PCURVE('',#16676,#16709);
#16709 = DEFINITIONAL_REPRESENTATION('',(#16710),#16714);
#16710 = LINE('',#16711,#16712);
#16711 = CARTESIAN_POINT('',(0.,0.));
#16712 = VECTOR('',#16713,1.);
#16713 = DIRECTION('',(0.,-1.));
#16714 = ( GEOMETRIC_REPRESENTATION_CONTEXT(2) 
PARAMETRIC_REPRESENTATION_CONTEXT() REPRESENTATION_CONTEXT('2D SPACE',''
  ) );
#16715 = PCURVE('',#16716,#16721);
#16716 = PLANE('',#16717);
#16717 = AXIS2_PLACEMENT_3D('',#16718,#16719,#16720);
#16718 = CARTESIAN_POINT('',(-112.4717022343,25.,44.174270752544));
#16719 = DIRECTION('',(-0.900968867902,0.,0.433883739118));
#16720 = DIRECTION('',(0.433883739118,0.,0.900968867902));
#16721 = DEFINITIONAL_REPRESENTATION('',(#16722),#16726);
#16722 = LINE('',#16723,#16724);
#16723 = CARTESIAN_POINT('',(0.,0.));
#16724 = VECTOR('',#16725,1.);
#16725 = DIRECTION('',(0.,1.));
#16726 = ( GEOMETRIC_REPRESENTATION_CONTEXT(2) 
PARAMETRIC_REPRESENTATION_CONTEXT() REPRESENTATION_CONTEXT('2D SPACE',''
  ) );
#16727 = ORIENTED_EDGE('',*,*,#16728,.T.);
#16728 = EDGE_CURVE('',#16701,#16729,#16731,.T.);
#16729 = VERTEX_POINT('',#16730);
#16730 = CARTESIAN_POINT('',(-118.7784843096,305.,47.211456926367));
#16731 = SURFACE_CURVE('',#16732,(#16736,#16743),.PCURVE_S1.);
#16732 = LINE('',#16733,#16734);
#16733 = CARTESIAN_POINT('',(-112.4717022343,305.,44.174270752544));
#16734 = VECTOR('',#16735,1.);
#16735 = DIRECTION('',(-0.900968867902,0.,0.433883739118));
#16736 = PCURVE('',#16676,#16737);
#16737 = DEFINITIONAL_REPRESENTATION('',(#16738),#16742);
#16738 = LINE('',#16739,#16740);
#16739 = CARTESIAN_POINT('',(0.,-280.));
#16740 = VECTOR('',#16741,1.);
#16741 = DIRECTION('',(1.,0.));
#16742 = ( GEOMETRIC_REPRESENTATION_CONTEXT(2) 
PARAMETRIC_REPRESENTATION_CONTEXT() REPRESENTATION_CONTEXT('2D SPACE',''
  ) );
#16743 = PCURVE('',#16744,#16749);
#16744 = PLANE('',#16745);
#16745 = AXIS2_PLACEMENT_3D('',#16746,#16747,#16748);
#16746 = CARTESIAN_POINT('',(-112.4717022343,305.,44.174270752544));
#16747 = DIRECTION('',(0.,1.,0.));
#16748 = DIRECTION('',(-0.900968867902,0.,0.433883739118));
#16749 = DEFINITIONAL_REPRESENTATION('',(#16750),#16754);
#16750 = LINE('',#16751,#16752);
#16751 = CARTESIAN_POINT('',(0.,0.));
#16752 = VECTOR('',#16753,1.);
#16753 = DIRECTION('',(1.,0.));
#16754 = ( GEOMETRIC_REPRESENTATION_CONTEXT(2) 
PARAMETRIC_REPRESENTATION_CONTEXT() REPRESENTATION_CONTEXT('2D SPACE',''
  ) );
#16755 = ORIENTED_EDGE('',*,*,#16756,.F.);
#16756 = EDGE_CURVE('',#16668,#16729,#16757,.T.);
#16757 = SURFACE_CURVE('',#16758,(#16762,#16769),.PCURVE_S1.);
#16758 = LINE('',#16759,#16760);
#16759 = CARTESIAN_POINT('',(-118.7784843096,25.,47.211456926367));
#16760 = VECTOR('',#16761,1.);
#16761 = DIRECTION('',(0.,1.,0.));
#16762 = PCURVE('',#16676,#16763);
#16763 = DEFINITIONAL_REPRESENTATION('',(#16764),#16768);
#16764 = LINE('',#16765,#16766);
#16765 = CARTESIAN_POINT('',(7.,0.));
#16766 = VECTOR('',#16767,1.);
#16767 = DIRECTION('',(0.,-1.));
#16768 = ( GEOMETRIC_REPRESENTATION_CONTEXT(2) 
PARAMETRIC_REPRESENTATION_CONTEXT() REPRESENTATION_CONTEXT('2D SPACE',''
  ) );
#16769 = PCURVE('',#16770,#16775);
#16770 = PLANE('',#16771);
#16771 = AXIS2_PLACEMENT_3D('',#16772,#16773,#16774);
#16772 = CARTESIAN_POINT('',(-118.7784843096,25.,47.211456926367));
#16773 = DIRECTION('',(-0.900968867902,0.,0.433883739118));
#16774 = DIRECTION('',(0.433883739118,0.,0.900968867902));
#16775 = DEFINITIONAL_REPRESENTATION('',(#16776),#16780);
#16776 = LINE('',#16777,#16778);
#16777 = CARTESIAN_POINT('',(0.,0.));
#16778 = VECTOR('',#16779,1.);
#16779 = DIRECTION('',(0.,1.));
#16780 = ( GEOMETRIC_REPRESENTATION_CONTEXT(2) 
PARAMETRIC_REPRESENTATION_CONTEXT() REPRESENTATION_CONTEXT('2D SPACE',''
  ) );
#16781 = ADVANCED_FACE('',(#16782),#16716,.F.);
#16782 = FACE_BOUND('',#16783,.F.);
#16783 = EDGE_LOOP('',(#16784,#16785,#16808,#16836));
#16784 = ORIENTED_EDGE('',*,*,#16700,.F.);
#16785 = ORIENTED_EDGE('',*,*,#16786,.T.);
#16786 = EDGE_CURVE('',#16666,#16787,#16789,.T.);
#16787 = VERTEX_POINT('',#16788);
#16788 = CARTESIAN_POINT('',(-104.6617949301,25.,60.391710374787));
#16789 = SURFACE_CURVE('',#16790,(#16794,#16801),.PCURVE_S1.);
#16790 = LINE('',#16791,#16792);
#16791 = CARTESIAN_POINT('',(-112.4717022343,25.,44.174270752544));
#16792 = VECTOR('',#16793,1.);
#16793 = DIRECTION('',(0.433883739118,0.,0.900968867902));
#16794 = PCURVE('',#16716,#16795);
#16795 = DEFINITIONAL_REPRESENTATION('',(#16796),#16800);
#16796 = LINE('',#16797,#16798);
#16797 = CARTESIAN_POINT('',(0.,0.));
#16798 = VECTOR('',#16799,1.);
#16799 = DIRECTION('',(1.,0.));
#16800 = ( GEOMETRIC_REPRESENTATION_CONTEXT(2) 
PARAMETRIC_REPRESENTATION_CONTEXT() REPRESENTATION_CONTEXT('2D SPACE',''
  ) );
#16801 = PCURVE('',#16688,#16802);
#16802 = DEFINITIONAL_REPRESENTATION('',(#16803),#16807);
#16803 = LINE('',#16804,#16805);
#16804 = CARTESIAN_POINT('',(0.,0.));
#16805 = VECTOR('',#16806,1.);
#16806 = DIRECTION('',(0.,1.));
#16807 = ( GEOMETRIC_REPRESENTATION_CONTEXT(2) 
PARAMETRIC_REPRESENTATION_CONTEXT() REPRESENTATION_CONTEXT('2D SPACE',''
  ) );
#16808 = ORIENTED_EDGE('',*,*,#16809,.T.);
#16809 = EDGE_CURVE('',#16787,#16810,#16812,.T.);
#16810 = VERTEX_POINT('',#16811);
#16811 = CARTESIAN_POINT('',(-104.6617949301,305.,60.391710374787));
#16812 = SURFACE_CURVE('',#16813,(#16817,#16824),.PCURVE_S1.);
#16813 = LINE('',#16814,#16815);
#16814 = CARTESIAN_POINT('',(-104.6617949301,25.,60.391710374787));
#16815 = VECTOR('',#16816,1.);
#16816 = DIRECTION('',(0.,1.,0.));
#16817 = PCURVE('',#16716,#16818);
#16818 = DEFINITIONAL_REPRESENTATION('',(#16819),#16823);
#16819 = LINE('',#16820,#16821);
#16820 = CARTESIAN_POINT('',(18.,0.));
#16821 = VECTOR('',#16822,1.);
#16822 = DIRECTION('',(0.,1.));
#16823 = ( GEOMETRIC_REPRESENTATION_CONTEXT(2) 
PARAMETRIC_REPRESENTATION_CONTEXT() REPRESENTATION_CONTEXT('2D SPACE',''
  ) );
#16824 = PCURVE('',#16825,#16830);
#16825 = PLANE('',#16826);
#16826 = AXIS2_PLACEMENT_3D('',#16827,#16828,#16829);
#16827 = CARTESIAN_POINT('',(-104.6617949301,25.,60.391710374787));
#16828 = DIRECTION('',(0.433883739118,0.,0.900968867902));
#16829 = DIRECTION('',(-0.900968867902,0.,0.433883739118));
#16830 = DEFINITIONAL_REPRESENTATION('',(#16831),#16835);
#16831 = LINE('',#16832,#16833);
#16832 = CARTESIAN_POINT('',(0.,0.));
#16833 = VECTOR('',#16834,1.);
#16834 = DIRECTION('',(0.,-1.));
#16835 = ( GEOMETRIC_REPRESENTATION_CONTEXT(2) 
PARAMETRIC_REPRESENTATION_CONTEXT() REPRESENTATION_CONTEXT('2D SPACE',''
  ) );
#16836 = ORIENTED_EDGE('',*,*,#16837,.F.);
#16837 = EDGE_CURVE('',#16701,#16810,#16838,.T.);
#16838 = SURFACE_CURVE('',#16839,(#16843,#16850),.PCURVE_S1.);
#16839 = LINE('',#16840,#16841);
#16840 = CARTESIAN_POINT('',(-112.4717022343,305.,44.174270752544));
#16841 = VECTOR('',#16842,1.);
#16842 = DIRECTION('',(0.433883739118,0.,0.900968867902));
#16843 = PCURVE('',#16716,#16844);
#16844 = DEFINITIONAL_REPRESENTATION('',(#16845),#16849);
#16845 = LINE('',#16846,#16847);
#16846 = CARTESIAN_POINT('',(0.,280.));
#16847 = VECTOR('',#16848,1.);
#16848 = DIRECTION('',(1.,0.));
#16849 = ( GEOMETRIC_REPRESENTATION_CONTEXT(2) 
PARAMETRIC_REPRESENTATION_CONTEXT() REPRESENTATION_CONTEXT('2D SPACE',''
  ) );
#16850 = PCURVE('',#16744,#16851);
#16851 = DEFINITIONAL_REPRESENTATION('',(#16852),#16856);
#16852 = LINE('',#16853,#16854);
#16853 = CARTESIAN_POINT('',(0.,0.));
#16854 = VECTOR('',#16855,1.);
#16855 = DIRECTION('',(0.,1.));
#16856 = ( GEOMETRIC_REPRESENTATION_CONTEXT(2) 
PARAMETRIC_REPRESENTATION_CONTEXT() REPRESENTATION_CONTEXT('2D SPACE',''
  ) );
#16857 = ADVANCED_FACE('',(#16858),#16825,.T.);
#16858 = FACE_BOUND('',#16859,.T.);
#16859 = EDGE_LOOP('',(#16860,#16883,#16884,#16907));
#16860 = ORIENTED_EDGE('',*,*,#16861,.F.);
#16861 = EDGE_CURVE('',#16787,#16862,#16864,.T.);
#16862 = VERTEX_POINT('',#16863);
#16863 = CARTESIAN_POINT('',(-110.9685770055,25.,63.42889654861));
#16864 = SURFACE_CURVE('',#16865,(#16869,#16876),.PCURVE_S1.);
#16865 = LINE('',#16866,#16867);
#16866 = CARTESIAN_POINT('',(-104.6617949301,25.,60.391710374787));
#16867 = VECTOR('',#16868,1.);
#16868 = DIRECTION('',(-0.900968867902,0.,0.433883739118));
#16869 = PCURVE('',#16825,#16870);
#16870 = DEFINITIONAL_REPRESENTATION('',(#16871),#16875);
#16871 = LINE('',#16872,#16873);
#16872 = CARTESIAN_POINT('',(0.,0.));
#16873 = VECTOR('',#16874,1.);
#16874 = DIRECTION('',(1.,0.));
#16875 = ( GEOMETRIC_REPRESENTATION_CONTEXT(2) 
PARAMETRIC_REPRESENTATION_CONTEXT() REPRESENTATION_CONTEXT('2D SPACE',''
  ) );
#16876 = PCURVE('',#16688,#16877);
#16877 = DEFINITIONAL_REPRESENTATION('',(#16878),#16882);
#16878 = LINE('',#16879,#16880);
#16879 = CARTESIAN_POINT('',(0.,18.));
#16880 = VECTOR('',#16881,1.);
#16881 = DIRECTION('',(1.,0.));
#16882 = ( GEOMETRIC_REPRESENTATION_CONTEXT(2) 
PARAMETRIC_REPRESENTATION_CONTEXT() REPRESENTATION_CONTEXT('2D SPACE',''
  ) );
#16883 = ORIENTED_EDGE('',*,*,#16809,.T.);
#16884 = ORIENTED_EDGE('',*,*,#16885,.T.);
#16885 = EDGE_CURVE('',#16810,#16886,#16888,.T.);
#16886 = VERTEX_POINT('',#16887);
#16887 = CARTESIAN_POINT('',(-110.9685770055,305.,63.42889654861));
#16888 = SURFACE_CURVE('',#16889,(#16893,#16900),.PCURVE_S1.);
#16889 = LINE('',#16890,#16891);
#16890 = CARTESIAN_POINT('',(-104.6617949301,305.,60.391710374787));
#16891 = VECTOR('',#16892,1.);
#16892 = DIRECTION('',(-0.900968867902,0.,0.433883739118));
#16893 = PCURVE('',#16825,#16894);
#16894 = DEFINITIONAL_REPRESENTATION('',(#16895),#16899);
#16895 = LINE('',#16896,#16897);
#16896 = CARTESIAN_POINT('',(0.,-280.));
#16897 = VECTOR('',#16898,1.);
#16898 = DIRECTION('',(1.,0.));
#16899 = ( GEOMETRIC_REPRESENTATION_CONTEXT(2) 
PARAMETRIC_REPRESENTATION_CONTEXT() REPRESENTATION_CONTEXT('2D SPACE',''
  ) );
#16900 = PCURVE('',#16744,#16901);
#16901 = DEFINITIONAL_REPRESENTATION('',(#16902),#16906);
#16902 = LINE('',#16903,#16904);
#16903 = CARTESIAN_POINT('',(0.,18.));
#16904 = VECTOR('',#16905,1.);
#16905 = DIRECTION('',(1.,0.));
#16906 = ( GEOMETRIC_REPRESENTATION_CONTEXT(2) 
PARAMETRIC_REPRESENTATION_CONTEXT() REPRESENTATION_CONTEXT('2D SPACE',''
  ) );
#16907 = ORIENTED_EDGE('',*,*,#16908,.F.);
#16908 = EDGE_CURVE('',#16862,#16886,#16909,.T.);
#16909 = SURFACE_CURVE('',#16910,(#16914,#16921),.PCURVE_S1.);
#16910 = LINE('',#16911,#16912);
#16911 = CARTESIAN_POINT('',(-110.9685770055,25.,63.42889654861));
#16912 = VECTOR('',#16913,1.);
#16913 = DIRECTION('',(0.,1.,0.));
#16914 = PCURVE('',#16825,#16915);
#16915 = DEFINITIONAL_REPRESENTATION('',(#16916),#16920);
#16916 = LINE('',#16917,#16918);
#16917 = CARTESIAN_POINT('',(7.,0.));
#16918 = VECTOR('',#16919,1.);
#16919 = DIRECTION('',(0.,-1.));
#16920 = ( GEOMETRIC_REPRESENTATION_CONTEXT(2) 
PARAMETRIC_REPRESENTATION_CONTEXT() REPRESENTATION_CONTEXT('2D SPACE',''
  ) );
#16921 = PCURVE('',#16770,#16922);
#16922 = DEFINITIONAL_REPRESENTATION('',(#16923),#16927);
#16923 = LINE('',#16924,#16925);
#16924 = CARTESIAN_POINT('',(18.,0.));
#16925 = VECTOR('',#16926,1.);
#16926 = DIRECTION('',(0.,1.));
#16927 = ( GEOMETRIC_REPRESENTATION_CONTEXT(2) 
PARAMETRIC_REPRESENTATION_CONTEXT() REPRESENTATION_CONTEXT('2D SPACE',''
  ) );
#16928 = ADVANCED_FACE('',(#16929),#16744,.T.);
#16929 = FACE_BOUND('',#16930,.T.);
#16930 = EDGE_LOOP('',(#16931,#16932,#16933,#16954));
#16931 = ORIENTED_EDGE('',*,*,#16837,.F.);
#16932 = ORIENTED_EDGE('',*,*,#16728,.T.);
#16933 = ORIENTED_EDGE('',*,*,#16934,.T.);
#16934 = EDGE_CURVE('',#16729,#16886,#16935,.T.);
#16935 = SURFACE_CURVE('',#16936,(#16940,#16947),.PCURVE_S1.);
#16936 = LINE('',#16937,#16938);
#16937 = CARTESIAN_POINT('',(-118.7784843096,305.,47.211456926367));
#16938 = VECTOR('',#16939,1.);
#16939 = DIRECTION('',(0.433883739118,0.,0.900968867902));
#16940 = PCURVE('',#16744,#16941);
#16941 = DEFINITIONAL_REPRESENTATION('',(#16942),#16946);
#16942 = LINE('',#16943,#16944);
#16943 = CARTESIAN_POINT('',(7.,0.));
#16944 = VECTOR('',#16945,1.);
#16945 = DIRECTION('',(0.,1.));
#16946 = ( GEOMETRIC_REPRESENTATION_CONTEXT(2) 
PARAMETRIC_REPRESENTATION_CONTEXT() REPRESENTATION_CONTEXT('2D SPACE',''
  ) );
#16947 = PCURVE('',#16770,#16948);
#16948 = DEFINITIONAL_REPRESENTATION('',(#16949),#16953);
#16949 = LINE('',#16950,#16951);
#16950 = CARTESIAN_POINT('',(0.,280.));
#16951 = VECTOR('',#16952,1.);
#16952 = DIRECTION('',(1.,0.));
#16953 = ( GEOMETRIC_REPRESENTATION_CONTEXT(2) 
PARAMETRIC_REPRESENTATION_CONTEXT() REPRESENTATION_CONTEXT('2D SPACE',''
  ) );
#16954 = ORIENTED_EDGE('',*,*,#16885,.F.);
#16955 = ADVANCED_FACE('',(#16956),#16770,.T.);
#16956 = FACE_BOUND('',#16957,.T.);
#16957 = EDGE_LOOP('',(#16958,#16959,#16980,#16981));
#16958 = ORIENTED_EDGE('',*,*,#16756,.F.);
#16959 = ORIENTED_EDGE('',*,*,#16960,.T.);
#16960 = EDGE_CURVE('',#16668,#16862,#16961,.T.);
#16961 = SURFACE_CURVE('',#16962,(#16966,#16973),.PCURVE_S1.);
#16962 = LINE('',#16963,#16964);
#16963 = CARTESIAN_POINT('',(-118.7784843096,25.,47.211456926367));
#16964 = VECTOR('',#16965,1.);
#16965 = DIRECTION('',(0.433883739118,0.,0.900968867902));
#16966 = PCURVE('',#16770,#16967);
#16967 = DEFINITIONAL_REPRESENTATION('',(#16968),#16972);
#16968 = LINE('',#16969,#16970);
#16969 = CARTESIAN_POINT('',(0.,0.));
#16970 = VECTOR('',#16971,1.);
#16971 = DIRECTION('',(1.,0.));
#16972 = ( GEOMETRIC_REPRESENTATION_CONTEXT(2) 
PARAMETRIC_REPRESENTATION_CONTEXT() REPRESENTATION_CONTEXT('2D SPACE',''
  ) );
#16973 = PCURVE('',#16688,#16974);
#16974 = DEFINITIONAL_REPRESENTATION('',(#16975),#16979);
#16975 = LINE('',#16976,#16977);
#16976 = CARTESIAN_POINT('',(7.,0.));
#16977 = VECTOR('',#16978,1.);
#16978 = DIRECTION('',(0.,1.));
#16979 = ( GEOMETRIC_REPRESENTATION_CONTEXT(2) 
PARAMETRIC_REPRESENTATION_CONTEXT() REPRESENTATION_CONTEXT('2D SPACE',''
  ) );
#16980 = ORIENTED_EDGE('',*,*,#16908,.T.);
#16981 = ORIENTED_EDGE('',*,*,#16934,.F.);
#16982 = ADVANCED_FACE('',(#16983),#16688,.F.);
#16983 = FACE_BOUND('',#16984,.F.);
#16984 = EDGE_LOOP('',(#16985,#16986,#16987,#16988));
#16985 = ORIENTED_EDGE('',*,*,#16786,.F.);
#16986 = ORIENTED_EDGE('',*,*,#16665,.T.);
#16987 = ORIENTED_EDGE('',*,*,#16960,.T.);
#16988 = ORIENTED_EDGE('',*,*,#16861,.F.);
#16989 = MANIFOLD_SOLID_BREP('',#16990);
#16990 = CLOSED_SHELL('',(#16991,#17111,#17187,#17258,#17285,#17312));
#16991 = ADVANCED_FACE('',(#16992),#17006,.F.);
#16992 = FACE_BOUND('',#16993,.F.);
#16993 = EDGE_LOOP('',(#16994,#17029,#17057,#17085));
#16994 = ORIENTED_EDGE('',*,*,#16995,.F.);
#16995 = EDGE_CURVE('',#16996,#16998,#17000,.T.);
#16996 = VERTEX_POINT('',#16997);
#16997 = CARTESIAN_POINT('',(-99.82210185412,25.,68.094037781765));
#16998 = VERTEX_POINT('',#16999);
#16999 = CARTESIAN_POINT('',(-105.2949222314,25.,72.458466394776));
#17000 = SURFACE_CURVE('',#17001,(#17005,#17017),.PCURVE_S1.);
#17001 = LINE('',#17002,#17003);
#17002 = CARTESIAN_POINT('',(-99.82210185412,25.,68.094037781765));
#17003 = VECTOR('',#17004,1.);
#17004 = DIRECTION('',(-0.781831482468,0.,0.623489801859));
#17005 = PCURVE('',#17006,#17011);
#17006 = PLANE('',#17007);
#17007 = AXIS2_PLACEMENT_3D('',#17008,#17009,#17010);
#17008 = CARTESIAN_POINT('',(-99.82210185412,25.,68.094037781765));
#17009 = DIRECTION('',(0.623489801859,0.,0.781831482468));
#17010 = DIRECTION('',(-0.781831482468,0.,0.623489801859));
#17011 = DEFINITIONAL_REPRESENTATION('',(#17012),#17016);
#17012 = LINE('',#17013,#17014);
#17013 = CARTESIAN_POINT('',(0.,0.));
#17014 = VECTOR('',#17015,1.);
#17015 = DIRECTION('',(1.,0.));
#17016 = ( GEOMETRIC_REPRESENTATION_CONTEXT(2) 
PARAMETRIC_REPRESENTATION_CONTEXT() REPRESENTATION_CONTEXT('2D SPACE',''
  ) );
#17017 = PCURVE('',#17018,#17023);
#17018 = PLANE('',#17019);
#17019 = AXIS2_PLACEMENT_3D('',#17020,#17021,#17022);
#17020 = CARTESIAN_POINT('',(-99.82210185412,25.,68.094037781765));
#17021 = DIRECTION('',(0.,1.,0.));
#17022 = DIRECTION('',(-0.781831482468,0.,0.623489801859));
#17023 = DEFINITIONAL_REPRESENTATION('',(#17024),#17028);
#17024 = LINE('',#17025,#17026);
#17025 = CARTESIAN_POINT('',(0.,0.));
#17026 = VECTOR('',#17027,1.);
#17027 = DIRECTION('',(1.,0.));
#17028 = ( GEOMETRIC_REPRESENTATION_CONTEXT(2) 
PARAMETRIC_REPRESENTATION_CONTEXT() REPRESENTATION_CONTEXT('2D SPACE',''
  ) );
#17029 = ORIENTED_EDGE('',*,*,#17030,.T.);
#17030 = EDGE_CURVE('',#16996,#17031,#17033,.T.);
#17031 = VERTEX_POINT('',#17032);
#17032 = CARTESIAN_POINT('',(-99.82210185412,305.,68.094037781765));
#17033 = SURFACE_CURVE('',#17034,(#17038,#17045),.PCURVE_S1.);
#17034 = LINE('',#17035,#17036);
#17035 = CARTESIAN_POINT('',(-99.82210185412,25.,68.094037781765));
#17036 = VECTOR('',#17037,1.);
#17037 = DIRECTION('',(0.,1.,0.));
#17038 = PCURVE('',#17006,#17039);
#17039 = DEFINITIONAL_REPRESENTATION('',(#17040),#17044);
#17040 = LINE('',#17041,#17042);
#17041 = CARTESIAN_POINT('',(0.,0.));
#17042 = VECTOR('',#17043,1.);
#17043 = DIRECTION('',(0.,-1.));
#17044 = ( GEOMETRIC_REPRESENTATION_CONTEXT(2) 
PARAMETRIC_REPRESENTATION_CONTEXT() REPRESENTATION_CONTEXT('2D SPACE',''
  ) );
#17045 = PCURVE('',#17046,#17051);
#17046 = PLANE('',#17047);
#17047 = AXIS2_PLACEMENT_3D('',#17048,#17049,#17050);
#17048 = CARTESIAN_POINT('',(-99.82210185412,25.,68.094037781765));
#17049 = DIRECTION('',(-0.781831482468,0.,0.623489801859));
#17050 = DIRECTION('',(0.623489801859,0.,0.781831482468));
#17051 = DEFINITIONAL_REPRESENTATION('',(#17052),#17056);
#17052 = LINE('',#17053,#17054);
#17053 = CARTESIAN_POINT('',(0.,0.));
#17054 = VECTOR('',#17055,1.);
#17055 = DIRECTION('',(0.,1.));
#17056 = ( GEOMETRIC_REPRESENTATION_CONTEXT(2) 
PARAMETRIC_REPRESENTATION_CONTEXT() REPRESENTATION_CONTEXT('2D SPACE',''
  ) );
#17057 = ORIENTED_EDGE('',*,*,#17058,.T.);
#17058 = EDGE_CURVE('',#17031,#17059,#17061,.T.);
#17059 = VERTEX_POINT('',#17060);
#17060 = CARTESIAN_POINT('',(-105.2949222314,305.,72.458466394776));
#17061 = SURFACE_CURVE('',#17062,(#17066,#17073),.PCURVE_S1.);
#17062 = LINE('',#17063,#17064);
#17063 = CARTESIAN_POINT('',(-99.82210185412,305.,68.094037781765));
#17064 = VECTOR('',#17065,1.);
#17065 = DIRECTION('',(-0.781831482468,0.,0.623489801859));
#17066 = PCURVE('',#17006,#17067);
#17067 = DEFINITIONAL_REPRESENTATION('',(#17068),#17072);
#17068 = LINE('',#17069,#17070);
#17069 = CARTESIAN_POINT('',(0.,-280.));
#17070 = VECTOR('',#17071,1.);
#17071 = DIRECTION('',(1.,0.));
#17072 = ( GEOMETRIC_REPRESENTATION_CONTEXT(2) 
PARAMETRIC_REPRESENTATION_CONTEXT() REPRESENTATION_CONTEXT('2D SPACE',''
  ) );
#17073 = PCURVE('',#17074,#17079);
#17074 = PLANE('',#17075);
#17075 = AXIS2_PLACEMENT_3D('',#17076,#17077,#17078);
#17076 = CARTESIAN_POINT('',(-99.82210185412,305.,68.094037781765));
#17077 = DIRECTION('',(0.,1.,0.));
#17078 = DIRECTION('',(-0.781831482468,0.,0.623489801859));
#17079 = DEFINITIONAL_REPRESENTATION('',(#17080),#17084);
#17080 = LINE('',#17081,#17082);
#17081 = CARTESIAN_POINT('',(0.,0.));
#17082 = VECTOR('',#17083,1.);
#17083 = DIRECTION('',(1.,0.));
#17084 = ( GEOMETRIC_REPRESENTATION_CONTEXT(2) 
PARAMETRIC_REPRESENTATION_CONTEXT() REPRESENTATION_CONTEXT('2D SPACE',''
  ) );
#17085 = ORIENTED_EDGE('',*,*,#17086,.F.);
#17086 = EDGE_CURVE('',#16998,#17059,#17087,.T.);
#17087 = SURFACE_CURVE('',#17088,(#17092,#17099),.PCURVE_S1.);
#17088 = LINE('',#17089,#17090);
#17089 = CARTESIAN_POINT('',(-105.2949222314,25.,72.458466394776));
#17090 = VECTOR('',#17091,1.);
#17091 = DIRECTION('',(0.,1.,0.));
#17092 = PCURVE('',#17006,#17093);
#17093 = DEFINITIONAL_REPRESENTATION('',(#17094),#17098);
#17094 = LINE('',#17095,#17096);
#17095 = CARTESIAN_POINT('',(7.,0.));
#17096 = VECTOR('',#17097,1.);
#17097 = DIRECTION('',(0.,-1.));
#17098 = ( GEOMETRIC_REPRESENTATION_CONTEXT(2) 
PARAMETRIC_REPRESENTATION_CONTEXT() REPRESENTATION_CONTEXT('2D SPACE',''
  ) );
#17099 = PCURVE('',#17100,#17105);
#17100 = PLANE('',#17101);
#17101 = AXIS2_PLACEMENT_3D('',#17102,#17103,#17104);
#17102 = CARTESIAN_POINT('',(-105.2949222314,25.,72.458466394776));
#17103 = DIRECTION('',(-0.781831482468,0.,0.623489801859));
#17104 = DIRECTION('',(0.623489801859,0.,0.781831482468));
#17105 = DEFINITIONAL_REPRESENTATION('',(#17106),#17110);
#17106 = LINE('',#17107,#17108);
#17107 = CARTESIAN_POINT('',(0.,0.));
#17108 = VECTOR('',#17109,1.);
#17109 = DIRECTION('',(0.,1.));
#17110 = ( GEOMETRIC_REPRESENTATION_CONTEXT(2) 
PARAMETRIC_REPRESENTATION_CONTEXT() REPRESENTATION_CONTEXT('2D SPACE',''
  ) );
#17111 = ADVANCED_FACE('',(#17112),#17046,.F.);
#17112 = FACE_BOUND('',#17113,.F.);
#17113 = EDGE_LOOP('',(#17114,#17115,#17138,#17166));
#17114 = ORIENTED_EDGE('',*,*,#17030,.F.);
#17115 = ORIENTED_EDGE('',*,*,#17116,.T.);
#17116 = EDGE_CURVE('',#16996,#17117,#17119,.T.);
#17117 = VERTEX_POINT('',#17118);
#17118 = CARTESIAN_POINT('',(-88.59928542066,25.,82.16700446619));
#17119 = SURFACE_CURVE('',#17120,(#17124,#17131),.PCURVE_S1.);
#17120 = LINE('',#17121,#17122);
#17121 = CARTESIAN_POINT('',(-99.82210185412,25.,68.094037781765));
#17122 = VECTOR('',#17123,1.);
#17123 = DIRECTION('',(0.623489801859,0.,0.781831482468));
#17124 = PCURVE('',#17046,#17125);
#17125 = DEFINITIONAL_REPRESENTATION('',(#17126),#17130);
#17126 = LINE('',#17127,#17128);
#17127 = CARTESIAN_POINT('',(0.,0.));
#17128 = VECTOR('',#17129,1.);
#17129 = DIRECTION('',(1.,0.));
#17130 = ( GEOMETRIC_REPRESENTATION_CONTEXT(2) 
PARAMETRIC_REPRESENTATION_CONTEXT() REPRESENTATION_CONTEXT('2D SPACE',''
  ) );
#17131 = PCURVE('',#17018,#17132);
#17132 = DEFINITIONAL_REPRESENTATION('',(#17133),#17137);
#17133 = LINE('',#17134,#17135);
#17134 = CARTESIAN_POINT('',(0.,0.));
#17135 = VECTOR('',#17136,1.);
#17136 = DIRECTION('',(0.,1.));
#17137 = ( GEOMETRIC_REPRESENTATION_CONTEXT(2) 
PARAMETRIC_REPRESENTATION_CONTEXT() REPRESENTATION_CONTEXT('2D SPACE',''
  ) );
#17138 = ORIENTED_EDGE('',*,*,#17139,.T.);
#17139 = EDGE_CURVE('',#17117,#17140,#17142,.T.);
#17140 = VERTEX_POINT('',#17141);
#17141 = CARTESIAN_POINT('',(-88.59928542066,305.,82.16700446619));
#17142 = SURFACE_CURVE('',#17143,(#17147,#17154),.PCURVE_S1.);
#17143 = LINE('',#17144,#17145);
#17144 = CARTESIAN_POINT('',(-88.59928542066,25.,82.16700446619));
#17145 = VECTOR('',#17146,1.);
#17146 = DIRECTION('',(0.,1.,0.));
#17147 = PCURVE('',#17046,#17148);
#17148 = DEFINITIONAL_REPRESENTATION('',(#17149),#17153);
#17149 = LINE('',#17150,#17151);
#17150 = CARTESIAN_POINT('',(18.,0.));
#17151 = VECTOR('',#17152,1.);
#17152 = DIRECTION('',(0.,1.));
#17153 = ( GEOMETRIC_REPRESENTATION_CONTEXT(2) 
PARAMETRIC_REPRESENTATION_CONTEXT() REPRESENTATION_CONTEXT('2D SPACE',''
  ) );
#17154 = PCURVE('',#17155,#17160);
#17155 = PLANE('',#17156);
#17156 = AXIS2_PLACEMENT_3D('',#17157,#17158,#17159);
#17157 = CARTESIAN_POINT('',(-88.59928542066,25.,82.16700446619));
#17158 = DIRECTION('',(0.623489801859,0.,0.781831482468));
#17159 = DIRECTION('',(-0.781831482468,0.,0.623489801859));
#17160 = DEFINITIONAL_REPRESENTATION('',(#17161),#17165);
#17161 = LINE('',#17162,#17163);
#17162 = CARTESIAN_POINT('',(0.,0.));
#17163 = VECTOR('',#17164,1.);
#17164 = DIRECTION('',(0.,-1.));
#17165 = ( GEOMETRIC_REPRESENTATION_CONTEXT(2) 
PARAMETRIC_REPRESENTATION_CONTEXT() REPRESENTATION_CONTEXT('2D SPACE',''
  ) );
#17166 = ORIENTED_EDGE('',*,*,#17167,.F.);
#17167 = EDGE_CURVE('',#17031,#17140,#17168,.T.);
#17168 = SURFACE_CURVE('',#17169,(#17173,#17180),.PCURVE_S1.);
#17169 = LINE('',#17170,#17171);
#17170 = CARTESIAN_POINT('',(-99.82210185412,305.,68.094037781765));
#17171 = VECTOR('',#17172,1.);
#17172 = DIRECTION('',(0.623489801859,0.,0.781831482468));
#17173 = PCURVE('',#17046,#17174);
#17174 = DEFINITIONAL_REPRESENTATION('',(#17175),#17179);
#17175 = LINE('',#17176,#17177);
#17176 = CARTESIAN_POINT('',(0.,280.));
#17177 = VECTOR('',#17178,1.);
#17178 = DIRECTION('',(1.,0.));
#17179 = ( GEOMETRIC_REPRESENTATION_CONTEXT(2) 
PARAMETRIC_REPRESENTATION_CONTEXT() REPRESENTATION_CONTEXT('2D SPACE',''
  ) );
#17180 = PCURVE('',#17074,#17181);
#17181 = DEFINITIONAL_REPRESENTATION('',(#17182),#17186);
#17182 = LINE('',#17183,#17184);
#17183 = CARTESIAN_POINT('',(0.,0.));
#17184 = VECTOR('',#17185,1.);
#17185 = DIRECTION('',(0.,1.));
#17186 = ( GEOMETRIC_REPRESENTATION_CONTEXT(2) 
PARAMETRIC_REPRESENTATION_CONTEXT() REPRESENTATION_CONTEXT('2D SPACE',''
  ) );
#17187 = ADVANCED_FACE('',(#17188),#17155,.T.);
#17188 = FACE_BOUND('',#17189,.T.);
#17189 = EDGE_LOOP('',(#17190,#17213,#17214,#17237));
#17190 = ORIENTED_EDGE('',*,*,#17191,.F.);
#17191 = EDGE_CURVE('',#17117,#17192,#17194,.T.);
#17192 = VERTEX_POINT('',#17193);
#17193 = CARTESIAN_POINT('',(-94.07210579794,25.,86.531433079201));
#17194 = SURFACE_CURVE('',#17195,(#17199,#17206),.PCURVE_S1.);
#17195 = LINE('',#17196,#17197);
#17196 = CARTESIAN_POINT('',(-88.59928542066,25.,82.16700446619));
#17197 = VECTOR('',#17198,1.);
#17198 = DIRECTION('',(-0.781831482468,0.,0.623489801859));
#17199 = PCURVE('',#17155,#17200);
#17200 = DEFINITIONAL_REPRESENTATION('',(#17201),#17205);
#17201 = LINE('',#17202,#17203);
#17202 = CARTESIAN_POINT('',(0.,0.));
#17203 = VECTOR('',#17204,1.);
#17204 = DIRECTION('',(1.,0.));
#17205 = ( GEOMETRIC_REPRESENTATION_CONTEXT(2) 
PARAMETRIC_REPRESENTATION_CONTEXT() REPRESENTATION_CONTEXT('2D SPACE',''
  ) );
#17206 = PCURVE('',#17018,#17207);
#17207 = DEFINITIONAL_REPRESENTATION('',(#17208),#17212);
#17208 = LINE('',#17209,#17210);
#17209 = CARTESIAN_POINT('',(0.,18.));
#17210 = VECTOR('',#17211,1.);
#17211 = DIRECTION('',(1.,0.));
#17212 = ( GEOMETRIC_REPRESENTATION_CONTEXT(2) 
PARAMETRIC_REPRESENTATION_CONTEXT() REPRESENTATION_CONTEXT('2D SPACE',''
  ) );
#17213 = ORIENTED_EDGE('',*,*,#17139,.T.);
#17214 = ORIENTED_EDGE('',*,*,#17215,.T.);
#17215 = EDGE_CURVE('',#17140,#17216,#17218,.T.);
#17216 = VERTEX_POINT('',#17217);
#17217 = CARTESIAN_POINT('',(-94.07210579794,305.,86.531433079201));
#17218 = SURFACE_CURVE('',#17219,(#17223,#17230),.PCURVE_S1.);
#17219 = LINE('',#17220,#17221);
#17220 = CARTESIAN_POINT('',(-88.59928542066,305.,82.16700446619));
#17221 = VECTOR('',#17222,1.);
#17222 = DIRECTION('',(-0.781831482468,0.,0.623489801859));
#17223 = PCURVE('',#17155,#17224);
#17224 = DEFINITIONAL_REPRESENTATION('',(#17225),#17229);
#17225 = LINE('',#17226,#17227);
#17226 = CARTESIAN_POINT('',(0.,-280.));
#17227 = VECTOR('',#17228,1.);
#17228 = DIRECTION('',(1.,0.));
#17229 = ( GEOMETRIC_REPRESENTATION_CONTEXT(2) 
PARAMETRIC_REPRESENTATION_CONTEXT() REPRESENTATION_CONTEXT('2D SPACE',''
  ) );
#17230 = PCURVE('',#17074,#17231);
#17231 = DEFINITIONAL_REPRESENTATION('',(#17232),#17236);
#17232 = LINE('',#17233,#17234);
#17233 = CARTESIAN_POINT('',(0.,18.));
#17234 = VECTOR('',#17235,1.);
#17235 = DIRECTION('',(1.,0.));
#17236 = ( GEOMETRIC_REPRESENTATION_CONTEXT(2) 
PARAMETRIC_REPRESENTATION_CONTEXT() REPRESENTATION_CONTEXT('2D SPACE',''
  ) );
#17237 = ORIENTED_EDGE('',*,*,#17238,.F.);
#17238 = EDGE_CURVE('',#17192,#17216,#17239,.T.);
#17239 = SURFACE_CURVE('',#17240,(#17244,#17251),.PCURVE_S1.);
#17240 = LINE('',#17241,#17242);
#17241 = CARTESIAN_POINT('',(-94.07210579794,25.,86.531433079201));
#17242 = VECTOR('',#17243,1.);
#17243 = DIRECTION('',(0.,1.,0.));
#17244 = PCURVE('',#17155,#17245);
#17245 = DEFINITIONAL_REPRESENTATION('',(#17246),#17250);
#17246 = LINE('',#17247,#17248);
#17247 = CARTESIAN_POINT('',(7.,0.));
#17248 = VECTOR('',#17249,1.);
#17249 = DIRECTION('',(0.,-1.));
#17250 = ( GEOMETRIC_REPRESENTATION_CONTEXT(2) 
PARAMETRIC_REPRESENTATION_CONTEXT() REPRESENTATION_CONTEXT('2D SPACE',''
  ) );
#17251 = PCURVE('',#17100,#17252);
#17252 = DEFINITIONAL_REPRESENTATION('',(#17253),#17257);
#17253 = LINE('',#17254,#17255);
#17254 = CARTESIAN_POINT('',(18.,0.));
#17255 = VECTOR('',#17256,1.);
#17256 = DIRECTION('',(0.,1.));
#17257 = ( GEOMETRIC_REPRESENTATION_CONTEXT(2) 
PARAMETRIC_REPRESENTATION_CONTEXT() REPRESENTATION_CONTEXT('2D SPACE',''
  ) );
#17258 = ADVANCED_FACE('',(#17259),#17074,.T.);
#17259 = FACE_BOUND('',#17260,.T.);
#17260 = EDGE_LOOP('',(#17261,#17262,#17263,#17284));
#17261 = ORIENTED_EDGE('',*,*,#17167,.F.);
#17262 = ORIENTED_EDGE('',*,*,#17058,.T.);
#17263 = ORIENTED_EDGE('',*,*,#17264,.T.);
#17264 = EDGE_CURVE('',#17059,#17216,#17265,.T.);
#17265 = SURFACE_CURVE('',#17266,(#17270,#17277),.PCURVE_S1.);
#17266 = LINE('',#17267,#17268);
#17267 = CARTESIAN_POINT('',(-105.2949222314,305.,72.458466394776));
#17268 = VECTOR('',#17269,1.);
#17269 = DIRECTION('',(0.623489801859,0.,0.781831482468));
#17270 = PCURVE('',#17074,#17271);
#17271 = DEFINITIONAL_REPRESENTATION('',(#17272),#17276);
#17272 = LINE('',#17273,#17274);
#17273 = CARTESIAN_POINT('',(7.,0.));
#17274 = VECTOR('',#17275,1.);
#17275 = DIRECTION('',(0.,1.));
#17276 = ( GEOMETRIC_REPRESENTATION_CONTEXT(2) 
PARAMETRIC_REPRESENTATION_CONTEXT() REPRESENTATION_CONTEXT('2D SPACE',''
  ) );
#17277 = PCURVE('',#17100,#17278);
#17278 = DEFINITIONAL_REPRESENTATION('',(#17279),#17283);
#17279 = LINE('',#17280,#17281);
#17280 = CARTESIAN_POINT('',(0.,280.));
#17281 = VECTOR('',#17282,1.);
#17282 = DIRECTION('',(1.,0.));
#17283 = ( GEOMETRIC_REPRESENTATION_CONTEXT(2) 
PARAMETRIC_REPRESENTATION_CONTEXT() REPRESENTATION_CONTEXT('2D SPACE',''
  ) );
#17284 = ORIENTED_EDGE('',*,*,#17215,.F.);
#17285 = ADVANCED_FACE('',(#17286),#17100,.T.);
#17286 = FACE_BOUND('',#17287,.T.);
#17287 = EDGE_LOOP('',(#17288,#17289,#17310,#17311));
#17288 = ORIENTED_EDGE('',*,*,#17086,.F.);
#17289 = ORIENTED_EDGE('',*,*,#17290,.T.);
#17290 = EDGE_CURVE('',#16998,#17192,#17291,.T.);
#17291 = SURFACE_CURVE('',#17292,(#17296,#17303),.PCURVE_S1.);
#17292 = LINE('',#17293,#17294);
#17293 = CARTESIAN_POINT('',(-105.2949222314,25.,72.458466394776));
#17294 = VECTOR('',#17295,1.);
#17295 = DIRECTION('',(0.623489801859,0.,0.781831482468));
#17296 = PCURVE('',#17100,#17297);
#17297 = DEFINITIONAL_REPRESENTATION('',(#17298),#17302);
#17298 = LINE('',#17299,#17300);
#17299 = CARTESIAN_POINT('',(0.,0.));
#17300 = VECTOR('',#17301,1.);
#17301 = DIRECTION('',(1.,0.));
#17302 = ( GEOMETRIC_REPRESENTATION_CONTEXT(2) 
PARAMETRIC_REPRESENTATION_CONTEXT() REPRESENTATION_CONTEXT('2D SPACE',''
  ) );
#17303 = PCURVE('',#17018,#17304);
#17304 = DEFINITIONAL_REPRESENTATION('',(#17305),#17309);
#17305 = LINE('',#17306,#17307);
#17306 = CARTESIAN_POINT('',(7.,0.));
#17307 = VECTOR('',#17308,1.);
#17308 = DIRECTION('',(0.,1.));
#17309 = ( GEOMETRIC_REPRESENTATION_CONTEXT(2) 
PARAMETRIC_REPRESENTATION_CONTEXT() REPRESENTATION_CONTEXT('2D SPACE',''
  ) );
#17310 = ORIENTED_EDGE('',*,*,#17238,.T.);
#17311 = ORIENTED_EDGE('',*,*,#17264,.F.);
#17312 = ADVANCED_FACE('',(#17313),#17018,.F.);
#17313 = FACE_BOUND('',#17314,.F.);
#17314 = EDGE_LOOP('',(#17315,#17316,#17317,#17318));
#17315 = ORIENTED_EDGE('',*,*,#17116,.F.);
#17316 = ORIENTED_EDGE('',*,*,#16995,.T.);
#17317 = ORIENTED_EDGE('',*,*,#17290,.T.);
#17318 = ORIENTED_EDGE('',*,*,#17191,.F.);
#17319 = MANIFOLD_SOLID_BREP('',#17320);
#17320 = CLOSED_SHELL('',(#17321,#17441,#17517,#17588,#17615,#17642));
#17321 = ADVANCED_FACE('',(#17322),#17336,.F.);
#17322 = FACE_BOUND('',#17323,.F.);
#17323 = EDGE_LOOP('',(#17324,#17359,#17387,#17415));
#17324 = ORIENTED_EDGE('',*,*,#17325,.F.);
#17325 = EDGE_CURVE('',#17326,#17328,#17330,.T.);
#17326 = VERTEX_POINT('',#17327);
#17327 = CARTESIAN_POINT('',(-82.16700446619,25.,88.599285420669));
#17328 = VERTEX_POINT('',#17329);
#17329 = CARTESIAN_POINT('',(-86.5314330792,25.,94.072105797945));
#17330 = SURFACE_CURVE('',#17331,(#17335,#17347),.PCURVE_S1.);
#17331 = LINE('',#17332,#17333);
#17332 = CARTESIAN_POINT('',(-82.16700446619,25.,88.599285420669));
#17333 = VECTOR('',#17334,1.);
#17334 = DIRECTION('',(-0.623489801859,0.,0.781831482468));
#17335 = PCURVE('',#17336,#17341);
#17336 = PLANE('',#17337);
#17337 = AXIS2_PLACEMENT_3D('',#17338,#17339,#17340);
#17338 = CARTESIAN_POINT('',(-82.16700446619,25.,88.599285420669));
#17339 = DIRECTION('',(0.781831482468,0.,0.623489801859));
#17340 = DIRECTION('',(-0.623489801859,0.,0.781831482468));
#17341 = DEFINITIONAL_REPRESENTATION('',(#17342),#17346);
#17342 = LINE('',#17343,#17344);
#17343 = CARTESIAN_POINT('',(0.,0.));
#17344 = VECTOR('',#17345,1.);
#17345 = DIRECTION('',(1.,0.));
#17346 = ( GEOMETRIC_REPRESENTATION_CONTEXT(2) 
PARAMETRIC_REPRESENTATION_CONTEXT() REPRESENTATION_CONTEXT('2D SPACE',''
  ) );
#17347 = PCURVE('',#17348,#17353);
#17348 = PLANE('',#17349);
#17349 = AXIS2_PLACEMENT_3D('',#17350,#17351,#17352);
#17350 = CARTESIAN_POINT('',(-82.16700446619,25.,88.599285420669));
#17351 = DIRECTION('',(0.,1.,0.));
#17352 = DIRECTION('',(-0.623489801859,0.,0.781831482468));
#17353 = DEFINITIONAL_REPRESENTATION('',(#17354),#17358);
#17354 = LINE('',#17355,#17356);
#17355 = CARTESIAN_POINT('',(0.,0.));
#17356 = VECTOR('',#17357,1.);
#17357 = DIRECTION('',(1.,0.));
#17358 = ( GEOMETRIC_REPRESENTATION_CONTEXT(2) 
PARAMETRIC_REPRESENTATION_CONTEXT() REPRESENTATION_CONTEXT('2D SPACE',''
  ) );
#17359 = ORIENTED_EDGE('',*,*,#17360,.T.);
#17360 = EDGE_CURVE('',#17326,#17361,#17363,.T.);
#17361 = VERTEX_POINT('',#17362);
#17362 = CARTESIAN_POINT('',(-82.16700446619,305.,88.599285420669));
#17363 = SURFACE_CURVE('',#17364,(#17368,#17375),.PCURVE_S1.);
#17364 = LINE('',#17365,#17366);
#17365 = CARTESIAN_POINT('',(-82.16700446619,25.,88.599285420669));
#17366 = VECTOR('',#17367,1.);
#17367 = DIRECTION('',(0.,1.,0.));
#17368 = PCURVE('',#17336,#17369);
#17369 = DEFINITIONAL_REPRESENTATION('',(#17370),#17374);
#17370 = LINE('',#17371,#17372);
#17371 = CARTESIAN_POINT('',(0.,0.));
#17372 = VECTOR('',#17373,1.);
#17373 = DIRECTION('',(0.,-1.));
#17374 = ( GEOMETRIC_REPRESENTATION_CONTEXT(2) 
PARAMETRIC_REPRESENTATION_CONTEXT() REPRESENTATION_CONTEXT('2D SPACE',''
  ) );
#17375 = PCURVE('',#17376,#17381);
#17376 = PLANE('',#17377);
#17377 = AXIS2_PLACEMENT_3D('',#17378,#17379,#17380);
#17378 = CARTESIAN_POINT('',(-82.16700446619,25.,88.599285420669));
#17379 = DIRECTION('',(-0.623489801859,0.,0.781831482468));
#17380 = DIRECTION('',(0.781831482468,0.,0.623489801859));
#17381 = DEFINITIONAL_REPRESENTATION('',(#17382),#17386);
#17382 = LINE('',#17383,#17384);
#17383 = CARTESIAN_POINT('',(0.,0.));
#17384 = VECTOR('',#17385,1.);
#17385 = DIRECTION('',(0.,1.));
#17386 = ( GEOMETRIC_REPRESENTATION_CONTEXT(2) 
PARAMETRIC_REPRESENTATION_CONTEXT() REPRESENTATION_CONTEXT('2D SPACE',''
  ) );
#17387 = ORIENTED_EDGE('',*,*,#17388,.T.);
#17388 = EDGE_CURVE('',#17361,#17389,#17391,.T.);
#17389 = VERTEX_POINT('',#17390);
#17390 = CARTESIAN_POINT('',(-86.5314330792,305.,94.072105797945));
#17391 = SURFACE_CURVE('',#17392,(#17396,#17403),.PCURVE_S1.);
#17392 = LINE('',#17393,#17394);
#17393 = CARTESIAN_POINT('',(-82.16700446619,305.,88.599285420669));
#17394 = VECTOR('',#17395,1.);
#17395 = DIRECTION('',(-0.623489801859,0.,0.781831482468));
#17396 = PCURVE('',#17336,#17397);
#17397 = DEFINITIONAL_REPRESENTATION('',(#17398),#17402);
#17398 = LINE('',#17399,#17400);
#17399 = CARTESIAN_POINT('',(0.,-280.));
#17400 = VECTOR('',#17401,1.);
#17401 = DIRECTION('',(1.,0.));
#17402 = ( GEOMETRIC_REPRESENTATION_CONTEXT(2) 
PARAMETRIC_REPRESENTATION_CONTEXT() REPRESENTATION_CONTEXT('2D SPACE',''
  ) );
#17403 = PCURVE('',#17404,#17409);
#17404 = PLANE('',#17405);
#17405 = AXIS2_PLACEMENT_3D('',#17406,#17407,#17408);
#17406 = CARTESIAN_POINT('',(-82.16700446619,305.,88.599285420669));
#17407 = DIRECTION('',(0.,1.,0.));
#17408 = DIRECTION('',(-0.623489801859,0.,0.781831482468));
#17409 = DEFINITIONAL_REPRESENTATION('',(#17410),#17414);
#17410 = LINE('',#17411,#17412);
#17411 = CARTESIAN_POINT('',(0.,0.));
#17412 = VECTOR('',#17413,1.);
#17413 = DIRECTION('',(1.,0.));
#17414 = ( GEOMETRIC_REPRESENTATION_CONTEXT(2) 
PARAMETRIC_REPRESENTATION_CONTEXT() REPRESENTATION_CONTEXT('2D SPACE',''
  ) );
#17415 = ORIENTED_EDGE('',*,*,#17416,.F.);
#17416 = EDGE_CURVE('',#17328,#17389,#17417,.T.);
#17417 = SURFACE_CURVE('',#17418,(#17422,#17429),.PCURVE_S1.);
#17418 = LINE('',#17419,#17420);
#17419 = CARTESIAN_POINT('',(-86.5314330792,25.,94.072105797945));
#17420 = VECTOR('',#17421,1.);
#17421 = DIRECTION('',(0.,1.,0.));
#17422 = PCURVE('',#17336,#17423);
#17423 = DEFINITIONAL_REPRESENTATION('',(#17424),#17428);
#17424 = LINE('',#17425,#17426);
#17425 = CARTESIAN_POINT('',(7.,0.));
#17426 = VECTOR('',#17427,1.);
#17427 = DIRECTION('',(0.,-1.));
#17428 = ( GEOMETRIC_REPRESENTATION_CONTEXT(2) 
PARAMETRIC_REPRESENTATION_CONTEXT() REPRESENTATION_CONTEXT('2D SPACE',''
  ) );
#17429 = PCURVE('',#17430,#17435);
#17430 = PLANE('',#17431);
#17431 = AXIS2_PLACEMENT_3D('',#17432,#17433,#17434);
#17432 = CARTESIAN_POINT('',(-86.5314330792,25.,94.072105797945));
#17433 = DIRECTION('',(-0.623489801859,0.,0.781831482468));
#17434 = DIRECTION('',(0.781831482468,0.,0.623489801859));
#17435 = DEFINITIONAL_REPRESENTATION('',(#17436),#17440);
#17436 = LINE('',#17437,#17438);
#17437 = CARTESIAN_POINT('',(0.,0.));
#17438 = VECTOR('',#17439,1.);
#17439 = DIRECTION('',(0.,1.));
#17440 = ( GEOMETRIC_REPRESENTATION_CONTEXT(2) 
PARAMETRIC_REPRESENTATION_CONTEXT() REPRESENTATION_CONTEXT('2D SPACE',''
  ) );
#17441 = ADVANCED_FACE('',(#17442),#17376,.F.);
#17442 = FACE_BOUND('',#17443,.F.);
#17443 = EDGE_LOOP('',(#17444,#17445,#17468,#17496));
#17444 = ORIENTED_EDGE('',*,*,#17360,.F.);
#17445 = ORIENTED_EDGE('',*,*,#17446,.T.);
#17446 = EDGE_CURVE('',#17326,#17447,#17449,.T.);
#17447 = VERTEX_POINT('',#17448);
#17448 = CARTESIAN_POINT('',(-68.09403778176,25.,99.822101854126));
#17449 = SURFACE_CURVE('',#17450,(#17454,#17461),.PCURVE_S1.);
#17450 = LINE('',#17451,#17452);
#17451 = CARTESIAN_POINT('',(-82.16700446619,25.,88.599285420669));
#17452 = VECTOR('',#17453,1.);
#17453 = DIRECTION('',(0.781831482468,0.,0.623489801859));
#17454 = PCURVE('',#17376,#17455);
#17455 = DEFINITIONAL_REPRESENTATION('',(#17456),#17460);
#17456 = LINE('',#17457,#17458);
#17457 = CARTESIAN_POINT('',(0.,0.));
#17458 = VECTOR('',#17459,1.);
#17459 = DIRECTION('',(1.,0.));
#17460 = ( GEOMETRIC_REPRESENTATION_CONTEXT(2) 
PARAMETRIC_REPRESENTATION_CONTEXT() REPRESENTATION_CONTEXT('2D SPACE',''
  ) );
#17461 = PCURVE('',#17348,#17462);
#17462 = DEFINITIONAL_REPRESENTATION('',(#17463),#17467);
#17463 = LINE('',#17464,#17465);
#17464 = CARTESIAN_POINT('',(0.,0.));
#17465 = VECTOR('',#17466,1.);
#17466 = DIRECTION('',(0.,1.));
#17467 = ( GEOMETRIC_REPRESENTATION_CONTEXT(2) 
PARAMETRIC_REPRESENTATION_CONTEXT() REPRESENTATION_CONTEXT('2D SPACE',''
  ) );
#17468 = ORIENTED_EDGE('',*,*,#17469,.T.);
#17469 = EDGE_CURVE('',#17447,#17470,#17472,.T.);
#17470 = VERTEX_POINT('',#17471);
#17471 = CARTESIAN_POINT('',(-68.09403778176,305.,99.822101854126));
#17472 = SURFACE_CURVE('',#17473,(#17477,#17484),.PCURVE_S1.);
#17473 = LINE('',#17474,#17475);
#17474 = CARTESIAN_POINT('',(-68.09403778176,25.,99.822101854126));
#17475 = VECTOR('',#17476,1.);
#17476 = DIRECTION('',(0.,1.,0.));
#17477 = PCURVE('',#17376,#17478);
#17478 = DEFINITIONAL_REPRESENTATION('',(#17479),#17483);
#17479 = LINE('',#17480,#17481);
#17480 = CARTESIAN_POINT('',(18.,0.));
#17481 = VECTOR('',#17482,1.);
#17482 = DIRECTION('',(0.,1.));
#17483 = ( GEOMETRIC_REPRESENTATION_CONTEXT(2) 
PARAMETRIC_REPRESENTATION_CONTEXT() REPRESENTATION_CONTEXT('2D SPACE',''
  ) );
#17484 = PCURVE('',#17485,#17490);
#17485 = PLANE('',#17486);
#17486 = AXIS2_PLACEMENT_3D('',#17487,#17488,#17489);
#17487 = CARTESIAN_POINT('',(-68.09403778176,25.,99.822101854126));
#17488 = DIRECTION('',(0.781831482468,0.,0.623489801859));
#17489 = DIRECTION('',(-0.623489801859,0.,0.781831482468));
#17490 = DEFINITIONAL_REPRESENTATION('',(#17491),#17495);
#17491 = LINE('',#17492,#17493);
#17492 = CARTESIAN_POINT('',(0.,0.));
#17493 = VECTOR('',#17494,1.);
#17494 = DIRECTION('',(0.,-1.));
#17495 = ( GEOMETRIC_REPRESENTATION_CONTEXT(2) 
PARAMETRIC_REPRESENTATION_CONTEXT() REPRESENTATION_CONTEXT('2D SPACE',''
  ) );
#17496 = ORIENTED_EDGE('',*,*,#17497,.F.);
#17497 = EDGE_CURVE('',#17361,#17470,#17498,.T.);
#17498 = SURFACE_CURVE('',#17499,(#17503,#17510),.PCURVE_S1.);
#17499 = LINE('',#17500,#17501);
#17500 = CARTESIAN_POINT('',(-82.16700446619,305.,88.599285420669));
#17501 = VECTOR('',#17502,1.);
#17502 = DIRECTION('',(0.781831482468,0.,0.623489801859));
#17503 = PCURVE('',#17376,#17504);
#17504 = DEFINITIONAL_REPRESENTATION('',(#17505),#17509);
#17505 = LINE('',#17506,#17507);
#17506 = CARTESIAN_POINT('',(0.,280.));
#17507 = VECTOR('',#17508,1.);
#17508 = DIRECTION('',(1.,0.));
#17509 = ( GEOMETRIC_REPRESENTATION_CONTEXT(2) 
PARAMETRIC_REPRESENTATION_CONTEXT() REPRESENTATION_CONTEXT('2D SPACE',''
  ) );
#17510 = PCURVE('',#17404,#17511);
#17511 = DEFINITIONAL_REPRESENTATION('',(#17512),#17516);
#17512 = LINE('',#17513,#17514);
#17513 = CARTESIAN_POINT('',(0.,0.));
#17514 = VECTOR('',#17515,1.);
#17515 = DIRECTION('',(0.,1.));
#17516 = ( GEOMETRIC_REPRESENTATION_CONTEXT(2) 
PARAMETRIC_REPRESENTATION_CONTEXT() REPRESENTATION_CONTEXT('2D SPACE',''
  ) );
#17517 = ADVANCED_FACE('',(#17518),#17485,.T.);
#17518 = FACE_BOUND('',#17519,.T.);
#17519 = EDGE_LOOP('',(#17520,#17543,#17544,#17567));
#17520 = ORIENTED_EDGE('',*,*,#17521,.F.);
#17521 = EDGE_CURVE('',#17447,#17522,#17524,.T.);
#17522 = VERTEX_POINT('',#17523);
#17523 = CARTESIAN_POINT('',(-72.45846639477,25.,105.2949222314));
#17524 = SURFACE_CURVE('',#17525,(#17529,#17536),.PCURVE_S1.);
#17525 = LINE('',#17526,#17527);
#17526 = CARTESIAN_POINT('',(-68.09403778176,25.,99.822101854126));
#17527 = VECTOR('',#17528,1.);
#17528 = DIRECTION('',(-0.623489801859,0.,0.781831482468));
#17529 = PCURVE('',#17485,#17530);
#17530 = DEFINITIONAL_REPRESENTATION('',(#17531),#17535);
#17531 = LINE('',#17532,#17533);
#17532 = CARTESIAN_POINT('',(0.,0.));
#17533 = VECTOR('',#17534,1.);
#17534 = DIRECTION('',(1.,0.));
#17535 = ( GEOMETRIC_REPRESENTATION_CONTEXT(2) 
PARAMETRIC_REPRESENTATION_CONTEXT() REPRESENTATION_CONTEXT('2D SPACE',''
  ) );
#17536 = PCURVE('',#17348,#17537);
#17537 = DEFINITIONAL_REPRESENTATION('',(#17538),#17542);
#17538 = LINE('',#17539,#17540);
#17539 = CARTESIAN_POINT('',(0.,18.));
#17540 = VECTOR('',#17541,1.);
#17541 = DIRECTION('',(1.,0.));
#17542 = ( GEOMETRIC_REPRESENTATION_CONTEXT(2) 
PARAMETRIC_REPRESENTATION_CONTEXT() REPRESENTATION_CONTEXT('2D SPACE',''
  ) );
#17543 = ORIENTED_EDGE('',*,*,#17469,.T.);
#17544 = ORIENTED_EDGE('',*,*,#17545,.T.);
#17545 = EDGE_CURVE('',#17470,#17546,#17548,.T.);
#17546 = VERTEX_POINT('',#17547);
#17547 = CARTESIAN_POINT('',(-72.45846639477,305.,105.2949222314));
#17548 = SURFACE_CURVE('',#17549,(#17553,#17560),.PCURVE_S1.);
#17549 = LINE('',#17550,#17551);
#17550 = CARTESIAN_POINT('',(-68.09403778176,305.,99.822101854126));
#17551 = VECTOR('',#17552,1.);
#17552 = DIRECTION('',(-0.623489801859,0.,0.781831482468));
#17553 = PCURVE('',#17485,#17554);
#17554 = DEFINITIONAL_REPRESENTATION('',(#17555),#17559);
#17555 = LINE('',#17556,#17557);
#17556 = CARTESIAN_POINT('',(0.,-280.));
#17557 = VECTOR('',#17558,1.);
#17558 = DIRECTION('',(1.,0.));
#17559 = ( GEOMETRIC_REPRESENTATION_CONTEXT(2) 
PARAMETRIC_REPRESENTATION_CONTEXT() REPRESENTATION_CONTEXT('2D SPACE',''
  ) );
#17560 = PCURVE('',#17404,#17561);
#17561 = DEFINITIONAL_REPRESENTATION('',(#17562),#17566);
#17562 = LINE('',#17563,#17564);
#17563 = CARTESIAN_POINT('',(0.,18.));
#17564 = VECTOR('',#17565,1.);
#17565 = DIRECTION('',(1.,0.));
#17566 = ( GEOMETRIC_REPRESENTATION_CONTEXT(2) 
PARAMETRIC_REPRESENTATION_CONTEXT() REPRESENTATION_CONTEXT('2D SPACE',''
  ) );
#17567 = ORIENTED_EDGE('',*,*,#17568,.F.);
#17568 = EDGE_CURVE('',#17522,#17546,#17569,.T.);
#17569 = SURFACE_CURVE('',#17570,(#17574,#17581),.PCURVE_S1.);
#17570 = LINE('',#17571,#17572);
#17571 = CARTESIAN_POINT('',(-72.45846639477,25.,105.2949222314));
#17572 = VECTOR('',#17573,1.);
#17573 = DIRECTION('',(0.,1.,0.));
#17574 = PCURVE('',#17485,#17575);
#17575 = DEFINITIONAL_REPRESENTATION('',(#17576),#17580);
#17576 = LINE('',#17577,#17578);
#17577 = CARTESIAN_POINT('',(7.,0.));
#17578 = VECTOR('',#17579,1.);
#17579 = DIRECTION('',(0.,-1.));
#17580 = ( GEOMETRIC_REPRESENTATION_CONTEXT(2) 
PARAMETRIC_REPRESENTATION_CONTEXT() REPRESENTATION_CONTEXT('2D SPACE',''
  ) );
#17581 = PCURVE('',#17430,#17582);
#17582 = DEFINITIONAL_REPRESENTATION('',(#17583),#17587);
#17583 = LINE('',#17584,#17585);
#17584 = CARTESIAN_POINT('',(18.,0.));
#17585 = VECTOR('',#17586,1.);
#17586 = DIRECTION('',(0.,1.));
#17587 = ( GEOMETRIC_REPRESENTATION_CONTEXT(2) 
PARAMETRIC_REPRESENTATION_CONTEXT() REPRESENTATION_CONTEXT('2D SPACE',''
  ) );
#17588 = ADVANCED_FACE('',(#17589),#17404,.T.);
#17589 = FACE_BOUND('',#17590,.T.);
#17590 = EDGE_LOOP('',(#17591,#17592,#17593,#17614));
#17591 = ORIENTED_EDGE('',*,*,#17497,.F.);
#17592 = ORIENTED_EDGE('',*,*,#17388,.T.);
#17593 = ORIENTED_EDGE('',*,*,#17594,.T.);
#17594 = EDGE_CURVE('',#17389,#17546,#17595,.T.);
#17595 = SURFACE_CURVE('',#17596,(#17600,#17607),.PCURVE_S1.);
#17596 = LINE('',#17597,#17598);
#17597 = CARTESIAN_POINT('',(-86.5314330792,305.,94.072105797945));
#17598 = VECTOR('',#17599,1.);
#17599 = DIRECTION('',(0.781831482468,0.,0.623489801859));
#17600 = PCURVE('',#17404,#17601);
#17601 = DEFINITIONAL_REPRESENTATION('',(#17602),#17606);
#17602 = LINE('',#17603,#17604);
#17603 = CARTESIAN_POINT('',(7.,0.));
#17604 = VECTOR('',#17605,1.);
#17605 = DIRECTION('',(0.,1.));
#17606 = ( GEOMETRIC_REPRESENTATION_CONTEXT(2) 
PARAMETRIC_REPRESENTATION_CONTEXT() REPRESENTATION_CONTEXT('2D SPACE',''
  ) );
#17607 = PCURVE('',#17430,#17608);
#17608 = DEFINITIONAL_REPRESENTATION('',(#17609),#17613);
#17609 = LINE('',#17610,#17611);
#17610 = CARTESIAN_POINT('',(0.,280.));
#17611 = VECTOR('',#17612,1.);
#17612 = DIRECTION('',(1.,0.));
#17613 = ( GEOMETRIC_REPRESENTATION_CONTEXT(2) 
PARAMETRIC_REPRESENTATION_CONTEXT() REPRESENTATION_CONTEXT('2D SPACE',''
  ) );
#17614 = ORIENTED_EDGE('',*,*,#17545,.F.);
#17615 = ADVANCED_FACE('',(#17616),#17430,.T.);
#17616 = FACE_BOUND('',#17617,.T.);
#17617 = EDGE_LOOP('',(#17618,#17619,#17640,#17641));
#17618 = ORIENTED_EDGE('',*,*,#17416,.F.);
#17619 = ORIENTED_EDGE('',*,*,#17620,.T.);
#17620 = EDGE_CURVE('',#17328,#17522,#17621,.T.);
#17621 = SURFACE_CURVE('',#17622,(#17626,#17633),.PCURVE_S1.);
#17622 = LINE('',#17623,#17624);
#17623 = CARTESIAN_POINT('',(-86.5314330792,25.,94.072105797945));
#17624 = VECTOR('',#17625,1.);
#17625 = DIRECTION('',(0.781831482468,0.,0.623489801859));
#17626 = PCURVE('',#17430,#17627);
#17627 = DEFINITIONAL_REPRESENTATION('',(#17628),#17632);
#17628 = LINE('',#17629,#17630);
#17629 = CARTESIAN_POINT('',(0.,0.));
#17630 = VECTOR('',#17631,1.);
#17631 = DIRECTION('',(1.,0.));
#17632 = ( GEOMETRIC_REPRESENTATION_CONTEXT(2) 
PARAMETRIC_REPRESENTATION_CONTEXT() REPRESENTATION_CONTEXT('2D SPACE',''
  ) );
#17633 = PCURVE('',#17348,#17634);
#17634 = DEFINITIONAL_REPRESENTATION('',(#17635),#17639);
#17635 = LINE('',#17636,#17637);
#17636 = CARTESIAN_POINT('',(7.,0.));
#17637 = VECTOR('',#17638,1.);
#17638 = DIRECTION('',(0.,1.));
#17639 = ( GEOMETRIC_REPRESENTATION_CONTEXT(2) 
PARAMETRIC_REPRESENTATION_CONTEXT() REPRESENTATION_CONTEXT('2D SPACE',''
  ) );
#17640 = ORIENTED_EDGE('',*,*,#17568,.T.);
#17641 = ORIENTED_EDGE('',*,*,#17594,.F.);
#17642 = ADVANCED_FACE('',(#17643),#17348,.F.);
#17643 = FACE_BOUND('',#17644,.F.);
#17644 = EDGE_LOOP('',(#17645,#17646,#17647,#17648));
#17645 = ORIENTED_EDGE('',*,*,#17446,.F.);
#17646 = ORIENTED_EDGE('',*,*,#17325,.T.);
#17647 = ORIENTED_EDGE('',*,*,#17620,.T.);
#17648 = ORIENTED_EDGE('',*,*,#17521,.F.);
#17649 = ( GEOMETRIC_REPRESENTATION_CONTEXT(3) 
GLOBAL_UNCERTAINTY_ASSIGNED_CONTEXT((#17653)) 
GLOBAL_UNIT_ASSIGNED_CONTEXT((#17650,#17651,#17652)) 
REPRESENTATION_CONTEXT('Context #1',
  '3D Context with UNIT and UNCERTAINTY') );
#17650 = ( LENGTH_UNIT() NAMED_UNIT(*) SI_UNIT(.MILLI.,.METRE.) );
#17651 = ( NAMED_UNIT(*) PLANE_ANGLE_UNIT() SI_UNIT($,.RADIAN.) );
#17652 = ( NAMED_UNIT(*) SI_UNIT($,.STERADIAN.) SOLID_ANGLE_UNIT() );
#17653 = UNCERTAINTY_MEASURE_WITH_UNIT(LENGTH_MEASURE(2.E-07),#17650,
  'distance_accuracy_value','confusion accuracy');
#17654 = PRODUCT_RELATED_PRODUCT_CATEGORY('part',$,(#7));
ENDSEC;
END-ISO-10303-21;
